race_key,date,jo_code,jo_name,race_no,car_no,line_no,line_position,is_seri
20260727_取手_1R,20260727,23,取手,1,1,2,1,0
20260727_取手_1R,20260727,23,取手,1,2,1,1,0
20260727_取手_1R,20260727,23,取手,1,3,1,3,0
20260727_取手_1R,20260727,23,取手,1,4,3,1,0
20260727_取手_1R,20260727,23,取手,1,5,1,2,0
20260727_取手_1R,20260727,23,取手,1,6,4,1,0
20260727_取手_1R,20260727,23,取手,1,7,,,0
20260727_取手_1R,20260727,23,取手,1,8,,,0
20260727_取手_1R,20260727,23,取手,1,9,,,0
20260727_取手_2R,20260727,23,取手,2,1,2,1,0
20260727_取手_2R,20260727,23,取手,2,2,3,2,0
20260727_取手_2R,20260727,23,取手,2,3,1,1,0
20260727_取手_2R,20260727,23,取手,2,4,3,1,0
20260727_取手_2R,20260727,23,取手,2,5,1,2,0
20260727_取手_2R,20260727,23,取手,2,6,1,3,0
20260727_取手_2R,20260727,23,取手,2,7,4,1,0
20260727_取手_2R,20260727,23,取手,2,8,,,0
20260727_取手_2R,20260727,23,取手,2,9,,,0
20260727_取手_3R,20260727,23,取手,3,1,1,3,0
20260727_取手_3R,20260727,23,取手,3,2,3,2,0
20260727_取手_3R,20260727,23,取手,3,3,1,1,0
20260727_取手_3R,20260727,23,取手,3,4,3,1,0
20260727_取手_3R,20260727,23,取手,3,5,1,2,0
20260727_取手_3R,20260727,23,取手,3,6,2,1,0
20260727_取手_3R,20260727,23,取手,3,7,3,3,0
20260727_取手_3R,20260727,23,取手,3,8,,,0
20260727_取手_3R,20260727,23,取手,3,9,,,0
20260727_取手_4R,20260727,23,取手,4,1,1,2,1
20260727_取手_4R,20260727,23,取手,4,2,1,1,0
20260727_取手_4R,20260727,23,取手,4,3,1,3,0
20260727_取手_4R,20260727,23,取手,4,4,2,1,0
20260727_取手_4R,20260727,23,取手,4,5,1,5,0
20260727_取手_4R,20260727,23,取手,4,6,1,4,0
20260727_取手_4R,20260727,23,取手,4,7,1,2,1
20260727_取手_4R,20260727,23,取手,4,8,,,0
20260727_取手_4R,20260727,23,取手,4,9,,,0
20260727_取手_5R,20260727,23,取手,5,1,1,1,0
20260727_取手_5R,20260727,23,取手,5,2,2,2,0
20260727_取手_5R,20260727,23,取手,5,3,3,1,0
20260727_取手_5R,20260727,23,取手,5,4,1,3,0
20260727_取手_5R,20260727,23,取手,5,5,2,1,0
20260727_取手_5R,20260727,23,取手,5,6,1,2,0
20260727_取手_5R,20260727,23,取手,5,7,3,2,0
20260727_取手_5R,20260727,23,取手,5,8,,,0
20260727_取手_5R,20260727,23,取手,5,9,,,0
20260727_取手_6R,20260727,23,取手,6,1,3,2,0
20260727_取手_6R,20260727,23,取手,6,2,1,1,0
20260727_取手_6R,20260727,23,取手,6,3,2,1,0
20260727_取手_6R,20260727,23,取手,6,4,1,2,0
20260727_取手_6R,20260727,23,取手,6,5,3,1,0
20260727_取手_6R,20260727,23,取手,6,6,2,2,0
20260727_取手_6R,20260727,23,取手,6,7,1,3,0
20260727_取手_6R,20260727,23,取手,6,8,,,0
20260727_取手_6R,20260727,23,取手,6,9,,,0
20260727_取手_7R,20260727,23,取手,7,1,1,2,0
20260727_取手_7R,20260727,23,取手,7,2,2,2,0
20260727_取手_7R,20260727,23,取手,7,3,3,2,0
20260727_取手_7R,20260727,23,取手,7,4,1,1,0
20260727_取手_7R,20260727,23,取手,7,5,3,1,0
20260727_取手_7R,20260727,23,取手,7,6,2,1,0
20260727_取手_7R,20260727,23,取手,7,7,1,3,0
20260727_取手_7R,20260727,23,取手,7,8,,,0
20260727_取手_7R,20260727,23,取手,7,9,,,0
20260727_奈良_10R,20260727,53,奈良,10,1,3,1,0
20260727_奈良_10R,20260727,53,奈良,10,2,4,1,0
20260727_奈良_10R,20260727,53,奈良,10,3,5,1,0
20260727_奈良_10R,20260727,53,奈良,10,4,2,1,0
20260727_奈良_10R,20260727,53,奈良,10,5,6,1,0
20260727_奈良_10R,20260727,53,奈良,10,6,1,1,0
20260727_奈良_10R,20260727,53,奈良,10,7,7,1,0
20260727_奈良_10R,20260727,53,奈良,10,8,,,0
20260727_奈良_10R,20260727,53,奈良,10,9,,,0
20260727_奈良_11R,20260727,53,奈良,11,1,3,2,0
20260727_奈良_11R,20260727,53,奈良,11,2,1,2,0
20260727_奈良_11R,20260727,53,奈良,11,3,3,3,0
20260727_奈良_11R,20260727,53,奈良,11,4,2,1,0
20260727_奈良_11R,20260727,53,奈良,11,5,3,4,0
20260727_奈良_11R,20260727,53,奈良,11,6,1,1,0
20260727_奈良_11R,20260727,53,奈良,11,7,3,1,0
20260727_奈良_11R,20260727,53,奈良,11,8,,,0
20260727_奈良_11R,20260727,53,奈良,11,9,,,0
20260727_奈良_12R,20260727,53,奈良,12,1,1,2,0
20260727_奈良_12R,20260727,53,奈良,12,2,2,3,0
20260727_奈良_12R,20260727,53,奈良,12,3,3,2,0
20260727_奈良_12R,20260727,53,奈良,12,4,2,1,0
20260727_奈良_12R,20260727,53,奈良,12,5,2,2,0
20260727_奈良_12R,20260727,53,奈良,12,6,3,1,0
20260727_奈良_12R,20260727,53,奈良,12,7,1,1,0
20260727_奈良_12R,20260727,53,奈良,12,8,,,0
20260727_奈良_12R,20260727,53,奈良,12,9,,,0
20260727_奈良_1R,20260727,53,奈良,1,1,3,2,0
20260727_奈良_1R,20260727,53,奈良,1,2,1,2,0
20260727_奈良_1R,20260727,53,奈良,1,3,2,1,0
20260727_奈良_1R,20260727,53,奈良,1,4,1,1,0
20260727_奈良_1R,20260727,53,奈良,1,5,4,1,0
20260727_奈良_1R,20260727,53,奈良,1,6,2,2,0
20260727_奈良_1R,20260727,53,奈良,1,7,3,1,0
20260727_奈良_1R,20260727,53,奈良,1,8,,,0
20260727_奈良_1R,20260727,53,奈良,1,9,,,0
20260727_奈良_2R,20260727,53,奈良,2,1,1,2,0
20260727_奈良_2R,20260727,53,奈良,2,2,2,1,0
20260727_奈良_2R,20260727,53,奈良,2,3,3,1,0
20260727_奈良_2R,20260727,53,奈良,2,4,4,1,0
20260727_奈良_2R,20260727,53,奈良,2,5,1,3,0
20260727_奈良_2R,20260727,53,奈良,2,6,3,2,0
20260727_奈良_2R,20260727,53,奈良,2,7,1,1,0
20260727_奈良_2R,20260727,53,奈良,2,8,,,0
20260727_奈良_2R,20260727,53,奈良,2,9,,,0
20260727_奈良_3R,20260727,53,奈良,3,1,3,1,0
20260727_奈良_3R,20260727,53,奈良,3,2,1,2,0
20260727_奈良_3R,20260727,53,奈良,3,3,2,1,0
20260727_奈良_3R,20260727,53,奈良,3,4,1,3,0
20260727_奈良_3R,20260727,53,奈良,3,5,4,1,0
20260727_奈良_3R,20260727,53,奈良,3,6,1,1,0
20260727_奈良_3R,20260727,53,奈良,3,7,5,1,0
20260727_奈良_3R,20260727,53,奈良,3,8,,,0
20260727_奈良_3R,20260727,53,奈良,3,9,,,0
20260727_奈良_4R,20260727,53,奈良,4,1,1,1,0
20260727_奈良_4R,20260727,53,奈良,4,2,2,2,0
20260727_奈良_4R,20260727,53,奈良,4,3,3,1,0
20260727_奈良_4R,20260727,53,奈良,4,4,1,3,0
20260727_奈良_4R,20260727,53,奈良,4,5,2,1,0
20260727_奈良_4R,20260727,53,奈良,4,6,3,2,0
20260727_奈良_4R,20260727,53,奈良,4,7,1,2,0
20260727_奈良_4R,20260727,53,奈良,4,8,,,0
20260727_奈良_4R,20260727,53,奈良,4,9,,,0
20260727_奈良_5R,20260727,53,奈良,5,1,2,1,0
20260727_奈良_5R,20260727,53,奈良,5,2,6,1,0
20260727_奈良_5R,20260727,53,奈良,5,3,1,1,0
20260727_奈良_5R,20260727,53,奈良,5,4,4,1,0
20260727_奈良_5R,20260727,53,奈良,5,5,3,1,0
20260727_奈良_5R,20260727,53,奈良,5,6,7,1,0
20260727_奈良_5R,20260727,53,奈良,5,7,5,1,0
20260727_奈良_5R,20260727,53,奈良,5,8,,,0
20260727_奈良_5R,20260727,53,奈良,5,9,,,0
20260727_奈良_6R,20260727,53,奈良,6,1,1,2,0
20260727_奈良_6R,20260727,53,奈良,6,2,2,1,0
20260727_奈良_6R,20260727,53,奈良,6,3,3,1,0
20260727_奈良_6R,20260727,53,奈良,6,4,2,2,0
20260727_奈良_6R,20260727,53,奈良,6,5,1,1,0
20260727_奈良_6R,20260727,53,奈良,6,6,2,3,0
20260727_奈良_6R,20260727,53,奈良,6,7,,,0
20260727_奈良_6R,20260727,53,奈良,6,8,,,0
20260727_奈良_6R,20260727,53,奈良,6,9,,,0
20260727_奈良_7R,20260727,53,奈良,7,1,2,2,0
20260727_奈良_7R,20260727,53,奈良,7,2,3,1,0
20260727_奈良_7R,20260727,53,奈良,7,3,1,2,0
20260727_奈良_7R,20260727,53,奈良,7,4,2,1,0
20260727_奈良_7R,20260727,53,奈良,7,5,1,1,0
20260727_奈良_7R,20260727,53,奈良,7,6,3,2,0
20260727_奈良_7R,20260727,53,奈良,7,7,1,3,0
20260727_奈良_7R,20260727,53,奈良,7,8,,,0
20260727_奈良_7R,20260727,53,奈良,7,9,,,0
20260727_奈良_8R,20260727,53,奈良,8,1,2,1,0
20260727_奈良_8R,20260727,53,奈良,8,2,3,1,0
20260727_奈良_8R,20260727,53,奈良,8,3,1,2,0
20260727_奈良_8R,20260727,53,奈良,8,4,3,3,0
20260727_奈良_8R,20260727,53,奈良,8,5,3,2,0
20260727_奈良_8R,20260727,53,奈良,8,6,1,1,0
20260727_奈良_8R,20260727,53,奈良,8,7,2,2,0
20260727_奈良_8R,20260727,53,奈良,8,8,,,0
20260727_奈良_8R,20260727,53,奈良,8,9,,,0
20260727_奈良_9R,20260727,53,奈良,9,1,1,1,0
20260727_奈良_9R,20260727,53,奈良,9,2,3,2,0
20260727_奈良_9R,20260727,53,奈良,9,3,2,1,0
20260727_奈良_9R,20260727,53,奈良,9,4,4,1,0
20260727_奈良_9R,20260727,53,奈良,9,5,5,1,0
20260727_奈良_9R,20260727,53,奈良,9,6,1,2,0
20260727_奈良_9R,20260727,53,奈良,9,7,3,1,0
20260727_奈良_9R,20260727,53,奈良,9,8,,,0
20260727_奈良_9R,20260727,53,奈良,9,9,,,0
20260727_広島_1R,20260727,62,広島,1,1,2,1,0
20260727_広島_1R,20260727,62,広島,1,2,1,2,0
20260727_広島_1R,20260727,62,広島,1,3,3,2,0
20260727_広島_1R,20260727,62,広島,1,4,3,1,0
20260727_広島_1R,20260727,62,広島,1,5,2,2,0
20260727_広島_1R,20260727,62,広島,1,6,3,3,0
20260727_広島_1R,20260727,62,広島,1,7,1,1,0
20260727_広島_1R,20260727,62,広島,1,8,,,0
20260727_広島_1R,20260727,62,広島,1,9,,,0
20260727_広島_2R,20260727,62,広島,2,1,1,2,0
20260727_広島_2R,20260727,62,広島,2,2,2,2,0
20260727_広島_2R,20260727,62,広島,2,3,2,3,0
20260727_広島_2R,20260727,62,広島,2,4,1,1,0
20260727_広島_2R,20260727,62,広島,2,5,2,1,0
20260727_広島_2R,20260727,62,広島,2,6,1,3,0
20260727_広島_2R,20260727,62,広島,2,7,3,1,0
20260727_広島_2R,20260727,62,広島,2,8,,,0
20260727_広島_2R,20260727,62,広島,2,9,,,0
20260727_広島_3R,20260727,62,広島,3,1,1,2,0
20260727_広島_3R,20260727,62,広島,3,2,2,2,0
20260727_広島_3R,20260727,62,広島,3,3,3,2,0
20260727_広島_3R,20260727,62,広島,3,4,3,1,0
20260727_広島_3R,20260727,62,広島,3,5,1,1,0
20260727_広島_3R,20260727,62,広島,3,6,2,1,0
20260727_広島_3R,20260727,62,広島,3,7,1,3,0
20260727_広島_3R,20260727,62,広島,3,8,,,0
20260727_広島_3R,20260727,62,広島,3,9,,,0
20260727_広島_4R,20260727,62,広島,4,1,2,2,0
20260727_広島_4R,20260727,62,広島,4,2,1,1,0
20260727_広島_4R,20260727,62,広島,4,3,3,2,0
20260727_広島_4R,20260727,62,広島,4,4,1,2,0
20260727_広島_4R,20260727,62,広島,4,5,2,1,0
20260727_広島_4R,20260727,62,広島,4,6,2,3,0
20260727_広島_4R,20260727,62,広島,4,7,3,1,0
20260727_広島_4R,20260727,62,広島,4,8,,,0
20260727_広島_4R,20260727,62,広島,4,9,,,0
20260727_広島_5R,20260727,62,広島,5,1,1,1,0
20260727_広島_5R,20260727,62,広島,5,2,2,2,0
20260727_広島_5R,20260727,62,広島,5,3,2,3,0
20260727_広島_5R,20260727,62,広島,5,4,3,1,0
20260727_広島_5R,20260727,62,広島,5,5,3,2,0
20260727_広島_5R,20260727,62,広島,5,6,1,2,0
20260727_広島_5R,20260727,62,広島,5,7,2,1,0
20260727_広島_5R,20260727,62,広島,5,8,,,0
20260727_広島_5R,20260727,62,広島,5,9,,,0
20260727_広島_6R,20260727,62,広島,6,1,1,1,0
20260727_広島_6R,20260727,62,広島,6,2,3,1,0
20260727_広島_6R,20260727,62,広島,6,3,4,1,0
20260727_広島_6R,20260727,62,広島,6,4,2,1,0
20260727_広島_6R,20260727,62,広島,6,5,6,1,0
20260727_広島_6R,20260727,62,広島,6,6,5,1,0
20260727_広島_6R,20260727,62,広島,6,7,,,0
20260727_広島_6R,20260727,62,広島,6,8,,,0
20260727_広島_6R,20260727,62,広島,6,9,,,0
20260727_広島_7R,20260727,62,広島,7,1,6,1,0
20260727_広島_7R,20260727,62,広島,7,2,3,1,0
20260727_広島_7R,20260727,62,広島,7,3,7,1,0
20260727_広島_7R,20260727,62,広島,7,4,4,1,0
20260727_広島_7R,20260727,62,広島,7,5,1,1,0
20260727_広島_7R,20260727,62,広島,7,6,2,1,0
20260727_広島_7R,20260727,62,広島,7,7,5,1,0
20260727_広島_7R,20260727,62,広島,7,8,,,0
20260727_広島_7R,20260727,62,広島,7,9,,,0
20260727_松山_1R,20260727,75,松山,1,1,1,2,0
20260727_松山_1R,20260727,75,松山,1,2,3,2,0
20260727_松山_1R,20260727,75,松山,1,3,3,1,0
20260727_松山_1R,20260727,75,松山,1,4,1,1,0
20260727_松山_1R,20260727,75,松山,1,5,1,3,0
20260727_松山_1R,20260727,75,松山,1,6,3,3,0
20260727_松山_1R,20260727,75,松山,1,7,2,1,0
20260727_松山_1R,20260727,75,松山,1,8,,,0
20260727_松山_1R,20260727,75,松山,1,9,,,0
20260727_松山_2R,20260727,75,松山,2,1,1,2,0
20260727_松山_2R,20260727,75,松山,2,2,1,1,0
20260727_松山_2R,20260727,75,松山,2,3,2,1,0
20260727_松山_2R,20260727,75,松山,2,4,2,2,0
20260727_松山_2R,20260727,75,松山,2,5,1,3,0
20260727_松山_2R,20260727,75,松山,2,6,3,1,0
20260727_松山_2R,20260727,75,松山,2,7,1,4,0
20260727_松山_2R,20260727,75,松山,2,8,,,0
20260727_松山_2R,20260727,75,松山,2,9,,,0
20260727_松山_3R,20260727,75,松山,3,1,2,1,0
20260727_松山_3R,20260727,75,松山,3,2,2,2,0
20260727_松山_3R,20260727,75,松山,3,3,1,2,0
20260727_松山_3R,20260727,75,松山,3,4,1,1,0
20260727_松山_3R,20260727,75,松山,3,5,3,1,0
20260727_松山_3R,20260727,75,松山,3,6,2,3,0
20260727_松山_3R,20260727,75,松山,3,7,3,2,0
20260727_松山_3R,20260727,75,松山,3,8,,,0
20260727_松山_3R,20260727,75,松山,3,9,,,0
20260727_松山_4R,20260727,75,松山,4,1,1,3,0
20260727_松山_4R,20260727,75,松山,4,2,2,1,0
20260727_松山_4R,20260727,75,松山,4,3,1,2,0
20260727_松山_4R,20260727,75,松山,4,4,3,1,0
20260727_松山_4R,20260727,75,松山,4,5,1,1,0
20260727_松山_4R,20260727,75,松山,4,6,3,2,0
20260727_松山_4R,20260727,75,松山,4,7,4,1,0
20260727_松山_4R,20260727,75,松山,4,8,,,0
20260727_松山_4R,20260727,75,松山,4,9,,,0
20260727_松山_5R,20260727,75,松山,5,1,1,1,0
20260727_松山_5R,20260727,75,松山,5,2,1,2,0
20260727_松山_5R,20260727,75,松山,5,3,2,1,0
20260727_松山_5R,20260727,75,松山,5,4,3,2,0
20260727_松山_5R,20260727,75,松山,5,5,2,2,0
20260727_松山_5R,20260727,75,松山,5,6,1,3,0
20260727_松山_5R,20260727,75,松山,5,7,3,1,0
20260727_松山_5R,20260727,75,松山,5,8,,,0
20260727_松山_5R,20260727,75,松山,5,9,,,0
20260727_松山_6R,20260727,75,松山,6,1,1,2,0
20260727_松山_6R,20260727,75,松山,6,2,2,2,0
20260727_松山_6R,20260727,75,松山,6,3,3,2,0
20260727_松山_6R,20260727,75,松山,6,4,1,3,0
20260727_松山_6R,20260727,75,松山,6,5,1,1,0
20260727_松山_6R,20260727,75,松山,6,6,3,1,0
20260727_松山_6R,20260727,75,松山,6,7,2,1,0
20260727_松山_6R,20260727,75,松山,6,8,,,0
20260727_松山_6R,20260727,75,松山,6,9,,,0
20260727_松山_7R,20260727,75,松山,7,1,1,2,0
20260727_松山_7R,20260727,75,松山,7,2,1,1,0
20260727_松山_7R,20260727,75,松山,7,3,3,1,0
20260727_松山_7R,20260727,75,松山,7,4,1,3,0
20260727_松山_7R,20260727,75,松山,7,5,3,2,0
20260727_松山_7R,20260727,75,松山,7,6,2,1,0
20260727_松山_7R,20260727,75,松山,7,7,3,3,0
20260727_松山_7R,20260727,75,松山,7,8,,,0
20260727_松山_7R,20260727,75,松山,7,9,,,0
20260727_松山_8R,20260727,75,松山,8,1,1,1,0
20260727_松山_8R,20260727,75,松山,8,2,1,2,0
20260727_松山_8R,20260727,75,松山,8,3,2,1,0
20260727_松山_8R,20260727,75,松山,8,4,2,2,0
20260727_松山_8R,20260727,75,松山,8,5,3,1,0
20260727_松山_8R,20260727,75,松山,8,6,4,2,0
20260727_松山_8R,20260727,75,松山,8,7,4,1,0
20260727_松山_8R,20260727,75,松山,8,8,,,0
20260727_松山_8R,20260727,75,松山,8,9,,,0
20260727_松山_9R,20260727,75,松山,9,1,2,1,0
20260727_松山_9R,20260727,75,松山,9,2,1,1,0
20260727_松山_9R,20260727,75,松山,9,3,2,2,0
20260727_松山_9R,20260727,75,松山,9,4,3,2,0
20260727_松山_9R,20260727,75,松山,9,5,1,2,0
20260727_松山_9R,20260727,75,松山,9,6,3,1,0
20260727_松山_9R,20260727,75,松山,9,7,3,3,0
20260727_松山_9R,20260727,75,松山,9,8,,,0
20260727_松山_9R,20260727,75,松山,9,9,,,0
20260727_武雄_1R,20260727,84,武雄,1,1,1,1,0
20260727_武雄_1R,20260727,84,武雄,1,2,2,2,0
20260727_武雄_1R,20260727,84,武雄,1,3,2,3,0
20260727_武雄_1R,20260727,84,武雄,1,4,3,1,0
20260727_武雄_1R,20260727,84,武雄,1,5,1,2,0
20260727_武雄_1R,20260727,84,武雄,1,6,2,1,0
20260727_武雄_1R,20260727,84,武雄,1,7,4,1,0
20260727_武雄_1R,20260727,84,武雄,1,8,,,0
20260727_武雄_1R,20260727,84,武雄,1,9,,,0
20260727_武雄_2R,20260727,84,武雄,2,1,1,2,0
20260727_武雄_2R,20260727,84,武雄,2,2,2,1,0
20260727_武雄_2R,20260727,84,武雄,2,3,3,1,0
20260727_武雄_2R,20260727,84,武雄,2,4,3,3,0
20260727_武雄_2R,20260727,84,武雄,2,5,1,1,0
20260727_武雄_2R,20260727,84,武雄,2,6,3,2,0
20260727_武雄_2R,20260727,84,武雄,2,7,4,1,0
20260727_武雄_2R,20260727,84,武雄,2,8,,,0
20260727_武雄_2R,20260727,84,武雄,2,9,,,0
20260727_武雄_3R,20260727,84,武雄,3,1,1,2,0
20260727_武雄_3R,20260727,84,武雄,3,2,2,2,0
20260727_武雄_3R,20260727,84,武雄,3,3,1,1,0
20260727_武雄_3R,20260727,84,武雄,3,4,2,1,0
20260727_武雄_3R,20260727,84,武雄,3,5,3,3,0
20260727_武雄_3R,20260727,84,武雄,3,6,3,1,0
20260727_武雄_3R,20260727,84,武雄,3,7,3,2,0
20260727_武雄_3R,20260727,84,武雄,3,8,,,0
20260727_武雄_3R,20260727,84,武雄,3,9,,,0
20260727_武雄_4R,20260727,84,武雄,4,1,1,3,0
20260727_武雄_4R,20260727,84,武雄,4,2,2,2,0
20260727_武雄_4R,20260727,84,武雄,4,3,1,1,0
20260727_武雄_4R,20260727,84,武雄,4,4,2,3,0
20260727_武雄_4R,20260727,84,武雄,4,5,1,4,0
20260727_武雄_4R,20260727,84,武雄,4,6,1,2,0
20260727_武雄_4R,20260727,84,武雄,4,7,2,1,0
20260727_武雄_4R,20260727,84,武雄,4,8,,,0
20260727_武雄_4R,20260727,84,武雄,4,9,,,0
20260727_武雄_5R,20260727,84,武雄,5,1,1,1,0
20260727_武雄_5R,20260727,84,武雄,5,2,2,2,0
20260727_武雄_5R,20260727,84,武雄,5,3,1,2,0
20260727_武雄_5R,20260727,84,武雄,5,4,3,2,0
20260727_武雄_5R,20260727,84,武雄,5,5,1,3,0
20260727_武雄_5R,20260727,84,武雄,5,6,3,1,0
20260727_武雄_5R,20260727,84,武雄,5,7,2,1,0
20260727_武雄_5R,20260727,84,武雄,5,8,,,0
20260727_武雄_5R,20260727,84,武雄,5,9,,,0
20260727_武雄_6R,20260727,84,武雄,6,1,1,2,0
20260727_武雄_6R,20260727,84,武雄,6,2,1,1,0
20260727_武雄_6R,20260727,84,武雄,6,3,2,1,0
20260727_武雄_6R,20260727,84,武雄,6,4,2,2,0
20260727_武雄_6R,20260727,84,武雄,6,5,3,2,0
20260727_武雄_6R,20260727,84,武雄,6,6,1,3,0
20260727_武雄_6R,20260727,84,武雄,6,7,3,1,0
20260727_武雄_6R,20260727,84,武雄,6,8,,,0
20260727_武雄_6R,20260727,84,武雄,6,9,,,0
20260727_武雄_7R,20260727,84,武雄,7,1,1,2,0
20260727_武雄_7R,20260727,84,武雄,7,2,1,1,0
20260727_武雄_7R,20260727,84,武雄,7,3,1,3,0
20260727_武雄_7R,20260727,84,武雄,7,4,2,1,0
20260727_武雄_7R,20260727,84,武雄,7,5,2,3,0
20260727_武雄_7R,20260727,84,武雄,7,6,2,2,0
20260727_武雄_7R,20260727,84,武雄,7,7,1,4,0
20260727_武雄_7R,20260727,84,武雄,7,8,,,0
20260727_武雄_7R,20260727,84,武雄,7,9,,,0
20260727_武雄_8R,20260727,84,武雄,8,1,1,2,0
20260727_武雄_8R,20260727,84,武雄,8,2,2,3,0
20260727_武雄_8R,20260727,84,武雄,8,3,2,1,0
20260727_武雄_8R,20260727,84,武雄,8,4,1,4,0
20260727_武雄_8R,20260727,84,武雄,8,5,1,1,0
20260727_武雄_8R,20260727,84,武雄,8,6,1,3,0
20260727_武雄_8R,20260727,84,武雄,8,7,2,2,0
20260727_武雄_8R,20260727,84,武雄,8,8,,,0
20260727_武雄_8R,20260727,84,武雄,8,9,,,0
20260727_武雄_9R,20260727,84,武雄,9,1,1,1,0
20260727_武雄_9R,20260727,84,武雄,9,2,3,2,0
20260727_武雄_9R,20260727,84,武雄,9,3,2,1,0
20260727_武雄_9R,20260727,84,武雄,9,4,3,3,0
20260727_武雄_9R,20260727,84,武雄,9,5,2,2,0
20260727_武雄_9R,20260727,84,武雄,9,6,3,1,0
20260727_武雄_9R,20260727,84,武雄,9,7,1,2,0
20260727_武雄_9R,20260727,84,武雄,9,8,,,0
20260727_武雄_9R,20260727,84,武雄,9,9,,,0
20260727_玉野_10R,20260727,61,玉野,10,1,1,3,0
20260727_玉野_10R,20260727,61,玉野,10,2,2,2,0
20260727_玉野_10R,20260727,61,玉野,10,3,3,2,0
20260727_玉野_10R,20260727,61,玉野,10,4,1,1,0
20260727_玉野_10R,20260727,61,玉野,10,5,3,1,0
20260727_玉野_10R,20260727,61,玉野,10,6,1,2,0
20260727_玉野_10R,20260727,61,玉野,10,7,2,1,0
20260727_玉野_10R,20260727,61,玉野,10,8,,,0
20260727_玉野_10R,20260727,61,玉野,10,9,,,0
20260727_玉野_11R,20260727,61,玉野,11,1,1,1,0
20260727_玉野_11R,20260727,61,玉野,11,2,3,2,0
20260727_玉野_11R,20260727,61,玉野,11,3,1,3,0
20260727_玉野_11R,20260727,61,玉野,11,4,3,1,0
20260727_玉野_11R,20260727,61,玉野,11,5,2,1,0
20260727_玉野_11R,20260727,61,玉野,11,6,3,3,0
20260727_玉野_11R,20260727,61,玉野,11,7,1,2,0
20260727_玉野_11R,20260727,61,玉野,11,8,,,0
20260727_玉野_11R,20260727,61,玉野,11,9,,,0
20260727_玉野_12R,20260727,61,玉野,12,1,3,2,0
20260727_玉野_12R,20260727,61,玉野,12,2,1,1,0
20260727_玉野_12R,20260727,61,玉野,12,3,4,1,0
20260727_玉野_12R,20260727,61,玉野,12,4,2,1,0
20260727_玉野_12R,20260727,61,玉野,12,5,1,2,0
20260727_玉野_12R,20260727,61,玉野,12,6,4,2,0
20260727_玉野_12R,20260727,61,玉野,12,7,3,1,0
20260727_玉野_12R,20260727,61,玉野,12,8,,,0
20260727_玉野_12R,20260727,61,玉野,12,9,,,0
20260727_玉野_1R,20260727,61,玉野,1,1,2,1,0
20260727_玉野_1R,20260727,61,玉野,1,2,1,3,0
20260727_玉野_1R,20260727,61,玉野,1,3,3,1,0
20260727_玉野_1R,20260727,61,玉野,1,4,3,2,0
20260727_玉野_1R,20260727,61,玉野,1,5,1,2,0
20260727_玉野_1R,20260727,61,玉野,1,6,3,3,0
20260727_玉野_1R,20260727,61,玉野,1,7,1,1,0
20260727_玉野_1R,20260727,61,玉野,1,8,,,0
20260727_玉野_1R,20260727,61,玉野,1,9,,,0
20260727_玉野_2R,20260727,61,玉野,2,1,1,1,0
20260727_玉野_2R,20260727,61,玉野,2,2,3,1,0
20260727_玉野_2R,20260727,61,玉野,2,3,2,2,0
20260727_玉野_2R,20260727,61,玉野,2,4,4,2,0
20260727_玉野_2R,20260727,61,玉野,2,5,1,2,0
20260727_玉野_2R,20260727,61,玉野,2,6,4,1,0
20260727_玉野_2R,20260727,61,玉野,2,7,2,1,0
20260727_玉野_2R,20260727,61,玉野,2,8,,,0
20260727_玉野_2R,20260727,61,玉野,2,9,,,0
20260727_玉野_3R,20260727,61,玉野,3,1,1,1,0
20260727_玉野_3R,20260727,61,玉野,3,2,2,2,0
20260727_玉野_3R,20260727,61,玉野,3,3,1,2,0
20260727_玉野_3R,20260727,61,玉野,3,4,2,3,0
20260727_玉野_3R,20260727,61,玉野,3,5,2,1,0
20260727_玉野_3R,20260727,61,玉野,3,6,2,4,0
20260727_玉野_3R,20260727,61,玉野,3,7,1,3,0
20260727_玉野_3R,20260727,61,玉野,3,8,,,0
20260727_玉野_3R,20260727,61,玉野,3,9,,,0
20260727_玉野_4R,20260727,61,玉野,4,1,1,1,0
20260727_玉野_4R,20260727,61,玉野,4,2,2,2,0
20260727_玉野_4R,20260727,61,玉野,4,3,3,2,0
20260727_玉野_4R,20260727,61,玉野,4,4,3,1,0
20260727_玉野_4R,20260727,61,玉野,4,5,1,2,0
20260727_玉野_4R,20260727,61,玉野,4,6,1,3,0
20260727_玉野_4R,20260727,61,玉野,4,7,2,1,0
20260727_玉野_4R,20260727,61,玉野,4,8,,,0
20260727_玉野_4R,20260727,61,玉野,4,9,,,0
20260727_玉野_5R,20260727,61,玉野,5,1,2,1,0
20260727_玉野_5R,20260727,61,玉野,5,2,3,2,0
20260727_玉野_5R,20260727,61,玉野,5,3,1,2,0
20260727_玉野_5R,20260727,61,玉野,5,4,2,3,0
20260727_玉野_5R,20260727,61,玉野,5,5,1,1,0
20260727_玉野_5R,20260727,61,玉野,5,6,3,1,0
20260727_玉野_5R,20260727,61,玉野,5,7,2,2,0
20260727_玉野_5R,20260727,61,玉野,5,8,,,0
20260727_玉野_5R,20260727,61,玉野,5,9,,,0
20260727_玉野_6R,20260727,61,玉野,6,1,2,2,0
20260727_玉野_6R,20260727,61,玉野,6,2,2,3,0
20260727_玉野_6R,20260727,61,玉野,6,3,1,2,0
20260727_玉野_6R,20260727,61,玉野,6,4,2,1,0
20260727_玉野_6R,20260727,61,玉野,6,5,2,4,0
20260727_玉野_6R,20260727,61,玉野,6,6,1,3,0
20260727_玉野_6R,20260727,61,玉野,6,7,1,1,0
20260727_玉野_6R,20260727,61,玉野,6,8,,,0
20260727_玉野_6R,20260727,61,玉野,6,9,,,0
20260727_玉野_7R,20260727,61,玉野,7,1,1,1,0
20260727_玉野_7R,20260727,61,玉野,7,2,2,1,0
20260727_玉野_7R,20260727,61,玉野,7,3,3,2,0
20260727_玉野_7R,20260727,61,玉野,7,4,3,1,0
20260727_玉野_7R,20260727,61,玉野,7,5,1,2,0
20260727_玉野_7R,20260727,61,玉野,7,6,4,1,0
20260727_玉野_7R,20260727,61,玉野,7,7,3,3,0
20260727_玉野_7R,20260727,61,玉野,7,8,,,0
20260727_玉野_7R,20260727,61,玉野,7,9,,,0
20260727_玉野_8R,20260727,61,玉野,8,1,1,1,0
20260727_玉野_8R,20260727,61,玉野,8,2,2,2,0
20260727_玉野_8R,20260727,61,玉野,8,3,3,2,0
20260727_玉野_8R,20260727,61,玉野,8,4,1,2,0
20260727_玉野_8R,20260727,61,玉野,8,5,2,1,0
20260727_玉野_8R,20260727,61,玉野,8,6,3,1,0
20260727_玉野_8R,20260727,61,玉野,8,7,1,3,0
20260727_玉野_8R,20260727,61,玉野,8,8,,,0
20260727_玉野_8R,20260727,61,玉野,8,9,,,0
20260727_玉野_9R,20260727,61,玉野,9,1,1,2,0
20260727_玉野_9R,20260727,61,玉野,9,2,4,1,0
20260727_玉野_9R,20260727,61,玉野,9,3,1,3,0
20260727_玉野_9R,20260727,61,玉野,9,4,1,1,0
20260727_玉野_9R,20260727,61,玉野,9,5,4,2,0
20260727_玉野_9R,20260727,61,玉野,9,6,3,1,0
20260727_玉野_9R,20260727,61,玉野,9,7,2,1,0
20260727_玉野_9R,20260727,61,玉野,9,8,,,0
20260727_玉野_9R,20260727,61,玉野,9,9,,,0
20260727_立川_10R,20260727,28,立川,10,1,1,4,0
20260727_立川_10R,20260727,28,立川,10,2,2,2,0
20260727_立川_10R,20260727,28,立川,10,3,1,1,0
20260727_立川_10R,20260727,28,立川,10,4,1,2,0
20260727_立川_10R,20260727,28,立川,10,5,2,1,0
20260727_立川_10R,20260727,28,立川,10,6,1,3,0
20260727_立川_10R,20260727,28,立川,10,7,2,3,0
20260727_立川_10R,20260727,28,立川,10,8,,,0
20260727_立川_10R,20260727,28,立川,10,9,,,0
20260727_立川_11R,20260727,28,立川,11,1,2,1,0
20260727_立川_11R,20260727,28,立川,11,2,1,3,0
20260727_立川_11R,20260727,28,立川,11,3,3,2,0
20260727_立川_11R,20260727,28,立川,11,4,1,1,0
20260727_立川_11R,20260727,28,立川,11,5,1,2,0
20260727_立川_11R,20260727,28,立川,11,6,3,1,0
20260727_立川_11R,20260727,28,立川,11,7,2,2,0
20260727_立川_11R,20260727,28,立川,11,8,,,0
20260727_立川_11R,20260727,28,立川,11,9,,,0
20260727_立川_12R,20260727,28,立川,12,1,2,1,0
20260727_立川_12R,20260727,28,立川,12,2,1,2,0
20260727_立川_12R,20260727,28,立川,12,3,4,1,0
20260727_立川_12R,20260727,28,立川,12,4,3,1,0
20260727_立川_12R,20260727,28,立川,12,5,5,1,0
20260727_立川_12R,20260727,28,立川,12,6,6,1,0
20260727_立川_12R,20260727,28,立川,12,7,1,1,0
20260727_立川_12R,20260727,28,立川,12,8,,,0
20260727_立川_12R,20260727,28,立川,12,9,,,0
20260727_立川_1R,20260727,28,立川,1,1,2,1,0
20260727_立川_1R,20260727,28,立川,1,2,1,1,0
20260727_立川_1R,20260727,28,立川,1,3,3,1,0
20260727_立川_1R,20260727,28,立川,1,4,1,2,0
20260727_立川_1R,20260727,28,立川,1,5,2,2,0
20260727_立川_1R,20260727,28,立川,1,6,1,3,0
20260727_立川_1R,20260727,28,立川,1,7,3,2,0
20260727_立川_1R,20260727,28,立川,1,8,,,0
20260727_立川_1R,20260727,28,立川,1,9,,,0
20260727_立川_2R,20260727,28,立川,2,1,2,1,0
20260727_立川_2R,20260727,28,立川,2,2,1,2,0
20260727_立川_2R,20260727,28,立川,2,3,3,2,0
20260727_立川_2R,20260727,28,立川,2,4,1,1,0
20260727_立川_2R,20260727,28,立川,2,5,3,1,0
20260727_立川_2R,20260727,28,立川,2,6,1,3,0
20260727_立川_2R,20260727,28,立川,2,7,2,2,0
20260727_立川_2R,20260727,28,立川,2,8,,,0
20260727_立川_2R,20260727,28,立川,2,9,,,0
20260727_立川_3R,20260727,28,立川,3,1,1,3,0
20260727_立川_3R,20260727,28,立川,3,2,2,1,0
20260727_立川_3R,20260727,28,立川,3,3,2,3,0
20260727_立川_3R,20260727,28,立川,3,4,2,2,0
20260727_立川_3R,20260727,28,立川,3,5,1,1,0
20260727_立川_3R,20260727,28,立川,3,6,3,1,0
20260727_立川_3R,20260727,28,立川,3,7,1,2,0
20260727_立川_3R,20260727,28,立川,3,8,,,0
20260727_立川_3R,20260727,28,立川,3,9,,,0
20260727_立川_4R,20260727,28,立川,4,1,1,1,0
20260727_立川_4R,20260727,28,立川,4,2,2,1,0
20260727_立川_4R,20260727,28,立川,4,3,3,2,0
20260727_立川_4R,20260727,28,立川,4,4,3,1,0
20260727_立川_4R,20260727,28,立川,4,5,1,2,0
20260727_立川_4R,20260727,28,立川,4,6,4,1,0
20260727_立川_4R,20260727,28,立川,4,7,1,3,0
20260727_立川_4R,20260727,28,立川,4,8,,,0
20260727_立川_4R,20260727,28,立川,4,9,,,0
20260727_立川_5R,20260727,28,立川,5,1,1,2,0
20260727_立川_5R,20260727,28,立川,5,2,2,1,0
20260727_立川_5R,20260727,28,立川,5,3,3,2,0
20260727_立川_5R,20260727,28,立川,5,4,3,1,0
20260727_立川_5R,20260727,28,立川,5,5,2,2,0
20260727_立川_5R,20260727,28,立川,5,6,4,1,0
20260727_立川_5R,20260727,28,立川,5,7,1,1,0
20260727_立川_5R,20260727,28,立川,5,8,,,0
20260727_立川_5R,20260727,28,立川,5,9,,,0
20260727_立川_6R,20260727,28,立川,6,1,3,1,0
20260727_立川_6R,20260727,28,立川,6,2,4,1,0
20260727_立川_6R,20260727,28,立川,6,3,1,1,0
20260727_立川_6R,20260727,28,立川,6,4,2,1,0
20260727_立川_6R,20260727,28,立川,6,5,5,1,0
20260727_立川_6R,20260727,28,立川,6,6,6,1,0
20260727_立川_6R,20260727,28,立川,6,7,,,0
20260727_立川_6R,20260727,28,立川,6,8,,,0
20260727_立川_6R,20260727,28,立川,6,9,,,0
20260727_立川_7R,20260727,28,立川,7,1,3,1,0
20260727_立川_7R,20260727,28,立川,7,2,2,1,0
20260727_立川_7R,20260727,28,立川,7,3,4,1,0
20260727_立川_7R,20260727,28,立川,7,4,5,1,0
20260727_立川_7R,20260727,28,立川,7,5,6,1,0
20260727_立川_7R,20260727,28,立川,7,6,1,1,0
20260727_立川_7R,20260727,28,立川,7,7,7,1,0
20260727_立川_7R,20260727,28,立川,7,8,,,0
20260727_立川_7R,20260727,28,立川,7,9,,,0
20260727_立川_8R,20260727,28,立川,8,1,1,2,0
20260727_立川_8R,20260727,28,立川,8,2,2,2,0
20260727_立川_8R,20260727,28,立川,8,3,3,2,0
20260727_立川_8R,20260727,28,立川,8,4,3,1,0
20260727_立川_8R,20260727,28,立川,8,5,1,1,0
20260727_立川_8R,20260727,28,立川,8,6,3,3,0
20260727_立川_8R,20260727,28,立川,8,7,2,1,0
20260727_立川_8R,20260727,28,立川,8,8,,,0
20260727_立川_8R,20260727,28,立川,8,9,,,0
20260727_立川_9R,20260727,28,立川,9,1,1,1,0
20260727_立川_9R,20260727,28,立川,9,2,2,2,0
20260727_立川_9R,20260727,28,立川,9,3,3,1,0
20260727_立川_9R,20260727,28,立川,9,4,3,2,0
20260727_立川_9R,20260727,28,立川,9,5,1,2,0
20260727_立川_9R,20260727,28,立川,9,6,1,3,0
20260727_立川_9R,20260727,28,立川,9,7,2,1,0
20260727_立川_9R,20260727,28,立川,9,8,,,0
20260727_立川_9R,20260727,28,立川,9,9,,,0
20260727_豊橋_10R,20260727,45,豊橋,10,1,1,1,0
20260727_豊橋_10R,20260727,45,豊橋,10,2,3,2,0
20260727_豊橋_10R,20260727,45,豊橋,10,3,2,2,0
20260727_豊橋_10R,20260727,45,豊橋,10,4,4,1,0
20260727_豊橋_10R,20260727,45,豊橋,10,5,2,1,0
20260727_豊橋_10R,20260727,45,豊橋,10,6,3,3,0
20260727_豊橋_10R,20260727,45,豊橋,10,7,1,2,0
20260727_豊橋_10R,20260727,45,豊橋,10,8,4,2,0
20260727_豊橋_10R,20260727,45,豊橋,10,9,3,1,0
20260727_豊橋_11R,20260727,45,豊橋,11,1,2,2,0
20260727_豊橋_11R,20260727,45,豊橋,11,2,1,1,0
20260727_豊橋_11R,20260727,45,豊橋,11,3,3,2,0
20260727_豊橋_11R,20260727,45,豊橋,11,4,4,1,0
20260727_豊橋_11R,20260727,45,豊橋,11,5,1,2,0
20260727_豊橋_11R,20260727,45,豊橋,11,6,4,2,0
20260727_豊橋_11R,20260727,45,豊橋,11,7,2,1,0
20260727_豊橋_11R,20260727,45,豊橋,11,8,2,3,0
20260727_豊橋_11R,20260727,45,豊橋,11,9,3,1,0
20260727_豊橋_12R,20260727,45,豊橋,12,1,2,2,0
20260727_豊橋_12R,20260727,45,豊橋,12,2,1,2,0
20260727_豊橋_12R,20260727,45,豊橋,12,3,3,2,0
20260727_豊橋_12R,20260727,45,豊橋,12,4,2,1,0
20260727_豊橋_12R,20260727,45,豊橋,12,5,3,1,0
20260727_豊橋_12R,20260727,45,豊橋,12,6,2,3,0
20260727_豊橋_12R,20260727,45,豊橋,12,7,1,1,0
20260727_豊橋_12R,20260727,45,豊橋,12,8,1,3,0
20260727_豊橋_12R,20260727,45,豊橋,12,9,3,3,0
20260727_豊橋_1R,20260727,45,豊橋,1,1,2,1,0
20260727_豊橋_1R,20260727,45,豊橋,1,2,3,1,0
20260727_豊橋_1R,20260727,45,豊橋,1,3,1,1,0
20260727_豊橋_1R,20260727,45,豊橋,1,4,1,3,0
20260727_豊橋_1R,20260727,45,豊橋,1,5,3,2,0
20260727_豊橋_1R,20260727,45,豊橋,1,6,4,1,0
20260727_豊橋_1R,20260727,45,豊橋,1,7,1,2,0
20260727_豊橋_1R,20260727,45,豊橋,1,8,,,0
20260727_豊橋_1R,20260727,45,豊橋,1,9,,,0
20260727_豊橋_2R,20260727,45,豊橋,2,1,1,3,0
20260727_豊橋_2R,20260727,45,豊橋,2,2,3,2,0
20260727_豊橋_2R,20260727,45,豊橋,2,3,2,1,0
20260727_豊橋_2R,20260727,45,豊橋,2,4,1,2,0
20260727_豊橋_2R,20260727,45,豊橋,2,5,3,1,0
20260727_豊橋_2R,20260727,45,豊橋,2,6,3,3,0
20260727_豊橋_2R,20260727,45,豊橋,2,7,1,1,0
20260727_豊橋_2R,20260727,45,豊橋,2,8,,,0
20260727_豊橋_2R,20260727,45,豊橋,2,9,,,0
20260727_豊橋_3R,20260727,45,豊橋,3,1,4,1,0
20260727_豊橋_3R,20260727,45,豊橋,3,2,1,2,0
20260727_豊橋_3R,20260727,45,豊橋,3,3,2,2,0
20260727_豊橋_3R,20260727,45,豊橋,3,4,3,1,0
20260727_豊橋_3R,20260727,45,豊橋,3,5,1,1,0
20260727_豊橋_3R,20260727,45,豊橋,3,6,2,1,0
20260727_豊橋_3R,20260727,45,豊橋,3,7,1,3,0
20260727_豊橋_3R,20260727,45,豊橋,3,8,4,2,0
20260727_豊橋_3R,20260727,45,豊橋,3,9,,,0
20260727_豊橋_4R,20260727,45,豊橋,4,1,1,1,0
20260727_豊橋_4R,20260727,45,豊橋,4,2,3,2,0
20260727_豊橋_4R,20260727,45,豊橋,4,3,2,2,0
20260727_豊橋_4R,20260727,45,豊橋,4,4,1,3,0
20260727_豊橋_4R,20260727,45,豊橋,4,5,1,2,0
20260727_豊橋_4R,20260727,45,豊橋,4,6,3,1,0
20260727_豊橋_4R,20260727,45,豊橋,4,7,4,2,0
20260727_豊橋_4R,20260727,45,豊橋,4,8,4,1,0
20260727_豊橋_4R,20260727,45,豊橋,4,9,2,1,0
20260727_豊橋_5R,20260727,45,豊橋,5,1,1,1,0
20260727_豊橋_5R,20260727,45,豊橋,5,2,3,1,0
20260727_豊橋_5R,20260727,45,豊橋,5,3,2,1,0
20260727_豊橋_5R,20260727,45,豊橋,5,4,2,3,0
20260727_豊橋_5R,20260727,45,豊橋,5,5,1,2,0
20260727_豊橋_5R,20260727,45,豊橋,5,6,3,3,0
20260727_豊橋_5R,20260727,45,豊橋,5,7,2,2,0
20260727_豊橋_5R,20260727,45,豊橋,5,8,1,3,0
20260727_豊橋_5R,20260727,45,豊橋,5,9,3,2,0
20260727_豊橋_6R,20260727,45,豊橋,6,1,1,2,0
20260727_豊橋_6R,20260727,45,豊橋,6,2,3,2,0
20260727_豊橋_6R,20260727,45,豊橋,6,3,2,3,0
20260727_豊橋_6R,20260727,45,豊橋,6,4,4,1,0
20260727_豊橋_6R,20260727,45,豊橋,6,5,3,3,0
20260727_豊橋_6R,20260727,45,豊橋,6,6,1,1,0
20260727_豊橋_6R,20260727,45,豊橋,6,7,2,2,0
20260727_豊橋_6R,20260727,45,豊橋,6,8,3,1,0
20260727_豊橋_6R,20260727,45,豊橋,6,9,2,1,0
20260727_豊橋_7R,20260727,45,豊橋,7,1,2,1,0
20260727_豊橋_7R,20260727,45,豊橋,7,2,1,1,0
20260727_豊橋_7R,20260727,45,豊橋,7,3,3,1,0
20260727_豊橋_7R,20260727,45,豊橋,7,4,3,3,0
20260727_豊橋_7R,20260727,45,豊橋,7,5,2,2,0
20260727_豊橋_7R,20260727,45,豊橋,7,6,1,3,0
20260727_豊橋_7R,20260727,45,豊橋,7,7,2,3,0
20260727_豊橋_7R,20260727,45,豊橋,7,8,1,2,0
20260727_豊橋_7R,20260727,45,豊橋,7,9,3,2,0
20260727_豊橋_8R,20260727,45,豊橋,8,1,2,2,0
20260727_豊橋_8R,20260727,45,豊橋,8,2,1,2,0
20260727_豊橋_8R,20260727,45,豊橋,8,3,3,2,0
20260727_豊橋_8R,20260727,45,豊橋,8,4,1,3,0
20260727_豊橋_8R,20260727,45,豊橋,8,5,2,1,0
20260727_豊橋_8R,20260727,45,豊橋,8,6,4,1,0
20260727_豊橋_8R,20260727,45,豊橋,8,7,1,1,0
20260727_豊橋_8R,20260727,45,豊橋,8,8,3,1,0
20260727_豊橋_8R,20260727,45,豊橋,8,9,2,3,0
20260727_豊橋_9R,20260727,45,豊橋,9,1,1,1,0
20260727_豊橋_9R,20260727,45,豊橋,9,2,1,2,1
20260727_豊橋_9R,20260727,45,豊橋,9,3,2,1,0
20260727_豊橋_9R,20260727,45,豊橋,9,4,3,2,0
20260727_豊橋_9R,20260727,45,豊橋,9,5,1,2,1
20260727_豊橋_9R,20260727,45,豊橋,9,6,3,1,0
20260727_豊橋_9R,20260727,45,豊橋,9,7,2,2,0
20260727_豊橋_9R,20260727,45,豊橋,9,8,3,3,0
20260727_豊橋_9R,20260727,45,豊橋,9,9,1,3,0
