transformed_feature,original_feature,coefficient,absolute_coefficient,direction
p6_prefecture_石 川,p6_prefecture,1.8936838921468502,1.8936838921468502,HIGH_RISK
p6_prefecture_群 馬,p6_prefecture,1.5275355194986449,1.5275355194986449,HIGH_RISK
p8_riding_style_両,p8_riding_style,-1.4299971173107748,1.4299971173107748,LOW_RISK
p1_prefecture_大 阪,p1_prefecture,-1.404554033888968,1.404554033888968,LOW_RISK
p1_prefecture_茨 城,p1_prefecture,1.3259759042792203,1.3259759042792203,HIGH_RISK
p2_prefecture_栃 木,p2_prefecture,-1.3151008327688698,1.3151008327688698,LOW_RISK
p3_prefecture_静 岡,p3_prefecture,-1.2994991295848384,1.2994991295848384,LOW_RISK
p3_prefecture_山 梨,p3_prefecture,1.2894257175441224,1.2894257175441224,HIGH_RISK
p5_prefecture_秋 田,p5_prefecture,1.2820064235503454,1.2820064235503454,HIGH_RISK
p2_prefecture_山 形,p2_prefecture,1.2802115078669583,1.2802115078669583,HIGH_RISK
p2_prefecture_山 口,p2_prefecture,-1.2721889242550022,1.2721889242550022,LOW_RISK
p2_prefecture_三 重,p2_prefecture,-1.2703968112378505,1.2703968112378505,LOW_RISK
p7_prefecture_栃 木,p7_prefecture,1.2681484827822536,1.2681484827822536,HIGH_RISK
p4_prefecture_宮 崎,p4_prefecture,1.2516844515867558,1.2516844515867558,HIGH_RISK
p9_prefecture_宮 城,p9_prefecture,-1.251215213241331,1.251215213241331,LOW_RISK
p8_riding_style_逃,p8_riding_style,1.2335306433676716,1.2335306433676716,HIGH_RISK
p1_prefecture_三 重,p1_prefecture,-1.2280190259399335,1.2280190259399335,LOW_RISK
p5_prefecture_兵 庫,p5_prefecture,-1.226675157546581,1.226675157546581,LOW_RISK
p4_prefecture_三 重,p4_prefecture,-1.2129443274866105,1.2129443274866105,LOW_RISK
p2_prefecture_奈 良,p2_prefecture,-1.1975093508555068,1.1975093508555068,LOW_RISK
p2_prefecture_石 川,p2_prefecture,1.182163297945059,1.182163297945059,HIGH_RISK
p5_prefecture_富 山,p5_prefecture,-1.1617497731144748,1.1617497731144748,LOW_RISK
p6_prefecture_新 潟,p6_prefecture,1.1537039302254994,1.1537039302254994,HIGH_RISK
p5_prefecture_鹿児島,p5_prefecture,1.1352574717811015,1.1352574717811015,HIGH_RISK
p1_prefecture_香 川,p1_prefecture,1.128296982420299,1.128296982420299,HIGH_RISK
p7_prefecture_京 都,p7_prefecture,1.1187599802934252,1.1187599802934252,HIGH_RISK
p1_prefecture_富 山,p1_prefecture,1.1116495072484596,1.1116495072484596,HIGH_RISK
p5_prefecture_新 潟,p5_prefecture,-1.1041648730852085,1.1041648730852085,LOW_RISK
p4_prefecture_京 都,p4_prefecture,1.1014671523187687,1.1014671523187687,HIGH_RISK
p1_prefecture_長 崎,p1_prefecture,-1.0999129495661681,1.0999129495661681,LOW_RISK
p6_prefecture_岩 手,p6_prefecture,1.094066532771416,1.094066532771416,HIGH_RISK
p1_prefecture_沖 縄,p1_prefecture,1.0824400232030693,1.0824400232030693,HIGH_RISK
p5_prefecture_佐 賀,p5_prefecture,-1.0544199473222808,1.0544199473222808,LOW_RISK
p2_prefecture_鹿児島,p2_prefecture,1.039299444007774,1.039299444007774,HIGH_RISK
p5_prefecture_栃 木,p5_prefecture,-1.0386156923075311,1.0386156923075311,LOW_RISK
p1_prefecture_岩 手,p1_prefecture,1.0361356569227884,1.0361356569227884,HIGH_RISK
p4_prefecture_東 京,p4_prefecture,-1.0318320875720108,1.0318320875720108,LOW_RISK
p7_prefecture_富 山,p7_prefecture,1.0253929514061049,1.0253929514061049,HIGH_RISK
p3_prefecture_高 知,p3_prefecture,1.0221620723686846,1.0221620723686846,HIGH_RISK
p4_prefecture_愛 知,p4_prefecture,0.9830378307348607,0.9830378307348607,HIGH_RISK
p3_prefecture_石 川,p3_prefecture,-0.974375193907437,0.974375193907437,LOW_RISK
p9_prefecture_栃 木,p9_prefecture,0.9663996801775511,0.9663996801775511,HIGH_RISK
p9_prefecture_茨 城,p9_prefecture,-0.9633062191136579,0.9633062191136579,LOW_RISK
p6_prefecture_京 都,p6_prefecture,-0.9626949103027163,0.9626949103027163,LOW_RISK
p2_prefecture_秋 田,p2_prefecture,0.9295906015019707,0.9295906015019707,HIGH_RISK
p5_prefecture_北海道,p5_prefecture,-0.9279575963202792,0.9279575963202792,LOW_RISK
p5_prefecture_宮 城,p5_prefecture,0.9263236937011133,0.9263236937011133,HIGH_RISK
p9_prefecture_徳 島,p9_prefecture,0.9258542512702517,0.9258542512702517,HIGH_RISK
p3_prefecture_新 潟,p3_prefecture,0.9170512016438899,0.9170512016438899,HIGH_RISK
p8_previous_class_S1,p8_previous_class,0.90739689623669,0.90739689623669,HIGH_RISK
p1_previous_class_S1,p1_previous_class,-0.9068459562717095,0.9068459562717095,LOW_RISK
p7_prefecture_沖 縄,p7_prefecture,-0.8970575000617681,0.8970575000617681,LOW_RISK
p9_prefecture_神奈川,p9_prefecture,-0.8945251658590656,0.8945251658590656,LOW_RISK
p8_prefecture_静 岡,p8_prefecture,0.8927898367506233,0.8927898367506233,HIGH_RISK
p7_prefecture_北海道,p7_prefecture,0.8924675816361657,0.8924675816361657,HIGH_RISK
p2_prefecture_岩 手,p2_prefecture,-0.8819506327814999,0.8819506327814999,LOW_RISK
p2_prefecture_兵 庫,p2_prefecture,-0.8794205177576969,0.8794205177576969,LOW_RISK
p6_prefecture_長 野,p6_prefecture,-0.8770369623236992,0.8770369623236992,LOW_RISK
p5_prefecture_奈 良,p5_prefecture,0.8716503386887445,0.8716503386887445,HIGH_RISK
p4_prefecture_新 潟,p4_prefecture,0.8711884504920223,0.8711884504920223,HIGH_RISK
p7_prefecture_岡 山,p7_prefecture,-0.8648126505409077,0.8648126505409077,LOW_RISK
p7_prefecture_福 島,p7_prefecture,0.8403338433172004,0.8403338433172004,HIGH_RISK
p5_prefecture_山 梨,p5_prefecture,-0.8243324586182486,0.8243324586182486,LOW_RISK
p1_prefecture_熊 本,p1_prefecture,-0.8174661327490331,0.8174661327490331,LOW_RISK
p5_prefecture_広 島,p5_prefecture,-0.8117892903511484,0.8117892903511484,LOW_RISK
p2_prefecture_広 島,p2_prefecture,0.8117705618847821,0.8117705618847821,HIGH_RISK
p3_prefecture_群 馬,p3_prefecture,0.8035742667852931,0.8035742667852931,HIGH_RISK
p3_prefecture_長 野,p3_prefecture,-0.8034724152743443,0.8034724152743443,LOW_RISK
p9_back_count,p9_back_count,-0.7939933952153737,0.7939933952153737,LOW_RISK
p5_prefecture_大 阪,p5_prefecture,0.791601420333498,0.791601420333498,HIGH_RISK
p4_prefecture_鹿児島,p4_prefecture,-0.7903660123809769,0.7903660123809769,LOW_RISK
p6_prefecture_三 重,p6_prefecture,-0.7888188795376253,0.7888188795376253,LOW_RISK
p1_prefecture_千 葉,p1_prefecture,0.7740770322514495,0.7740770322514495,HIGH_RISK
p8_previous_class_A1,p8_previous_class,-0.7600596391611654,0.7600596391611654,LOW_RISK
p1_prefecture_石 川,p1_prefecture,-0.7583745277819159,0.7583745277819159,LOW_RISK
p5_prefecture_京 都,p5_prefecture,-0.7503237057826535,0.7503237057826535,LOW_RISK
p1_prefecture_長 野,p1_prefecture,-0.7497715801280231,0.7497715801280231,LOW_RISK
p6_prefecture_山 口,p6_prefecture,-0.7368665561018697,0.7368665561018697,LOW_RISK
p5_previous_class_SS,p5_previous_class,-0.7326398404328751,0.7326398404328751,LOW_RISK
p5_class_SS,p5_class,-0.7326398404328751,0.7326398404328751,LOW_RISK
p2_prefecture_高 知,p2_prefecture,-0.7314328171406225,0.7314328171406225,LOW_RISK
p6_prefecture_兵 庫,p6_prefecture,-0.727280642402061,0.727280642402061,LOW_RISK
p5_prefecture_徳 島,p5_prefecture,0.7223762277687896,0.7223762277687896,HIGH_RISK
p3_prefecture_京 都,p3_prefecture,-0.7119708500082236,0.7119708500082236,LOW_RISK
p3_prefecture_香 川,p3_prefecture,0.7114740707956148,0.7114740707956148,HIGH_RISK
p8_prefecture_千 葉,p8_prefecture,-0.7038623782279236,0.7038623782279236,LOW_RISK
p1_prefecture_山 口,p1_prefecture,-0.7027560670983745,0.7027560670983745,LOW_RISK
p6_class_A3,p6_class,-0.6991185165038635,0.6991185165038635,LOW_RISK
p2_prefecture_熊 本,p2_prefecture,-0.6944631552771692,0.6944631552771692,LOW_RISK
p2_prefecture_大 分,p2_prefecture,-0.6918400019931645,0.6918400019931645,LOW_RISK
p6_prefecture_愛 媛,p6_prefecture,0.6906878949965097,0.6906878949965097,HIGH_RISK
p4_prefecture_愛 媛,p4_prefecture,-0.6888136777249212,0.6888136777249212,LOW_RISK
p7_class_S2,p7_class,0.6863182288242097,0.6863182288242097,HIGH_RISK
p5_prefecture_沖 縄,p5_prefecture,0.6818932591385699,0.6818932591385699,HIGH_RISK
p3_prefecture_滋 賀,p3_prefecture,0.6801586451990286,0.6801586451990286,HIGH_RISK
p1_previous_class_A3,p1_previous_class,0.6782241214136695,0.6782241214136695,HIGH_RISK
p1_prefecture_和歌山,p1_prefecture,0.6775275064566721,0.6775275064566721,HIGH_RISK
p5_class_S1,p5_class,0.6711023866978371,0.6711023866978371,HIGH_RISK
p7_prefecture_静 岡,p7_prefecture,-0.6701893493445163,0.6701893493445163,LOW_RISK
p9_prefecture_愛 知,p9_prefecture,0.6693769250187607,0.6693769250187607,HIGH_RISK
p3_prefecture_神奈川,p3_prefecture,-0.6687642038978223,0.6687642038978223,LOW_RISK
p6_prefecture_愛 知,p6_prefecture,-0.6659377223866635,0.6659377223866635,LOW_RISK
p5_prefecture_愛 知,p5_prefecture,0.6465388552602472,0.6465388552602472,HIGH_RISK
p6_prefecture_鹿児島,p6_prefecture,0.6446530748749966,0.6446530748749966,HIGH_RISK
p7_prefecture_奈 良,p7_prefecture,-0.6433452013418542,0.6433452013418542,LOW_RISK
p5_prefecture_静 岡,p5_prefecture,0.6374727841318789,0.6374727841318789,HIGH_RISK
p9_previous_class_A1,p9_previous_class,-0.6362088152270271,0.6362088152270271,LOW_RISK
p7_prefecture_熊 本,p7_prefecture,0.6341455771241427,0.6341455771241427,HIGH_RISK
p4_prefecture_岐 阜,p4_prefecture,-0.6258113484607785,0.6258113484607785,LOW_RISK
p4_prefecture_長 野,p4_prefecture,0.6144871646336653,0.6144871646336653,HIGH_RISK
p3_prefecture_青 森,p3_prefecture,-0.6111311668296311,0.6111311668296311,LOW_RISK
p5_prefecture_香 川,p5_prefecture,-0.6057592237553682,0.6057592237553682,LOW_RISK
p9_nige_count,p9_nige_count,0.6035017682658782,0.6035017682658782,HIGH_RISK
p2_prefecture_神奈川,p2_prefecture,0.6032369426951867,0.6032369426951867,HIGH_RISK
p6_prefecture_宮 崎,p6_prefecture,0.5981104845118563,0.5981104845118563,HIGH_RISK
player_count,player_count,0.5924776363575367,0.5924776363575367,HIGH_RISK
p5_prefecture_熊 本,p5_prefecture,-0.5857880395861154,0.5857880395861154,LOW_RISK
p2_prefecture_岡 山,p2_prefecture,0.5745528535894495,0.5745528535894495,HIGH_RISK
p8_prefecture_福 島,p8_prefecture,-0.5736204582810766,0.5736204582810766,LOW_RISK
p1_prefecture_東 京,p1_prefecture,-0.5690360493472908,0.5690360493472908,LOW_RISK
p5_prefecture_岐 阜,p5_prefecture,0.5674325398433017,0.5674325398433017,HIGH_RISK
p8_prefecture_大 阪,p8_prefecture,-0.563143386979305,0.563143386979305,LOW_RISK
p8_prefecture_岡 山,p8_prefecture,0.5617811094751696,0.5617811094751696,HIGH_RISK
p1_prefecture_岡 山,p1_prefecture,0.5549317787019282,0.5549317787019282,HIGH_RISK
p5_prefecture_群 馬,p5_prefecture,0.5536313352216068,0.5536313352216068,HIGH_RISK
p9_riding_style_逃,p9_riding_style,-0.5531959693217465,0.5531959693217465,LOW_RISK
p8_race_score,p8_race_score,-0.5513982408015426,0.5513982408015426,LOW_RISK
p3_prefecture_奈 良,p3_prefecture,0.5382673238290198,0.5382673238290198,HIGH_RISK
p1_previous_class_A2,p1_previous_class,0.5327952552022363,0.5327952552022363,HIGH_RISK
p9_prefecture_北海道,p9_prefecture,0.5321939288137237,0.5321939288137237,HIGH_RISK
p8_prefecture_栃 木,p8_prefecture,-0.528719289851589,0.528719289851589,LOW_RISK
p1_prefecture_兵 庫,p1_prefecture,-0.5271681929102144,0.5271681929102144,LOW_RISK
p7_class_A3,p7_class,-0.5206146372291007,0.5206146372291007,LOW_RISK
p2_riding_style_逃,p2_riding_style,0.5187028174909536,0.5187028174909536,HIGH_RISK
p5_prefecture_福 岡,p5_prefecture,0.5171437678707436,0.5171437678707436,HIGH_RISK
p2_prefecture_滋 賀,p2_prefecture,0.5149732984918574,0.5149732984918574,HIGH_RISK
p1_prefecture_新 潟,p1_prefecture,-0.5140432846260989,0.5140432846260989,LOW_RISK
p3_prefecture_東 京,p3_prefecture,-0.5132976141267567,0.5132976141267567,LOW_RISK
p2_prefecture_愛 媛,p2_prefecture,-0.5112922616154555,0.5112922616154555,LOW_RISK
p3_prefecture_広 島,p3_prefecture,0.5111744803754877,0.5111744803754877,HIGH_RISK
p8_prefecture_福 井,p8_prefecture,0.5103288611574561,0.5103288611574561,HIGH_RISK
p2_prefecture_長 野,p2_prefecture,0.5103261515003767,0.5103261515003767,HIGH_RISK
p4_prefecture_大 分,p4_prefecture,-0.5085229211321631,0.5085229211321631,LOW_RISK
p8_prefecture_広 島,p8_prefecture,-0.5058918766794397,0.5058918766794397,LOW_RISK
p2_prefecture_青 森,p2_prefecture,0.5044795783680824,0.5044795783680824,HIGH_RISK
p7_prefecture_山 梨,p7_prefecture,-0.5043658940708183,0.5043658940708183,LOW_RISK
p1_prefecture_埼 玉,p1_prefecture,0.5019298158144365,0.5019298158144365,HIGH_RISK
p4_prefecture_沖 縄,p4_prefecture,-0.5001669452903686,0.5001669452903686,LOW_RISK
p7_prefecture_香 川,p7_prefecture,-0.49944539683604305,0.49944539683604305,LOW_RISK
p6_prefecture_長 崎,p6_prefecture,0.49304742499536813,0.49304742499536813,HIGH_RISK
p1_prefecture_静 岡,p1_prefecture,0.490773529105576,0.490773529105576,HIGH_RISK
p1_prefecture_福 島,p1_prefecture,0.4879573869776517,0.4879573869776517,HIGH_RISK
p7_prefecture_鹿児島,p7_prefecture,-0.486142887271444,0.486142887271444,LOW_RISK
p8_prefecture_兵 庫,p8_prefecture,0.4793500822080969,0.4793500822080969,HIGH_RISK
p6_prefecture_青 森,p6_prefecture,-0.4784140187608037,0.4784140187608037,LOW_RISK
p9_prefecture_大 阪,p9_prefecture,0.4761874186021783,0.4761874186021783,HIGH_RISK
p6_prefecture_熊 本,p6_prefecture,-0.4759732052508541,0.4759732052508541,LOW_RISK
p4_prefecture_北海道,p4_prefecture,-0.47550215744893065,0.47550215744893065,LOW_RISK
p1_prefecture_佐 賀,p1_prefecture,-0.475144602223824,0.475144602223824,LOW_RISK
p6_prefecture_福 島,p6_prefecture,-0.46980159385922915,0.46980159385922915,LOW_RISK
p4_prefecture_高 知,p4_prefecture,-0.46698477362446733,0.46698477362446733,LOW_RISK
p6_previous_class_S1,p6_previous_class,0.4648831555770057,0.4648831555770057,HIGH_RISK
p6_prefecture_埼 玉,p6_prefecture,-0.46396256811849496,0.46396256811849496,LOW_RISK
p3_prefecture_三 重,p3_prefecture,-0.4630106378844502,0.4630106378844502,LOW_RISK
p6_class_S2,p6_class,0.4625006952216853,0.4625006952216853,HIGH_RISK
p6_prefecture_広 島,p6_prefecture,-0.4613750357576741,0.4613750357576741,LOW_RISK
p5_previous_class_A1,p5_previous_class,0.45981473765760106,0.45981473765760106,HIGH_RISK
p7_prefecture_大 阪,p7_prefecture,-0.4581152084485172,0.4581152084485172,LOW_RISK
p5_prefecture_イギリ,p5_prefecture,0.4575023900232393,0.4575023900232393,HIGH_RISK
p2_prefecture_大 阪,p2_prefecture,0.45593631807721235,0.45593631807721235,HIGH_RISK
p9_prefecture_群 馬,p9_prefecture,-0.4552289571940672,0.4552289571940672,LOW_RISK
p1_previous_class_S2,p1_previous_class,-0.45366170034469444,0.45366170034469444,LOW_RISK
p3_prefecture_栃 木,p3_prefecture,-0.45365281886239295,0.45365281886239295,LOW_RISK
p5_prefecture_長 野,p5_prefecture,-0.4529484243685102,0.4529484243685102,LOW_RISK
p9_previous_class_SS,p9_previous_class,0.451933142011238,0.451933142011238,HIGH_RISK
p9_class_SS,p9_class,0.451933142011238,0.451933142011238,HIGH_RISK
p9_prefecture_千 葉,p9_prefecture,0.44340485414568115,0.44340485414568115,HIGH_RISK
p4_prefecture_岩 手,p4_prefecture,0.4432169414303739,0.4432169414303739,HIGH_RISK
p9_prefecture_三 重,p9_prefecture,-0.44282673385047594,0.44282673385047594,LOW_RISK
p8_prefecture_三 重,p8_prefecture,0.4411771952292952,0.4411771952292952,HIGH_RISK
p1_prefecture_鹿児島,p1_prefecture,-0.43639332665063096,0.43639332665063096,LOW_RISK
p3_previous_class_S2,p3_previous_class,-0.4361450860851988,0.4361450860851988,LOW_RISK
p4_prefecture_神奈川,p4_prefecture,-0.43544222110261654,0.43544222110261654,LOW_RISK
p3_prefecture_富 山,p3_prefecture,0.4321165473388811,0.4321165473388811,HIGH_RISK
p4_prefecture_奈 良,p4_prefecture,0.4306233402535618,0.4306233402535618,HIGH_RISK
p7_prefecture_佐 賀,p7_prefecture,-0.4306104072313983,0.4306104072313983,LOW_RISK
p5_prefecture_山 口,p5_prefecture,0.42986651918513125,0.42986651918513125,HIGH_RISK
p3_prefecture_秋 田,p3_prefecture,0.4295264286352262,0.4295264286352262,HIGH_RISK
p6_prefecture_栃 木,p6_prefecture,-0.41944394563127113,0.41944394563127113,LOW_RISK
p5_prefecture_岩 手,p5_prefecture,-0.41381773493865726,0.41381773493865726,LOW_RISK
p9_class_S2,p9_class,-0.410934159564551,0.410934159564551,LOW_RISK
p5_prefecture_東 京,p5_prefecture,0.40992437808054233,0.40992437808054233,HIGH_RISK
p9_prefecture_長 野,p9_prefecture,0.40954613343021606,0.40954613343021606,HIGH_RISK
p5_previous_class_S2,p5_previous_class,0.40704058870307086,0.40704058870307086,HIGH_RISK
p4_prefecture_ニュー,p4_prefecture,-0.404667086621512,0.404667086621512,LOW_RISK
p1_prefecture_秋 田,p1_prefecture,0.40291781006074107,0.40291781006074107,HIGH_RISK
p7_prefecture_愛 知,p7_prefecture,-0.4026763773957772,0.4026763773957772,LOW_RISK
p1_prefecture_宮 城,p1_prefecture,0.4009318348740914,0.4009318348740914,HIGH_RISK
p6_prefecture_山 梨,p6_prefecture,-0.3969609778247653,0.3969609778247653,LOW_RISK
p1_class_S2,p1_class,0.3958416728964431,0.3958416728964431,HIGH_RISK
p9_prefecture_青 森,p9_prefecture,0.3919594058926543,0.3919594058926543,HIGH_RISK
p7_prefecture_高 知,p7_prefecture,-0.3907201418112392,0.3907201418112392,LOW_RISK
p4_prefecture_佐 賀,p4_prefecture,0.3902574266729302,0.3902574266729302,HIGH_RISK
p8_prefecture_埼 玉,p8_prefecture,-0.38951117140917124,0.38951117140917124,LOW_RISK
p7_prefecture_愛 媛,p7_prefecture,0.38643644089148194,0.38643644089148194,HIGH_RISK
p8_prefecture_山 梨,p8_prefecture,0.38533877034433994,0.38533877034433994,HIGH_RISK
p5_prefecture_滋 賀,p5_prefecture,0.38436748826186673,0.38436748826186673,HIGH_RISK
p7_previous_class_S1,p7_previous_class,0.3796292831560093,0.3796292831560093,HIGH_RISK
p8_prefecture_愛 知,p8_prefecture,-0.3795143762846166,0.3795143762846166,LOW_RISK
p6_prefecture_神奈川,p6_prefecture,0.3780389776472438,0.3780389776472438,HIGH_RISK
p7_prefecture_神奈川,p7_prefecture,0.37643179031261087,0.37643179031261087,HIGH_RISK
p9_riding_style_両,p9_riding_style,0.37590782161522024,0.37590782161522024,HIGH_RISK
p9_mark_count,p9_mark_count,-0.3738968128944796,0.3738968128944796,LOW_RISK
p8_mark_count,p8_mark_count,0.37036367446367585,0.37036367446367585,HIGH_RISK
p4_prefecture_広 島,p4_prefecture,0.37003026546974493,0.37003026546974493,HIGH_RISK
p8_prefecture_岐 阜,p8_prefecture,-0.3680015918762784,0.3680015918762784,LOW_RISK
p2_prefecture_宮 城,p2_prefecture,0.3673355610121849,0.3673355610121849,HIGH_RISK
p9_prefecture_長 崎,p9_prefecture,-0.36541425534794536,0.36541425534794536,LOW_RISK
p7_previous_class_S2,p7_previous_class,-0.364706837409953,0.364706837409953,LOW_RISK
p8_prefecture_長 野,p8_prefecture,0.3644536227585575,0.3644536227585575,HIGH_RISK
p1_previous_class_A1,p1_previous_class,0.3635365704788874,0.3635365704788874,HIGH_RISK
p2_prefecture_佐 賀,p2_prefecture,0.3574195602658749,0.3574195602658749,HIGH_RISK
p3_prefecture_宮 崎,p3_prefecture,-0.3512724286631555,0.3512724286631555,LOW_RISK
p2_previous_class_SS,p2_previous_class,-0.3504491258511094,0.3504491258511094,LOW_RISK
p2_class_SS,p2_class,-0.3504491258511094,0.3504491258511094,LOW_RISK
p7_prefecture_千 葉,p7_prefecture,0.34738746358860806,0.34738746358860806,HIGH_RISK
p9_prefecture_大 分,p9_prefecture,-0.346974313977225,0.346974313977225,LOW_RISK
p3_prefecture_山 口,p3_prefecture,0.3445178286211796,0.3445178286211796,HIGH_RISK
p1_prefecture_京 都,p1_prefecture,-0.34408023552776845,0.34408023552776845,LOW_RISK
p5_prefecture_青 森,p5_prefecture,-0.34317263827408845,0.34317263827408845,LOW_RISK
p9_home_count,p9_home_count,0.34208046036286704,0.34208046036286704,HIGH_RISK
p8_sashi_count,p8_sashi_count,0.3414349574772074,0.3414349574772074,HIGH_RISK
p8_prefecture_神奈川,p8_prefecture,0.3409070152512896,0.3409070152512896,HIGH_RISK
p2_prefecture_山 梨,p2_prefecture,0.3403902000216622,0.3403902000216622,HIGH_RISK
p2_previous_class_A1,p2_previous_class,0.34014745135920366,0.34014745135920366,HIGH_RISK
p2_prefecture_静 岡,p2_prefecture,0.34003148053554494,0.34003148053554494,HIGH_RISK
p7_prefecture_長 崎,p7_prefecture,0.3381978025250228,0.3381978025250228,HIGH_RISK
p8_riding_style_追,p8_riding_style,0.3377645674093014,0.3377645674093014,HIGH_RISK
p1_prefecture_奈 良,p1_prefecture,-0.3333523296741501,0.3333523296741501,LOW_RISK
p7_prefecture_山 口,p7_prefecture,-0.33308177818453727,0.33308177818453727,LOW_RISK
p2_class_A1,p2_class,-0.3317357196756139,0.3317357196756139,LOW_RISK
p8_prefecture_熊 本,p8_prefecture,0.3298765773311492,0.3298765773311492,HIGH_RISK
p2_riding_style_追,p2_riding_style,-0.32955445410201867,0.32955445410201867,LOW_RISK
p5_prefecture_愛 媛,p5_prefecture,0.3294994567567179,0.3294994567567179,HIGH_RISK
p6_prefecture_和歌山,p6_prefecture,0.3266238221201468,0.3266238221201468,HIGH_RISK
p4_prefecture_茨 城,p4_prefecture,0.32526931725704217,0.32526931725704217,HIGH_RISK
p9_prefecture_山 口,p9_prefecture,0.321934665162375,0.321934665162375,HIGH_RISK
p4_prefecture_徳 島,p4_prefecture,0.32108415311134014,0.32108415311134014,HIGH_RISK
p1_prefecture_北海道,p1_prefecture,0.32104733557978776,0.32104733557978776,HIGH_RISK
p9_previous_class_A2,p9_previous_class,0.32040243909677313,0.32040243909677313,HIGH_RISK
p7_prefecture_広 島,p7_prefecture,0.31995075430261294,0.31995075430261294,HIGH_RISK
p8_prefecture_福 岡,p8_prefecture,0.3198742973143273,0.3198742973143273,HIGH_RISK
p7_prefecture_青 森,p7_prefecture,0.319120041517747,0.319120041517747,HIGH_RISK
p4_class_S2,p4_class,-0.3162503147009902,0.3162503147009902,LOW_RISK
p4_previous_class_L1,p4_previous_class,0.3161545071546483,0.3161545071546483,HIGH_RISK
p9_prefecture_福 岡,p9_prefecture,0.3140106415118821,0.3140106415118821,HIGH_RISK
p4_class_S1,p4_class,0.3120434484263064,0.3120434484263064,HIGH_RISK
p2_prefecture_福 島,p2_prefecture,0.31110374451727896,0.31110374451727896,HIGH_RISK
p2_previous_class_S1,p2_previous_class,-0.3108955886340091,0.3108955886340091,LOW_RISK
p2_prefecture_香 川,p2_prefecture,0.3100716131554269,0.3100716131554269,HIGH_RISK
p9_prefecture_岐 阜,p9_prefecture,0.3075548122167696,0.3075548122167696,HIGH_RISK
p9_class_S1,p9_class,-0.3074027671229109,0.3074027671229109,LOW_RISK
p2_prefecture_群 馬,p2_prefecture,-0.30727172802022973,0.30727172802022973,LOW_RISK
p8_prefecture_茨 城,p8_prefecture,0.3001581489754543,0.3001581489754543,HIGH_RISK
p3_prefecture_大 阪,p3_prefecture,0.2993751722985274,0.2993751722985274,HIGH_RISK
p1_prefecture_広 島,p1_prefecture,-0.29905274172031915,0.29905274172031915,LOW_RISK
p8_prefecture_長 崎,p8_prefecture,-0.29168286207350175,0.29168286207350175,LOW_RISK
p6_prefecture_福 岡,p6_prefecture,0.28844189985507673,0.28844189985507673,HIGH_RISK
p2_prefecture_宮 崎,p2_prefecture,-0.28647362462281684,0.28647362462281684,LOW_RISK
p4_prefecture_福 岡,p4_prefecture,0.2861420843206976,0.2861420843206976,HIGH_RISK
p5_prefecture_三 重,p5_prefecture,0.28594622285269367,0.28594622285269367,HIGH_RISK
p5_nige_count,p5_nige_count,-0.2854802506275476,0.2854802506275476,LOW_RISK
p1_home_count,p1_home_count,0.2853929449712645,0.2853929449712645,HIGH_RISK
p6_prefecture_香 川,p6_prefecture,0.28322215000684803,0.28322215000684803,HIGH_RISK
p3_prefecture_埼 玉,p3_prefecture,-0.2825598029254568,0.2825598029254568,LOW_RISK
p4_prefecture_静 岡,p4_prefecture,-0.28220647639695123,0.28220647639695123,LOW_RISK
p1_back_count,p1_back_count,-0.2812011450154942,0.2812011450154942,LOW_RISK
p3_prefecture_長 崎,p3_prefecture,-0.27982944330174303,0.27982944330174303,LOW_RISK
p9_prefecture_佐 賀,p9_prefecture,-0.2778025646671673,0.2778025646671673,LOW_RISK
p7_prefecture_秋 田,p7_prefecture,-0.27762157747816896,0.27762157747816896,LOW_RISK
p7_prefecture___MISSING__,p7_prefecture,-0.2756148068962834,0.2756148068962834,LOW_RISK
p7_class___MISSING__,p7_class,-0.2756148068962834,0.2756148068962834,LOW_RISK
p7_riding_style___MISSING__,p7_riding_style,-0.2756148068962834,0.2756148068962834,LOW_RISK
p2_previous_class_A3,p2_previous_class,0.2740667192351203,0.2740667192351203,HIGH_RISK
p1_prefecture_滋 賀,p1_prefecture,-0.2706160586703482,0.2706160586703482,LOW_RISK
p3_previous_class_A3,p3_previous_class,0.27048983145133343,0.27048983145133343,HIGH_RISK
p9_prefecture_広 島,p9_prefecture,-0.2693551984142649,0.2693551984142649,LOW_RISK
p3_prefecture_鹿児島,p3_prefecture,-0.2679017410662394,0.2679017410662394,LOW_RISK
p3_previous_class_S1,p3_previous_class,0.2678224941427161,0.2678224941427161,HIGH_RISK
p3_prefecture_イギリ,p3_prefecture,0.2672657163489925,0.2672657163489925,HIGH_RISK
p2_prefecture_福 井,p2_prefecture,-0.26529777484873457,0.26529777484873457,LOW_RISK
p2_class_A2,p2_class,0.2638008741067011,0.2638008741067011,HIGH_RISK
p9_prefecture_東 京,p9_prefecture,0.2615460839136686,0.2615460839136686,HIGH_RISK
p6_prefecture_千 葉,p6_prefecture,-0.2612757808090324,0.2612757808090324,LOW_RISK
p6_previous_class_A3,p6_previous_class,-0.26015842250717897,0.26015842250717897,LOW_RISK
p2_prefecture_茨 城,p2_prefecture,-0.2597732853728204,0.2597732853728204,LOW_RISK
p6_class_S1,p6_class,0.25469054411836106,0.25469054411836106,HIGH_RISK
p4_prefecture_岡 山,p4_prefecture,-0.2538261786194881,0.2538261786194881,LOW_RISK
p8_prefecture_香 川,p8_prefecture,0.2538260538896343,0.2538260538896343,HIGH_RISK
p2_prefecture_和歌山,p2_prefecture,-0.2520203989310998,0.2520203989310998,LOW_RISK
p6_prefecture_福 井,p6_prefecture,-0.25171080995604306,0.25171080995604306,LOW_RISK
p4_prefecture_山 梨,p4_prefecture,0.25141443052515206,0.25141443052515206,HIGH_RISK
p3_prefecture_愛 知,p3_prefecture,0.24982571804534223,0.24982571804534223,HIGH_RISK
p7_prefecture_福 井,p7_prefecture,-0.24957354986905367,0.24957354986905367,LOW_RISK
p6_previous_class_A2,p6_previous_class,-0.2492921000405541,0.2492921000405541,LOW_RISK
p1_class_S1,p1_class,-0.24925384050599703,0.24925384050599703,LOW_RISK
p6_recent_finish_1,p6_recent_finish_1,-0.24839362894197806,0.24839362894197806,LOW_RISK
p5_prefecture_茨 城,p5_prefecture,0.24699719970960343,0.24699719970960343,HIGH_RISK
p7_nige_count,p7_nige_count,-0.24601399418957992,0.24601399418957992,LOW_RISK
p6_prefecture_佐 賀,p6_prefecture,-0.24522014861501873,0.24522014861501873,LOW_RISK
p4_prefecture_群 馬,p4_prefecture,-0.2419633453453826,0.2419633453453826,LOW_RISK
p3_prefecture_愛 媛,p3_prefecture,0.24095075739593025,0.24095075739593025,HIGH_RISK
p8_back_count,p8_back_count,0.23905254667239456,0.23905254667239456,HIGH_RISK
p6_prefecture_沖 縄,p6_prefecture,-0.23664957358358277,0.23664957358358277,LOW_RISK
p9_sashi_count,p9_sashi_count,0.23388591057359565,0.23388591057359565,HIGH_RISK
p9_prefecture_秋 田,p9_prefecture,-0.23367261953004653,0.23367261953004653,LOW_RISK
p4_prefecture_イギリ,p4_prefecture,0.23340648892034171,0.23340648892034171,HIGH_RISK
p5_prefecture_岡 山,p5_prefecture,-0.23222800037015645,0.23222800037015645,LOW_RISK
p5_prefecture_宮 崎,p5_prefecture,-0.23208471996483332,0.23208471996483332,LOW_RISK
p6_prefecture_徳 島,p6_prefecture,0.23176563168814115,0.23176563168814115,HIGH_RISK
p8_home_count,p8_home_count,-0.2314133934876464,0.2314133934876464,LOW_RISK
p4_prefecture_香 川,p4_prefecture,0.23104532623233476,0.23104532623233476,HIGH_RISK
p4_prefecture_和歌山,p4_prefecture,0.23045303189230829,0.23045303189230829,HIGH_RISK
p5_previous_class___MISSING__,p5_previous_class,0.23038197332637808,0.23038197332637808,HIGH_RISK
p3_riding_style_逃,p3_riding_style,0.22779221389344723,0.22779221389344723,HIGH_RISK
p3_prefecture_福 井,p3_prefecture,-0.22499248112506656,0.22499248112506656,LOW_RISK
p5_prefecture_和歌山,p5_prefecture,0.2238868237563645,0.2238868237563645,HIGH_RISK
p7_prefecture_新 潟,p7_prefecture,0.22311278917215246,0.22311278917215246,HIGH_RISK
p8_class_A1,p8_class,0.22087649542487245,0.22087649542487245,HIGH_RISK
p9_class_A1,p9_class,0.22087649542487245,0.22087649542487245,HIGH_RISK
p4_riding_style_両,p4_riding_style,0.2206593791773295,0.2206593791773295,HIGH_RISK
p3_nige_count,p3_nige_count,0.22061294208855256,0.22061294208855256,HIGH_RISK
p9_prefecture_福 井,p9_prefecture,0.22011516069213907,0.22011516069213907,HIGH_RISK
p7_prefecture_岩 手,p7_prefecture,-0.2192510575660302,0.2192510575660302,LOW_RISK
p8_prefecture_奈 良,p8_prefecture,0.21905080984539524,0.21905080984539524,HIGH_RISK
p7_prefecture_群 馬,p7_prefecture,0.2181389020594192,0.2181389020594192,HIGH_RISK
p5_class_A1,p5_class,-0.21668204633886673,0.21668204633886673,LOW_RISK
p8_prefecture_佐 賀,p8_prefecture,-0.21468330040096364,0.21468330040096364,LOW_RISK
p1_prefecture_大 分,p1_prefecture,0.21348024808406044,0.21348024808406044,HIGH_RISK
p5_prefecture_千 葉,p5_prefecture,-0.2110566242512,0.2110566242512,LOW_RISK
p3_prefecture_兵 庫,p3_prefecture,-0.2104138967261074,0.2104138967261074,LOW_RISK
p5_previous_class_A3,p5_previous_class,-0.20974661530426328,0.20974661530426328,LOW_RISK
p2_previous_class_S2,p2_previous_class,0.20884637337118972,0.20884637337118972,HIGH_RISK
p6_prefecture_大 阪,p6_prefecture,0.20677571948557666,0.20677571948557666,HIGH_RISK
p3_prefecture_和歌山,p3_prefecture,0.2062301908915212,0.2062301908915212,HIGH_RISK
p1_prefecture_愛 媛,p1_prefecture,-0.2061619475784516,0.2061619475784516,LOW_RISK
p2_prefecture_岐 阜,p2_prefecture,0.204480859179516,0.204480859179516,HIGH_RISK
p6_prefecture_茨 城,p6_prefecture,-0.20414818710521654,0.20414818710521654,LOW_RISK
p1_prefecture_徳 島,p1_prefecture,0.20360083827663802,0.20360083827663802,HIGH_RISK
p4_prefecture_大 阪,p4_prefecture,0.202588390740996,0.202588390740996,HIGH_RISK
p6_prefecture_岡 山,p6_prefecture,0.20256702326820616,0.20256702326820616,HIGH_RISK
p3_prefecture_大 分,p3_prefecture,0.20233857801888058,0.20233857801888058,HIGH_RISK
p7_riding_style_逃,p7_riding_style,0.20121474277330237,0.20121474277330237,HIGH_RISK
p5_prefecture_福 島,p5_prefecture,0.20050800221384082,0.20050800221384082,HIGH_RISK
p9_prefecture_香 川,p9_prefecture,-0.19608238180508786,0.19608238180508786,LOW_RISK
p2_prefecture_愛 知,p2_prefecture,-0.1959406546709399,0.1959406546709399,LOW_RISK
p4_recent_finish_1,p4_recent_finish_1,0.19466915429314005,0.19466915429314005,HIGH_RISK
p8_prefecture_宮 崎,p8_prefecture,-0.19076067932091945,0.19076067932091945,LOW_RISK
p9_prefecture_山 梨,p9_prefecture,-0.19076067932091945,0.19076067932091945,LOW_RISK
p6_class_A2,p6_class,0.18975027417209997,0.18975027417209997,HIGH_RISK
p9_makuri_count,p9_makuri_count,0.1882900610187751,0.1882900610187751,HIGH_RISK
p1_prefecture_高 知,p1_prefecture,0.1870449375363082,0.1870449375363082,HIGH_RISK
p7_prefecture_東 京,p7_prefecture,-0.18703282143549368,0.18703282143549368,LOW_RISK
p9_race_score,p9_race_score,0.18651117490900015,0.18651117490900015,HIGH_RISK
p5_prefecture_高 知,p5_prefecture,0.18648577823407517,0.18648577823407517,HIGH_RISK
p1_class_A3,p1_class,0.18630429293467732,0.18630429293467732,HIGH_RISK
p2_class_A3,p2_class,0.18630429293467732,0.18630429293467732,HIGH_RISK
p3_class_A3,p3_class,0.18630429293467732,0.18630429293467732,HIGH_RISK
p4_class_A3,p4_class,0.18630429293467732,0.18630429293467732,HIGH_RISK
p5_class_A3,p5_class,0.18630429293467732,0.18630429293467732,HIGH_RISK
p7_prefecture_大 分,p7_prefecture,-0.18552584518250037,0.18552584518250037,LOW_RISK
p1_riding_style_両,p1_riding_style,0.18368178860782539,0.18368178860782539,HIGH_RISK
p9_previous_class_S2,p9_previous_class,-0.1833913143278969,0.1833913143278969,LOW_RISK
p9_prefecture_熊 本,p9_prefecture,-0.18287784330730383,0.18287784330730383,LOW_RISK
p4_prefecture_秋 田,p4_prefecture,-0.182798160671293,0.182798160671293,LOW_RISK
p3_prefecture_茨 城,p3_prefecture,-0.18238317542017055,0.18238317542017055,LOW_RISK
p7_previous_class___MISSING__,p7_previous_class,-0.180793680258631,0.180793680258631,LOW_RISK
p4_previous_class___MISSING__,p4_previous_class,-0.1806410783127321,0.1806410783127321,LOW_RISK
p7_prefecture_長 野,p7_prefecture,-0.18021748543720312,0.18021748543720312,LOW_RISK
p4_prefecture_千 葉,p4_prefecture,0.1787660506798091,0.1787660506798091,HIGH_RISK
p3_prefecture_徳 島,p3_prefecture,-0.17736104552429383,0.17736104552429383,LOW_RISK
p6_prefecture_東 京,p6_prefecture,-0.17658718811852428,0.17658718811852428,LOW_RISK
p2_prefecture_千 葉,p2_prefecture,0.17633344293814582,0.17633344293814582,HIGH_RISK
p5_prefecture_大 分,p5_prefecture,-0.17481634001992608,0.17481634001992608,LOW_RISK
p2_class_S1,p2_class,0.1745111104312717,0.1745111104312717,HIGH_RISK
p8_nige_count,p8_nige_count,-0.17410264810232592,0.17410264810232592,LOW_RISK
p8_prefecture_東 京,p8_prefecture,-0.17329486996467663,0.17329486996467663,LOW_RISK
p3_previous_class_SS,p3_previous_class,-0.1731378222064594,0.1731378222064594,LOW_RISK
p3_class_SS,p3_class,-0.1731378222064594,0.1731378222064594,LOW_RISK
p2_prefecture_京 都,p2_prefecture,0.17242051136703557,0.17242051136703557,HIGH_RISK
p8_class_S2,p8_class,-0.17197521671157542,0.17197521671157542,LOW_RISK
p2_class_S2,p2_class,0.1717311491445196,0.1717311491445196,HIGH_RISK
p8_prefecture_愛 媛,p8_prefecture,0.17123126153047735,0.17123126153047735,HIGH_RISK
p3_class_S2,p3_class,0.1708433984722121,0.1708433984722121,HIGH_RISK
p7_class_A2,p7_class,0.1672585205087258,0.1672585205087258,HIGH_RISK
p9_prefecture_岡 山,p9_prefecture,0.1655220792037588,0.1655220792037588,HIGH_RISK
p2_riding_style_両,p2_riding_style,-0.16349836176363497,0.16349836176363497,LOW_RISK
p3_riding_style_両,p3_riding_style,-0.16209979785858547,0.16209979785858547,LOW_RISK
p4_prefecture_熊 本,p4_prefecture,0.16193327782606048,0.16193327782606048,HIGH_RISK
p8_prefecture_大 分,p8_prefecture,-0.16078752981607397,0.16078752981607397,LOW_RISK
p8_prefecture_青 森,p8_prefecture,-0.1597073407820068,0.1597073407820068,LOW_RISK
p8_top2_rate,p8_top2_rate,0.1586976047216229,0.1586976047216229,HIGH_RISK
p6_prefecture_静 岡,p6_prefecture,-0.15772598210832403,0.15772598210832403,LOW_RISK
p6_sashi_count,p6_sashi_count,0.15722017586775355,0.15722017586775355,HIGH_RISK
p2_prefecture_北海道,p2_prefecture,-0.15579770728105524,0.15579770728105524,LOW_RISK
p6_nige_count,p6_nige_count,-0.1545925731836468,0.1545925731836468,LOW_RISK
p4_prefecture_青 森,p4_prefecture,-0.15420743962775596,0.15420743962775596,LOW_RISK
p9_recent_finish_3,p9_recent_finish_3,-0.15373190370726172,0.15373190370726172,LOW_RISK
p8_prefecture_和歌山,p8_prefecture,-0.15350092674253826,0.15350092674253826,LOW_RISK
p1_previous_class_SS,p1_previous_class,-0.15079469866436215,0.15079469866436215,LOW_RISK
p1_class_SS,p1_class,-0.15079469866436215,0.15079469866436215,LOW_RISK
p5_previous_class_A2,p5_previous_class,-0.14952015392378845,0.14952015392378845,LOW_RISK
p7_recent_finish_1,p7_recent_finish_1,0.14941000847506208,0.14941000847506208,HIGH_RISK
p5_class_A2,p5_class,0.14874720077206416,0.14874720077206416,HIGH_RISK
p5_riding_style_逃,p5_riding_style,0.1478955672700402,0.1478955672700402,HIGH_RISK
p7_prefecture_三 重,p7_prefecture,-0.1468813233734911,0.1468813233734911,LOW_RISK
p3_previous_class___MISSING__,p3_previous_class,0.14625654620013334,0.14625654620013334,HIGH_RISK
p5_prefecture_ニュー,p5_prefecture,-0.14391126763891504,0.14391126763891504,LOW_RISK
p5_riding_style_両,p5_riding_style,-0.14359286524218862,0.14359286524218862,LOW_RISK
p6_home_count,p6_home_count,0.14241458727194767,0.14241458727194767,HIGH_RISK
p7_previous_class_SS,p7_previous_class,-0.14238873951023873,0.14238873951023873,LOW_RISK
p7_class_SS,p7_class,-0.14238873951023873,0.14238873951023873,LOW_RISK
p3_back_count,p3_back_count,-0.14113712773286588,0.14113712773286588,LOW_RISK
p4_prefecture_福 島,p4_prefecture,-0.1411008322331647,0.1411008322331647,LOW_RISK
p4_prefecture_長 崎,p4_prefecture,-0.14080936923860454,0.14080936923860454,LOW_RISK
p8_prefecture_徳 島,p8_prefecture,0.14022630987975507,0.14022630987975507,HIGH_RISK
p4_riding_style_追,p4_riding_style,-0.1390691716363516,0.1390691716363516,LOW_RISK
p9_prefecture_和歌山,p9_prefecture,-0.13837502328883117,0.13837502328883117,LOW_RISK
p2_prefecture_東 京,p2_prefecture,0.13651863747978268,0.13651863747978268,HIGH_RISK
p4_prefecture_栃 木,p4_prefecture,-0.13479776876281618,0.13479776876281618,LOW_RISK
p2_mark_count,p2_mark_count,0.1347695180182688,0.1347695180182688,HIGH_RISK
p6_prefecture_大 分,p6_prefecture,0.13232329863216077,0.13232329863216077,HIGH_RISK
p9_riding_style_追,p9_riding_style,0.13176085845800836,0.13176085845800836,HIGH_RISK
p6_prefecture_秋 田,p6_prefecture,-0.13069372410457447,0.13069372410457447,LOW_RISK
p6_prefecture_北海道,p6_prefecture,-0.12925418117875664,0.12925418117875664,LOW_RISK
p9_top2_rate,p9_top2_rate,0.1289844604670943,0.1289844604670943,HIGH_RISK
p8_prefecture_富 山,p8_prefecture,0.12884877224661237,0.12884877224661237,HIGH_RISK
p5_prefecture_石 川,p5_prefecture,-0.1275550949186433,0.1275550949186433,LOW_RISK
p4_prefecture_富 山,p4_prefecture,0.12741279623823965,0.12741279623823965,HIGH_RISK
p7_previous_class_A3,p7_previous_class,0.1257200247207289,0.1257200247207289,HIGH_RISK
p4_prefecture_宮 城,p4_prefecture,-0.12562278660585358,0.12562278660585358,LOW_RISK
p6_riding_style_両,p6_riding_style,0.12379339880594223,0.12379339880594223,HIGH_RISK
p2_prefecture_福 岡,p2_prefecture,0.1237864711192427,0.1237864711192427,HIGH_RISK
p1_prefecture_福 岡,p1_prefecture,-0.12148272028252602,0.12148272028252602,LOW_RISK
p7_class_A1,p7_class,0.12030788939721801,0.12030788939721801,HIGH_RISK
p4_previous_class_A1,p4_previous_class,-0.11970718822347888,0.11970718822347888,LOW_RISK
p5_previous_class_L1,p5_previous_class,0.1173050400985665,0.1173050400985665,HIGH_RISK
p6_prefecture_宮 城,p6_prefecture,-0.11692226661371251,0.11692226661371251,LOW_RISK
p2_prefecture_長 崎,p2_prefecture,-0.11689223416648213,0.11689223416648213,LOW_RISK
p8_prefecture___MISSING__,p8_prefecture,-0.1156480918357256,0.1156480918357256,LOW_RISK
p8_previous_class___MISSING__,p8_previous_class,-0.1156480918357256,0.1156480918357256,LOW_RISK
p8_class___MISSING__,p8_class,-0.1156480918357256,0.1156480918357256,LOW_RISK
p8_riding_style___MISSING__,p8_riding_style,-0.1156480918357256,0.1156480918357256,LOW_RISK
p1_recent_finish_1,p1_recent_finish_1,0.11404343972002308,0.11404343972002308,HIGH_RISK
p7_recent_finish_3,p7_recent_finish_3,0.11227963833284883,0.11227963833284883,HIGH_RISK
p7_prefecture_山 形,p7_prefecture,-0.11227578761527064,0.11227578761527064,LOW_RISK
p1_class_A2,p1_class,-0.11085573617443528,0.11085573617443528,LOW_RISK
p6_recent_finish_2,p6_recent_finish_2,-0.11014046053117124,0.11014046053117124,LOW_RISK
p8_recent_finish_3,p8_recent_finish_3,0.11000949641741631,0.11000949641741631,HIGH_RISK
p3_prefecture_千 葉,p3_prefecture,-0.10991977000422946,0.10991977000422946,LOW_RISK
p5_prefecture_埼 玉,p5_prefecture,0.1096651579310874,0.1096651579310874,HIGH_RISK
p4_prefecture_石 川,p4_prefecture,-0.10934564100332382,0.10934564100332382,LOW_RISK
p6_riding_style_逃,p6_riding_style,-0.1091903371305969,0.1091903371305969,LOW_RISK
p7_prefecture_和歌山,p7_prefecture,-0.1090089705944145,0.1090089705944145,LOW_RISK
p7_sashi_count,p7_sashi_count,-0.10894697543440418,0.10894697543440418,LOW_RISK
p9_prefecture_京 都,p9_prefecture,0.1084780183199836,0.1084780183199836,HIGH_RISK
p4_recent_finish_3,p4_recent_finish_3,0.10783783227479043,0.10783783227479043,HIGH_RISK
p5_back_count,p5_back_count,0.1064597986882873,0.1064597986882873,HIGH_RISK
p8_prefecture_北海道,p8_prefecture,-0.10162277507240408,0.10162277507240408,LOW_RISK
p9_prefecture_鹿児島,p9_prefecture,-0.09994453945736397,0.09994453945736397,LOW_RISK
p1_prefecture_福 井,p1_prefecture,-0.099799998655592,0.099799998655592,LOW_RISK
p2_previous_class_A2,p2_previous_class,-0.09846223767188156,0.09846223767188156,LOW_RISK
p3_prefecture_宮 城,p3_prefecture,0.09841204157716689,0.09841204157716689,HIGH_RISK
p8_prefecture_石 川,p8_prefecture,-0.09786544280740012,0.09786544280740012,LOW_RISK
p2_recent_finish_3,p2_recent_finish_3,-0.09722100761764019,0.09722100761764019,LOW_RISK
p5_previous_class_S1,p5_previous_class,-0.0969857285009211,0.0969857285009211,LOW_RISK
p9_prefecture_滋 賀,p9_prefecture,-0.09631342153898909,0.09631342153898909,LOW_RISK
p5_prefecture_オラン,p5_prefecture,-0.09551226239320486,0.09551226239320486,LOW_RISK
p6_prefecture_富 山,p6_prefecture,-0.09478915991611854,0.09478915991611854,LOW_RISK
p5_prefecture_長 崎,p5_prefecture,0.09345468062569073,0.09345468062569073,HIGH_RISK
p8_class_S1,p8_class,0.09239681474879649,0.09239681474879649,HIGH_RISK
p5_prefecture_福 井,p5_prefecture,-0.0922214073284022,0.0922214073284022,LOW_RISK
p3_prefecture_ニュー,p3_prefecture,-0.09189901709873997,0.09189901709873997,LOW_RISK
p3_class_A1,p3_class,-0.09149172906005858,0.09149172906005858,LOW_RISK
p9_age,p9_age,0.0909645687264961,0.0909645687264961,HIGH_RISK
p3_prefecture_福 岡,p3_prefecture,-0.09094399405744621,0.09094399405744621,LOW_RISK
p7_prefecture_石 川,p7_prefecture,0.0898220692187626,0.0898220692187626,HIGH_RISK
p1_previous_class_L1,p1_previous_class,-0.08851257946584888,0.08851257946584888,LOW_RISK
p1_class_L1,p1_class,-0.08851257946584888,0.08851257946584888,LOW_RISK
p2_class_L1,p2_class,-0.08851257946584888,0.08851257946584888,LOW_RISK
p3_class_L1,p3_class,-0.08851257946584888,0.08851257946584888,LOW_RISK
p4_class_L1,p4_class,-0.08851257946584888,0.08851257946584888,LOW_RISK
p5_class_L1,p5_class,-0.08851257946584888,0.08851257946584888,LOW_RISK
p3_prefecture_北海道,p3_prefecture,-0.08806437354236445,0.08806437354236445,LOW_RISK
p4_previous_class_S2,p4_previous_class,0.08790762865698004,0.08790762865698004,HIGH_RISK
p3_prefecture_福 島,p3_prefecture,-0.0878850078833924,0.0878850078833924,LOW_RISK
p3_prefecture_熊 本,p3_prefecture,-0.08665345069529927,0.08665345069529927,LOW_RISK
p7_prefecture_茨 城,p7_prefecture,0.0859236285311824,0.0859236285311824,HIGH_RISK
p6_prefecture_滋 賀,p6_prefecture,-0.08414536943738228,0.08414536943738228,LOW_RISK
p3_prefecture_岐 阜,p3_prefecture,-0.08356833047238107,0.08356833047238107,LOW_RISK
p8_recent_finish_2,p8_recent_finish_2,0.08312329603418897,0.08312329603418897,HIGH_RISK
p7_previous_class_A1,p7_previous_class,0.08224930262062859,0.08224930262062859,HIGH_RISK
p4_back_count,p4_back_count,0.08199305414359372,0.08199305414359372,HIGH_RISK
p7_class_S1,p7_class,-0.08189316463031333,0.08189316463031333,LOW_RISK
p8_prefecture_京 都,p8_prefecture,-0.08151420409418236,0.08151420409418236,LOW_RISK
p1_riding_style_追,p1_riding_style,-0.07968619074617536,0.07968619074617536,LOW_RISK
p2_prefecture_新 潟,p2_prefecture,0.07948792611058765,0.07948792611058765,HIGH_RISK
p4_prefecture_滋 賀,p4_prefecture,-0.07900521403231867,0.07900521403231867,LOW_RISK
p1_riding_style_逃,p1_riding_style,-0.07834559623658087,0.07834559623658087,LOW_RISK
p5_recent_finish_2,p5_recent_finish_2,-0.07718904096187948,0.07718904096187948,LOW_RISK
p6_previous_class_A1,p6_previous_class,0.07701381285765616,0.07701381285765616,HIGH_RISK
p3_previous_class_A1,p3_previous_class,-0.07700343268206365,0.07700343268206365,LOW_RISK
p9_start_count,p9_start_count,0.07584357347707564,0.07584357347707564,HIGH_RISK
p3_sashi_count,p3_sashi_count,0.07522018212474932,0.07522018212474932,HIGH_RISK
p4_previous_class_S1,p4_previous_class,-0.0745291091801405,0.0745291091801405,LOW_RISK
p7_riding_style_両,p7_riding_style,0.07434998597708638,0.07434998597708638,HIGH_RISK
p1_sashi_count,p1_sashi_count,0.07249674546521039,0.07249674546521039,HIGH_RISK
p6_class_A1,p6_class,-0.07248994536773797,0.07248994536773797,LOW_RISK
p7_previous_class_L1,p7_previous_class,0.07227671116502511,0.07227671116502511,HIGH_RISK
p7_class_L1,p7_class,0.07227671116502511,0.07227671116502511,HIGH_RISK
p9_prefecture___MISSING__,p9_prefecture,0.07117729087548075,0.07117729087548075,HIGH_RISK
p9_previous_class___MISSING__,p9_previous_class,0.07117729087548075,0.07117729087548075,HIGH_RISK
p9_class___MISSING__,p9_class,0.07117729087548075,0.07117729087548075,HIGH_RISK
p9_riding_style___MISSING__,p9_riding_style,0.07117729087548075,0.07117729087548075,HIGH_RISK
p8_top3_rate,p8_top3_rate,-0.07054209976662174,0.07054209976662174,LOW_RISK
p9_prefecture_埼 玉,p9_prefecture,-0.06958546456248355,0.06958546456248355,LOW_RISK
p4_previous_class_A3,p4_previous_class,-0.06949484662390037,0.06949484662390037,LOW_RISK
p1_prefecture_岐 阜,p1_prefecture,0.06912545068920894,0.06912545068920894,HIGH_RISK
p6_class_L1,p6_class,-0.0681410361483748,0.0681410361483748,LOW_RISK
p6_prefecture_オラン,p6_prefecture,-0.06767460421201156,0.06767460421201156,LOW_RISK
p8_prefecture_秋 田,p8_prefecture,-0.06752217627298471,0.06752217627298471,LOW_RISK
p8_age,p8_age,0.06733973747393482,0.06733973747393482,HIGH_RISK
p6_back_count,p6_back_count,-0.06723347000152616,0.06723347000152616,LOW_RISK
p9_prefecture_兵 庫,p9_prefecture,-0.0665930266421299,0.0665930266421299,LOW_RISK
p4_previous_class_A2,p4_previous_class,0.06596008815304824,0.06596008815304824,HIGH_RISK
p7_prefecture_兵 庫,p7_prefecture,0.06555999157668675,0.06555999157668675,HIGH_RISK
p9_win_rate,p9_win_rate,-0.06461304783156782,0.06461304783156782,LOW_RISK
p9_prefecture_奈 良,p9_prefecture,0.06418212615545776,0.06418212615545776,HIGH_RISK
p3_recent_finish_1,p3_recent_finish_1,0.06374154036255317,0.06374154036255317,HIGH_RISK
p7_prefecture_滋 賀,p7_prefecture,0.06315637426294879,0.06315637426294879,HIGH_RISK
p3_age,p3_age,-0.06305861229927978,0.06305861229927978,LOW_RISK
p7_mark_count,p7_mark_count,-0.06145768654774448,0.06145768654774448,LOW_RISK
p1_prefecture_山 梨,p1_prefecture,-0.06118957974245245,0.06118957974245245,LOW_RISK
p2_previous_class_L1,p2_previous_class,-0.06032597208271365,0.06032597208271365,LOW_RISK
p4_prefecture_オラン,p4_prefecture,-0.06028946989400578,0.06028946989400578,LOW_RISK
p1_prefecture_神奈川,p1_prefecture,0.06001233078691909,0.06001233078691909,HIGH_RISK
p4_prefecture_福 井,p4_prefecture,-0.0593525597441866,0.0593525597441866,LOW_RISK
p6_previous_class___MISSING__,p6_previous_class,-0.05830762879500671,0.05830762879500671,LOW_RISK
p2_makuri_count,p2_makuri_count,0.05820476712548245,0.05820476712548245,HIGH_RISK
p9_graduation_term,p9_graduation_term,0.05792078344647399,0.05792078344647399,HIGH_RISK
p5_class_S2,p5_class,0.05733058746163614,0.05733058746163614,HIGH_RISK
p1_recent_finish_3,p1_recent_finish_3,-0.0572823575770634,0.0572823575770634,LOW_RISK
p4_age,p4_age,-0.05702376133899254,0.05702376133899254,LOW_RISK
p3_prefecture_オラン,p3_prefecture,-0.05599562983449342,0.05599562983449342,LOW_RISK
p5_recent_finish_3,p5_recent_finish_3,-0.05599168658035224,0.05599168658035224,LOW_RISK
p4_riding_style_逃,p4_riding_style,-0.05594020591470365,0.05594020591470365,LOW_RISK
p8_win_rate,p8_win_rate,-0.05527065070185769,0.05527065070185769,LOW_RISK
p1_race_score,p1_race_score,0.05406478719243839,0.05406478719243839,HIGH_RISK
p2_prefecture_徳 島,p2_prefecture,0.054003766769112616,0.054003766769112616,HIGH_RISK
p1_makuri_count,p1_makuri_count,0.053946200062134464,0.053946200062134464,HIGH_RISK
p5_age,p5_age,0.05387758133581175,0.05387758133581175,HIGH_RISK
p7_previous_class_A2,p7_previous_class,0.053663937144437554,0.053663937144437554,HIGH_RISK
p8_graduation_term,p8_graduation_term,0.05321695433952651,0.05321695433952651,HIGH_RISK
p1_prefecture_愛 知,p1_prefecture,0.05303718910672816,0.05303718910672816,HIGH_RISK
p6_riding_style_追,p6_riding_style,0.05258895381580241,0.05258895381580241,HIGH_RISK
p4_prefecture_山 口,p4_prefecture,0.05246203067014584,0.05246203067014584,HIGH_RISK
p6_previous_class_S2,p6_previous_class,0.05197761646846992,0.05197761646846992,HIGH_RISK
p2_sashi_count,p2_sashi_count,0.05165266558932719,0.05165266558932719,HIGH_RISK
p9_prefecture_福 島,p9_prefecture,-0.05131887064067695,0.05131887064067695,LOW_RISK
p1_previous_class___MISSING__,p1_previous_class,0.050908989282256206,0.050908989282256206,HIGH_RISK
p4_class_A1,p4_class,-0.050623122287514755,0.050623122287514755,LOW_RISK
p3_prefecture_岡 山,p3_prefecture,-0.05062188599046698,0.05062188599046698,LOW_RISK
p9_top3_rate,p9_top3_rate,-0.050454492584730656,0.050454492584730656,LOW_RISK
p3_home_count,p3_home_count,0.050006429443824864,0.050006429443824864,HIGH_RISK
p4_nige_count,p4_nige_count,-0.04990481145824107,0.04990481145824107,LOW_RISK
p7_age,p7_age,0.04939652050123928,0.04939652050123928,HIGH_RISK
p7_prefecture_福 岡,p7_prefecture,-0.049017718867430865,0.049017718867430865,LOW_RISK
p5_start_count,p5_start_count,-0.04862656005156196,0.04862656005156196,LOW_RISK
p7_home_count,p7_home_count,0.04812082999515242,0.04812082999515242,HIGH_RISK
p8_makuri_count,p8_makuri_count,0.045937664429073016,0.045937664429073016,HIGH_RISK
p7_prefecture_宮 崎,p7_prefecture,-0.045386469059567724,0.045386469059567724,LOW_RISK
p1_age,p1_age,0.04524895023069848,0.04524895023069848,HIGH_RISK
p3_recent_finish_3,p3_recent_finish_3,-0.04467260975115793,0.04467260975115793,LOW_RISK
p8_start_count,p8_start_count,0.04446642566097086,0.04446642566097086,HIGH_RISK
p1_class_A1,p1_class,0.04292089060733986,0.04292089060733986,HIGH_RISK
p4_prefecture_兵 庫,p4_prefecture,0.04200852633980053,0.04200852633980053,HIGH_RISK
p6_prefecture___MISSING__,p6_prefecture,-0.04154201386517212,0.04154201386517212,LOW_RISK
p6_class___MISSING__,p6_class,-0.04154201386517212,0.04154201386517212,LOW_RISK
p6_riding_style___MISSING__,p6_riding_style,-0.04154201386517212,0.04154201386517212,LOW_RISK
p4_graduation_term,p4_graduation_term,-0.04139871119705611,0.04139871119705611,LOW_RISK
p1_recent_finish_2,p1_recent_finish_2,0.04133037570722508,0.04133037570722508,HIGH_RISK
p6_recent_finish_3,p6_recent_finish_3,-0.04122391993562226,0.04122391993562226,LOW_RISK
p3_riding_style_追,p3_riding_style,-0.04004241440920358,0.04004241440920358,LOW_RISK
p2_age,p2_age,0.03989060386621688,0.03989060386621688,HIGH_RISK
p5_sashi_count,p5_sashi_count,-0.038911149327424066,0.038911149327424066,LOW_RISK
p5_graduation_term,p5_graduation_term,0.03865662642393399,0.03865662642393399,HIGH_RISK
p5_prefecture_フラン,p5_prefecture,-0.03860587594714795,0.03860587594714795,LOW_RISK
p2_prefecture_沖 縄,p2_prefecture,-0.03762580562408223,0.03762580562408223,LOW_RISK
p3_prefecture_佐 賀,p3_prefecture,0.0372538566926693,0.0372538566926693,HIGH_RISK
p4_sashi_count,p4_sashi_count,-0.03686908528136932,0.03686908528136932,LOW_RISK
p4_race_score,p4_race_score,-0.03591945358930692,0.03591945358930692,LOW_RISK
p7_race_score,p7_race_score,-0.034975256503884264,0.034975256503884264,LOW_RISK
p1_prefecture_青 森,p1_prefecture,-0.03478956410756501,0.03478956410756501,LOW_RISK
p3_recent_finish_2,p3_recent_finish_2,0.03475978490965618,0.03475978490965618,HIGH_RISK
p4_mark_count,p4_mark_count,-0.033390526431687426,0.033390526431687426,LOW_RISK
p4_home_count,p4_home_count,-0.033231732646214526,0.033231732646214526,LOW_RISK
p4_prefecture_埼 玉,p4_prefecture,0.03204987429287799,0.03204987429287799,HIGH_RISK
p7_recent_finish_2,p7_recent_finish_2,-0.030664012116224396,0.030664012116224396,LOW_RISK
p1_prefecture_群 馬,p1_prefecture,-0.03028192935945663,0.03028192935945663,LOW_RISK
p3_graduation_term,p3_graduation_term,-0.02978904905331763,0.02978904905331763,LOW_RISK
p4_start_count,p4_start_count,0.029112618702977395,0.029112618702977395,HIGH_RISK
p4_recent_finish_2,p4_recent_finish_2,0.02824630802823668,0.02824630802823668,HIGH_RISK
p2_top2_rate,p2_top2_rate,-0.028193044374353736,0.028193044374353736,LOW_RISK
p2_prefecture_フラン,p2_prefecture,-0.02818660738350877,0.02818660738350877,LOW_RISK
p5_recent_finish_1,p5_recent_finish_1,-0.02803195170682105,0.02803195170682105,LOW_RISK
p3_race_score,p3_race_score,-0.027940790554543682,0.027940790554543682,LOW_RISK
p2_recent_finish_1,p2_recent_finish_1,0.027823114681508172,0.027823114681508172,HIGH_RISK
p7_graduation_term,p7_graduation_term,0.027639600222004304,0.027639600222004304,HIGH_RISK
p3_previous_class_L1,p3_previous_class,0.027409950130835792,0.027409950130835792,HIGH_RISK
p3_start_count,p3_start_count,0.02718686948483371,0.02718686948483371,HIGH_RISK
p2_race_score,p2_race_score,0.026933031618223607,0.026933031618223607,HIGH_RISK
p3_prefecture_山 形,p3_prefecture,-0.02678520857556156,0.02678520857556156,LOW_RISK
p7_top2_rate,p7_top2_rate,0.026347390392586024,0.026347390392586024,HIGH_RISK
p7_riding_style_追,p7_riding_style,0.025700079772106612,0.025700079772106612,HIGH_RISK
p2_home_count,p2_home_count,0.02500300170023276,0.02500300170023276,HIGH_RISK
p4_makuri_count,p4_makuri_count,-0.024922516838754842,0.024922516838754842,LOW_RISK
p2_start_count,p2_start_count,-0.024119415754736268,0.024119415754736268,LOW_RISK
p6_age,p6_age,0.024108686338116227,0.024108686338116227,HIGH_RISK
p3_prefecture_フラン,p3_prefecture,-0.024023512498176504,0.024023512498176504,LOW_RISK
p3_prefecture_岩 手,p3_prefecture,0.023721098013644904,0.023721098013644904,HIGH_RISK
p3_class_A2,p3_class,0.02355688349269878,0.02355688349269878,HIGH_RISK
p4_top3_rate,p4_top3_rate,0.022866466300816075,0.022866466300816075,HIGH_RISK
p8_prefecture_宮 城,p8_prefecture,0.022746355533963897,0.022746355533963897,HIGH_RISK
p5_mark_count,p5_mark_count,-0.02274469893949267,0.02274469893949267,LOW_RISK
p2_previous_class___MISSING__,p2_previous_class,0.02272238189870413,0.02272238189870413,HIGH_RISK
p5_top2_rate,p5_top2_rate,0.022455881730000165,0.022455881730000165,HIGH_RISK
p9_prefecture_岩 手,p9_prefecture,-0.02202078937753969,0.02202078937753969,LOW_RISK
p5_riding_style_追,p5_riding_style,0.021347299598722586,0.021347299598722586,HIGH_RISK
p7_prefecture_岐 阜,p7_prefecture,0.020107768373314037,0.020107768373314037,HIGH_RISK
p9_prefecture_静 岡,p9_prefecture,-0.02005345052802987,0.02005345052802987,LOW_RISK
p2_prefecture_富 山,p2_prefecture,-0.01955549943412405,0.01955549943412405,LOW_RISK
p6_mark_count,p6_mark_count,0.019101173235442012,0.019101173235442012,HIGH_RISK
p1_graduation_term,p1_graduation_term,0.01905581430686451,0.01905581430686451,HIGH_RISK
p5_prefecture_山 形,p5_prefecture,-0.018443327228504287,0.018443327228504287,LOW_RISK
p7_makuri_count,p7_makuri_count,0.017530691131470207,0.017530691131470207,HIGH_RISK
p4_class_A2,p4_class,-0.01731172327972084,0.01731172327972084,LOW_RISK
p1_prefecture_宮 崎,p1_prefecture,0.017114947270086188,0.017114947270086188,HIGH_RISK
p7_start_count,p7_start_count,0.01643966377786107,0.01643966377786107,HIGH_RISK
p2_back_count,p2_back_count,-0.01630580767538789,0.01630580767538789,LOW_RISK
p2_prefecture_埼 玉,p2_prefecture,0.01615629727888234,0.01615629727888234,HIGH_RISK
p1_top2_rate,p1_top2_rate,-0.01602949052360466,0.01602949052360466,LOW_RISK
p9_recent_finish_1,p9_recent_finish_1,-0.01582579935118181,0.01582579935118181,LOW_RISK
p6_prefecture_奈 良,p6_prefecture,-0.015777305220840757,0.015777305220840757,LOW_RISK
p5_home_count,p5_home_count,-0.015584642395678678,0.015584642395678678,LOW_RISK
p5_makuri_count,p5_makuri_count,-0.015517943329349013,0.015517943329349013,LOW_RISK
p2_nige_count,p2_nige_count,0.015515533766381179,0.015515533766381179,HIGH_RISK
p8_prefecture_群 馬,p8_prefecture,-0.015460349320915872,0.015460349320915872,LOW_RISK
p2_top3_rate,p2_top3_rate,0.015227557125711848,0.015227557125711848,HIGH_RISK
p7_prefecture_徳 島,p7_prefecture,0.014647074869532007,0.014647074869532007,HIGH_RISK
p1_win_rate,p1_win_rate,0.013959198247493625,0.013959198247493625,HIGH_RISK
p8_previous_class_S2,p8_previous_class,-0.013041034112636156,0.013041034112636156,LOW_RISK
p4_top2_rate,p4_top2_rate,0.012741658086002942,0.012741658086002942,HIGH_RISK
p1_mark_count,p1_mark_count,0.012256693101306426,0.012256693101306426,HIGH_RISK
p2_graduation_term,p2_graduation_term,0.012069048565214568,0.012069048565214568,HIGH_RISK
p6_prefecture_岐 阜,p6_prefecture,0.011353612091311893,0.011353612091311893,HIGH_RISK
p6_win_rate,p6_win_rate,0.011342147243854711,0.011342147243854711,HIGH_RISK
p7_back_count,p7_back_count,-0.01117198790594774,0.01117198790594774,LOW_RISK
p6_graduation_term,p6_graduation_term,0.010884321716370009,0.010884321716370009,HIGH_RISK
p7_top3_rate,p7_top3_rate,0.010757616066812945,0.010757616066812945,HIGH_RISK
p9_recent_finish_2,p9_recent_finish_2,-0.010736832170209001,0.010736832170209001,LOW_RISK
p9_prefecture_愛 媛,p9_prefecture,0.010453257888957611,0.010453257888957611,HIGH_RISK
p6_top3_rate,p6_top3_rate,-0.0102223391874062,0.0102223391874062,LOW_RISK
p3_mark_count,p3_mark_count,0.009999006817407353,0.009999006817407353,HIGH_RISK
p2_recent_finish_2,p2_recent_finish_2,0.009340855382795967,0.009340855382795967,HIGH_RISK
p6_race_score,p6_race_score,0.009291457224707133,0.009291457224707133,HIGH_RISK
p1_prefecture_栃 木,p1_prefecture,0.009088834200353186,0.009088834200353186,HIGH_RISK
p2_win_rate,p2_win_rate,0.008290337626967693,0.008290337626967693,HIGH_RISK
p6_prefecture_高 知,p6_prefecture,0.0077324259058605535,0.0077324259058605535,HIGH_RISK
p8_recent_finish_1,p8_recent_finish_1,0.007426621084910871,0.007426621084910871,HIGH_RISK
p5_top3_rate,p5_top3_rate,-0.0071245042307078125,0.0071245042307078125,LOW_RISK
p8_previous_class_A2,p8_previous_class,0.0070018705012223036,0.0070018705012223036,HIGH_RISK
p1_nige_count,p1_nige_count,0.00694785526650892,0.00694785526650892,HIGH_RISK
p7_prefecture_宮 城,p7_prefecture,-0.006942478010380119,0.006942478010380119,LOW_RISK
p3_prefecture_沖 縄,p3_prefecture,-0.006923485001695406,0.006923485001695406,LOW_RISK
p3_top2_rate,p3_top2_rate,0.006238996663057512,0.006238996663057512,HIGH_RISK
p1_start_count,p1_start_count,0.005755328362591828,0.005755328362591828,HIGH_RISK
p4_win_rate,p4_win_rate,-0.005081632430592457,0.005081632430592457,LOW_RISK
p6_start_count,p6_start_count,0.004715221728239056,0.004715221728239056,HIGH_RISK
p7_prefecture_埼 玉,p7_prefecture,0.0033213777883645025,0.0033213777883645025,HIGH_RISK
p6_makuri_count,p6_makuri_count,0.0030834813566520338,0.0030834813566520338,HIGH_RISK
p5_race_score,p5_race_score,0.0028325025174400107,0.0028325025174400107,HIGH_RISK
p3_makuri_count,p3_makuri_count,0.002654978587068043,0.002654978587068043,HIGH_RISK
p7_win_rate,p7_win_rate,-0.002605726885609495,0.002605726885609495,LOW_RISK
p3_top3_rate,p3_top3_rate,-0.002375010014589129,0.002375010014589129,LOW_RISK
p6_top2_rate,p6_top2_rate,0.002182098846955211,0.002182098846955211,HIGH_RISK
p5_prefecture_神奈川,p5_prefecture,0.00216726213275307,0.00216726213275307,HIGH_RISK
p3_class_S1,p3_class,-0.001912442540776079,0.001912442540776079,LOW_RISK
p9_previous_class_S1,p9_previous_class,0.001737259197665693,0.001737259197665693,HIGH_RISK
p5_win_rate,p5_win_rate,0.001455060036502046,0.001455060036502046,HIGH_RISK
p3_win_rate,p3_win_rate,-0.0014311738921728792,0.0014311738921728792,LOW_RISK
p1_top3_rate,p1_top3_rate,0.0005395323014592621,0.0005395323014592621,HIGH_RISK
p6_previous_class_L1,p6_previous_class,-0.00046643193653935443,0.00046643193653935443,LOW_RISK
p3_previous_class_A2,p3_previous_class,-4.2479326631359436e-05,4.2479326631359436e-05,LOW_RISK
