race_key,race_date,venue,race_no,player_count,p1_prefecture,p1_previous_class,p1_class,p1_riding_style,p1_graduation_term,p1_age,p1_race_score,p1_nige_count,p1_makuri_count,p1_sashi_count,p1_mark_count,p1_back_count,p1_home_count,p1_start_count,p1_win_rate,p1_top2_rate,p1_top3_rate,p1_recent_finish_1,p1_recent_finish_2,p1_recent_finish_3,p1_recent_venue_code,p1_recent_grade,p2_prefecture,p2_previous_class,p2_class,p2_riding_style,p2_graduation_term,p2_age,p2_race_score,p2_nige_count,p2_makuri_count,p2_sashi_count,p2_mark_count,p2_back_count,p2_home_count,p2_start_count,p2_win_rate,p2_top2_rate,p2_top3_rate,p2_recent_finish_1,p2_recent_finish_2,p2_recent_finish_3,p2_recent_venue_code,p2_recent_grade,p3_prefecture,p3_previous_class,p3_class,p3_riding_style,p3_graduation_term,p3_age,p3_race_score,p3_nige_count,p3_makuri_count,p3_sashi_count,p3_mark_count,p3_back_count,p3_home_count,p3_start_count,p3_win_rate,p3_top2_rate,p3_top3_rate,p3_recent_finish_1,p3_recent_finish_2,p3_recent_finish_3,p3_recent_venue_code,p3_recent_grade,p4_prefecture,p4_previous_class,p4_class,p4_riding_style,p4_graduation_term,p4_age,p4_race_score,p4_nige_count,p4_makuri_count,p4_sashi_count,p4_mark_count,p4_back_count,p4_home_count,p4_start_count,p4_win_rate,p4_top2_rate,p4_top3_rate,p4_recent_finish_1,p4_recent_finish_2,p4_recent_finish_3,p4_recent_venue_code,p4_recent_grade,p5_prefecture,p5_previous_class,p5_class,p5_riding_style,p5_graduation_term,p5_age,p5_race_score,p5_nige_count,p5_makuri_count,p5_sashi_count,p5_mark_count,p5_back_count,p5_home_count,p5_start_count,p5_win_rate,p5_top2_rate,p5_top3_rate,p5_recent_finish_1,p5_recent_finish_2,p5_recent_finish_3,p5_recent_venue_code,p5_recent_grade,p6_prefecture,p6_previous_class,p6_class,p6_riding_style,p6_graduation_term,p6_age,p6_race_score,p6_nige_count,p6_makuri_count,p6_sashi_count,p6_mark_count,p6_back_count,p6_home_count,p6_start_count,p6_win_rate,p6_top2_rate,p6_top3_rate,p6_recent_finish_1,p6_recent_finish_2,p6_recent_finish_3,p6_recent_venue_code,p6_recent_grade,p7_prefecture,p7_previous_class,p7_class,p7_riding_style,p7_graduation_term,p7_age,p7_race_score,p7_nige_count,p7_makuri_count,p7_sashi_count,p7_mark_count,p7_back_count,p7_home_count,p7_start_count,p7_win_rate,p7_top2_rate,p7_top3_rate,p7_recent_finish_1,p7_recent_finish_2,p7_recent_finish_3,p7_recent_venue_code,p7_recent_grade,target_payout_label_id,target_payout_label,target_is_20000_plus,target_is_50000_plus
20260707_久留米_10R,20260707,久留米,10,7,福 岡,A2,A1,逃,119,29,88.18,9,5,0,0,16,14,7,37.0,51.0,62.0,2,1,6,36,Ｆ１,岡 山,A2,A2,両,97,38,81.44,1,0,0,0,4,4,4,0.0,5.0,33.0,,,,62,Ｆ２,宮 城,A1,A1,追,93,41,81.72,0,0,2,2,0,0,0,0.0,18.0,22.0,4,4,6,11,Ｆ１,佐 賀,A2,A2,追,80,49,81.0,0,0,1,1,0,0,1,6.0,13.0,20.0,,,,81,Ｆ２,山 口,A1,A1,追,84,47,84.66,0,0,2,4,0,0,10,4.0,25.0,37.0,5,4,4,84,Ｆ１,福 島,A3,A2,両,105,39,66.47,1,0,1,1,4,6,2,4.0,14.0,14.0,2,5,6,85,Ｆ２,福 岡,A1,A1,逃,119,32,88.93,0,0,4,0,1,2,5,23.0,23.0,23.0,7,6,5,84,Ｆ２,0,UNDER_10000,0,0
20260707_久留米_11R,20260707,久留米,11,7,栃 木,A1,A1,両,117,30,92.2,2,4,0,0,2,2,0,20.0,40.0,66.0,7,1,6,27,Ｆ２,熊 本,A1,A1,逃,123,22,94.6,2,8,0,0,7,3,5,43.0,62.0,75.0,7,1,5,61,Ｆ２,香 川,S2,A1,追,93,42,96.07,0,0,3,1,0,0,17,7.0,15.0,26.0,7,6,1,31,Ｆ１,千 葉,S2,A1,両,97,38,99.0,0,1,2,1,0,0,0,11.0,44.0,55.0,6,3,2,74,Ｆ１,岡 山,S2,A1,逃,119,25,98.24,3,0,2,0,7,6,2,8.0,20.0,36.0,6,3,3,35,Ｆ１,徳 島,A1,A1,追,81,50,91.23,0,0,7,2,0,0,1,35.0,52.0,58.0,,,,74,Ｆ１,埼 玉,A1,A1,両,91,42,91.37,0,4,4,0,1,0,2,35.0,47.0,70.0,6,,,43,Ｆ２,0,UNDER_10000,0,0
20260707_久留米_2R,20260707,久留米,2,7,福 岡,A3,A3,逃,129,27,72.55,0,0,1,1,0,1,1,0.0,22.0,33.0,3,4,5,53,Ｆ２,埼 玉,A3,A3,追,63,57,72.63,0,0,3,4,0,0,0,9.0,31.0,54.0,7,4,1,47,Ｆ２,沖 縄,A3,A3,追,56,61,68.13,0,0,3,3,0,0,0,6.0,20.0,36.0,6,2,2,85,Ｆ２,茨 城,A3,A3,両,95,38,70.33,3,0,3,1,5,5,6,8.0,29.0,41.0,6,4,6,12,Ｆ２,静 岡,A3,A3,追,57,59,67.29,0,0,2,0,0,0,1,3.0,7.0,37.0,5,3,3,12,Ｆ２,岡 山,A3,A3,追,69,54,65.45,0,1,1,2,0,0,0,4.0,16.0,20.0,6,6,4,73,Ｆ２,沖 縄,A2,A3,両,98,49,77.57,1,0,1,0,1,1,0,4.0,9.0,9.0,5,4,1,62,Ｆ２,2,20000_TO_49999,1,0
20260707_久留米_3R,20260707,久留米,3,7,高 知,A2,A3,追,99,48,79.0,0,0,0,2,0,0,0,0.0,11.0,11.0,7,2,5,74,Ｆ２,群 馬,A3,A3,両,95,37,68.93,1,0,2,0,1,2,1,16.0,16.0,33.0,7,1,7,37,Ｆ２,神奈川,A3,A3,逃,113,42,75.0,6,1,2,0,9,10,5,27.0,50.0,77.0,,,,85,Ｆ２,愛 媛,A3,A3,逃,129,25,71.0,0,0,0,0,2,3,0,0.0,0.0,16.0,7,5,6,87,Ｆ２,高 知,A3,A3,追,96,43,68.81,0,0,4,1,0,0,1,7.0,18.0,37.0,5,2,2,27,Ｆ２,青 森,A3,A3,追,95,38,66.45,0,0,2,1,0,0,2,8.0,12.0,20.0,6,1,1,37,Ｆ２,神奈川,A2,A3,追,93,43,77.69,0,0,0,0,0,0,0,0.0,0.0,7.0,,,,37,Ｆ２,0,UNDER_10000,0,0
20260707_久留米_4R,20260707,久留米,4,7,福 岡,A2,A3,追,92,44,80.11,0,0,5,2,1,0,2,19.0,26.0,34.0,1,6,1,47,Ｆ２,福 島,A3,A3,逃,100,35,69.8,0,3,1,1,5,4,2,20.0,25.0,35.0,5,6,,21,Ｆ２,愛 媛,A3,A3,追,70,55,68.61,0,0,1,0,0,0,2,0.0,7.0,38.0,5,,,46,Ｆ２,栃 木,A3,A3,追,93,39,70.9,0,0,3,2,0,0,3,9.0,23.0,33.0,4,7,,37,Ｆ２,福 岡,A3,A3,逃,129,23,77.0,0,2,0,0,1,0,0,0.0,50.0,50.0,,,,53,Ｆ２,静 岡,A3,A3,追,85,47,66.54,0,0,1,1,0,0,1,0.0,18.0,36.0,,,,81,Ｆ２,沖 縄,A3,A3,追,73,53,69.37,0,0,4,3,0,0,3,11.0,25.0,44.0,6,3,5,85,Ｆ２,0,UNDER_10000,0,0
20260707_久留米_5R,20260707,久留米,5,7,福 岡,L1,L1,両,124,23,48.36,0,3,1,1,3,3,1,8.0,20.0,32.0,4,3,7,61,Ｆ２,静 岡,L1,L1,両,112,28,54.33,4,3,3,1,3,6,1,23.0,52.0,76.0,3,2,5,43,Ｆ２,岐 阜,L1,L1,両,124,22,51.88,2,4,1,1,4,3,0,7.0,30.0,61.0,2,2,,44,Ｆ２,神奈川,L1,L1,両,128,28,48.83,2,0,1,1,4,8,2,8.0,16.0,36.0,5,4,3,81,Ｆ１,大 阪,L1,L1,追,114,32,46.5,0,0,0,0,0,0,14,0.0,0.0,12.0,5,5,6,61,Ｆ２,岐 阜,L1,L1,両,130,21,45.11,0,0,0,1,0,0,2,0.0,11.0,11.0,6,2,7,87,Ｆ２,埼 玉,L1,L1,両,126,21,53.7,4,3,4,1,3,6,6,29.0,50.0,66.0,1,1,1,87,Ｆ２,0,UNDER_10000,0,0
20260707_久留米_6R,20260707,久留米,6,7,埼 玉,L1,L1,両,106,46,52.61,1,0,3,7,2,4,2,0.0,40.0,59.0,2,2,2,21,Ｆ２,三 重,L1,L1,両,126,22,50.36,2,1,1,1,5,5,2,12.0,20.0,40.0,5,7,1,27,Ｆ２,埼 玉,L1,L1,追,102,49,44.59,0,0,0,0,0,0,0,0.0,0.0,9.0,,,,44,Ｆ２,福 岡,L1,L1,両,130,27,50.88,1,2,1,0,1,1,4,0.0,44.0,77.0,2,2,3,87,Ｆ２,福 井,L1,L1,両,126,23,45.28,0,0,0,1,1,1,3,0.0,4.0,8.0,7,6,7,27,Ｆ２,宮 城,L1,L1,両,120,25,47.17,0,0,1,1,0,0,0,4.0,8.0,17.0,6,6,7,35,Ｆ１,山 口,L1,L1,両,104,33,57.14,7,9,2,0,14,7,0,66.0,85.0,85.0,1,2,4,43,Ｆ２,1,10000_TO_19999,0,0
20260707_久留米_7R,20260707,久留米,7,7,静 岡,A1,A1,追,89,43,85.59,0,0,4,0,0,0,5,8.0,17.0,39.0,3,5,5,62,Ｆ２,長 崎,A2,A2,両,99,47,80.16,0,0,0,0,1,2,10,0.0,0.0,20.0,3,7,6,74,Ｆ２,徳 島,A1,A2,追,82,49,82.56,0,0,1,0,0,0,2,5.0,5.0,35.0,3,7,3,35,Ｆ１,佐 賀,A1,A2,追,86,47,86.95,1,0,2,2,1,1,1,0.0,20.0,37.0,4,4,4,45,Ｆ２,埼 玉,A2,A2,両,92,41,85.5,7,1,0,0,7,10,3,16.0,33.0,45.0,2,6,7,84,Ｆ１,香 川,A3,A2,追,85,45,70.75,0,2,2,3,0,0,5,9.0,21.0,50.0,4,6,2,85,Ｆ２,佐 賀,A1,A1,追,93,42,84.14,1,3,5,2,4,3,1,22.0,40.0,59.0,5,1,1,45,Ｆ２,0,UNDER_10000,0,0
20260707_久留米_8R,20260707,久留米,8,7,岡 山,A1,A1,追,82,48,86.13,0,0,4,4,0,0,1,13.0,34.0,47.0,2,7,,84,Ｆ２,大 分,A1,A1,追,92,38,88.25,0,0,4,5,0,0,0,12.0,37.0,66.0,2,3,5,46,Ｆ１,青 森,A1,A1,逃,121,31,85.0,7,0,0,0,12,14,13,9.0,33.0,52.0,2,7,5,81,Ｆ１,香 川,A2,A2,逃,121,31,84.33,4,2,2,0,3,8,2,8.0,33.0,45.0,6,3,6,61,Ｆ２,沖 縄,A2,A2,追,73,51,80.8,0,0,0,2,0,0,4,0.0,9.0,28.0,,6,3,62,Ｆ２,長 崎,A2,A2,逃,127,23,79.25,4,4,2,0,6,6,9,46.0,76.0,84.0,1,,,23,Ｆ２,千 葉,A1,A2,追,92,41,84.44,0,0,3,6,0,0,8,3.0,33.0,51.0,5,3,4,62,Ｆ２,0,UNDER_10000,0,0
20260707_久留米_9R,20260707,久留米,9,7,福 岡,A2,A2,追,84,49,85.18,0,0,3,2,0,0,8,7.0,18.0,48.0,1,5,6,55,Ｆ１,静 岡,A2,A2,追,78,50,82.27,0,0,1,3,0,0,0,5.0,22.0,33.0,6,2,3,21,Ｆ２,群 馬,A2,A2,追,75,50,81.35,0,0,2,0,0,0,0,11.0,11.0,17.0,6,,4,21,Ｆ２,福 岡,A1,A1,追,98,35,87.47,0,0,6,4,0,0,5,28.0,47.0,61.0,5,2,1,84,Ｆ１,鹿児島,A1,A1,逃,94,42,86.56,1,3,0,0,6,6,0,22.0,22.0,27.0,5,7,1,55,Ｆ１,岡 山,A2,A2,追,64,56,79.81,0,0,1,0,0,0,0,3.0,3.0,11.0,7,7,4,74,Ｆ２,宮 城,A2,A2,逃,88,44,81.16,1,1,1,1,10,11,12,6.0,13.0,23.0,5,5,4,35,Ｆ１,0,UNDER_10000,0,0
20260707_佐世保_3R,20260707,佐世保,3,7,徳 島,A3,A3,追,75,52,70.45,0,0,4,5,0,0,15,3.0,27.0,48.0,,,4,73,Ｆ２,茨 城,A3,A3,追,94,39,70.33,0,0,0,0,0,0,0,0.0,0.0,0.0,4,6,4,37,Ｆ２,三 重,A3,A3,追,59,59,71.44,0,0,1,2,0,0,4,11.0,33.0,55.0,,,,21,Ｆ２,福 井,A3,A3,追,86,49,69.44,0,0,1,2,0,1,3,4.0,12.0,32.0,5,1,5,12,Ｆ２,北海道,A3,A3,追,81,48,72.86,0,0,2,3,0,0,0,4.0,21.0,56.0,5,4,3,27,Ｆ２,神奈川,A3,A3,両,94,40,67.93,5,2,1,0,6,5,1,24.0,27.0,27.0,7,5,1,37,Ｆ２,愛 知,A3,A3,逃,129,21,72.55,0,0,0,1,1,1,1,0.0,11.0,33.0,6,5,4,53,Ｆ２,1,10000_TO_19999,0,0
20260707_佐世保_4R,20260707,佐世保,4,7,奈 良,A3,A3,両,92,38,72.66,4,1,2,5,5,6,17,8.0,50.0,62.0,2,2,2,21,Ｆ２,岡 山,A2,A3,追,57,60,84.65,0,0,2,5,0,0,1,3.0,26.0,42.0,5,6,3,55,Ｆ１,福 島,A3,A3,両,94,39,72.47,0,0,2,3,0,1,2,0.0,26.0,57.0,2,5,5,37,Ｆ２,熊 本,A3,A3,逃,129,22,73.22,0,0,2,0,1,0,1,22.0,22.0,33.0,4,6,1,87,Ｆ２,奈 良,A2,A3,追,78,50,82.33,0,0,0,1,0,0,0,0.0,8.0,16.0,7,6,5,61,Ｆ２,福 島,A3,A3,逃,83,48,66.39,4,0,2,1,4,7,0,10.0,25.0,28.0,5,7,2,12,Ｆ２,熊 本,A2,A3,追,81,49,85.61,0,0,2,1,0,0,15,4.0,14.0,42.0,4,1,4,62,Ｆ２,0,UNDER_10000,0,0
20260707_佐世保_5R,20260707,佐世保,5,7,鹿児島,A2,A3,逃,125,23,87.33,0,0,0,0,2,2,0,0.0,0.0,33.0,4,4,3,84,Ｆ１,大 阪,A3,A3,逃,103,39,71.26,1,0,1,1,3,3,1,6.0,20.0,40.0,4,7,3,73,Ｆ２,香 川,A2,A3,追,80,52,81.55,0,0,1,2,0,0,6,0.0,11.0,29.0,7,3,5,62,Ｆ２,大 分,A2,A3,追,92,41,80.27,0,0,1,0,0,0,1,5.0,5.0,16.0,,,,27,Ｆ２,長 崎,A3,A3,逃,96,39,70.22,1,1,1,0,2,2,1,22.0,33.0,44.0,,,,46,Ｆ２,愛 知,A3,A3,追,73,52,69.36,0,0,2,1,0,0,3,5.0,15.0,35.0,2,4,2,37,Ｆ２,兵 庫,A3,A3,逃,111,37,73.13,5,3,2,3,12,15,12,16.0,43.0,73.0,2,4,3,37,Ｆ２,3,50000_PLUS,1,1
20260707_佐世保_6R,20260707,佐世保,6,7,福 岡,L1,L1,逃,106,32,55.2,0,11,4,2,4,0,0,37.0,70.0,87.0,2,2,3,81,Ｆ１,神奈川,L1,L1,両,128,25,47.77,1,0,0,3,1,2,1,0.0,18.0,27.0,,,,43,Ｆ２,茨 城,L1,L1,追,110,31,49.1,0,0,2,2,0,0,0,10.0,21.0,36.0,6,4,2,37,Ｆ２,愛 知,L1,L1,両,124,31,51.8,3,0,0,2,5,10,10,9.0,23.0,52.0,3,3,4,81,Ｆ１,埼 玉,L1,L1,追,122,27,51.8,0,0,4,5,0,0,0,3.0,30.0,50.0,5,5,2,43,Ｆ２,熊 本,L1,L1,両,116,34,53.88,0,9,2,2,4,0,0,25.0,46.0,60.0,1,3,4,53,Ｆ２,三 重,L1,L1,両,124,23,55.91,4,1,2,1,6,6,0,46.0,61.0,61.0,1,1,2,44,Ｆ２,0,UNDER_10000,0,0
20260707_佐世保_7R,20260707,佐世保,7,7,佐 賀,A3,A3,逃,129,26,76.33,0,3,1,2,0,0,1,33.0,66.0,66.0,6,1,1,53,Ｆ２,長 野,A3,A3,逃,98,35,71.03,5,5,1,0,7,5,1,26.0,36.0,43.0,2,5,1,12,Ｆ２,香 川,A2,A3,逃,101,34,82.06,5,0,0,0,5,7,0,18.0,31.0,43.0,,,,31,Ｆ１,大 分,A2,A3,追,94,41,84.55,0,0,1,4,0,0,0,5.0,25.0,40.0,4,5,3,74,Ｆ１,三 重,A3,A3,逃,129,23,80.55,0,7,0,1,7,0,2,66.0,88.0,88.0,1,1,1,53,Ｆ２,長 崎,A3,A3,逃,129,27,70.55,0,0,0,0,0,1,2,0.0,0.0,11.0,4,7,3,53,Ｆ２,福 岡,A2,A3,追,65,56,82.1,0,0,1,0,0,0,0,10.0,10.0,20.0,6,,,83,Ｆ１,0,UNDER_10000,0,0
20260707_取手_10R,20260707,取手,10,7,岡 山,A1,A1,追,87,48,90.58,0,0,1,2,0,0,3,0.0,25.0,41.0,,,,81,Ｆ１,群 馬,A2,A2,追,92,39,83.2,0,1,3,3,1,0,3,16.0,29.0,37.0,2,4,6,37,Ｆ２,熊 本,S2,A1,逃,119,28,94.41,3,1,0,1,14,17,2,6.0,17.0,27.0,7,7,7,84,Ｆ１,埼 玉,A1,A1,逃,123,27,89.33,7,3,1,0,8,9,2,23.0,52.0,61.0,3,4,2,24,Ｆ２,広 島,A2,A1,追,87,45,84.85,0,0,3,3,0,1,2,14.0,28.0,57.0,5,3,2,35,Ｆ１,神奈川,A3,A1,追,77,52,73.76,0,0,3,5,0,0,1,11.0,44.0,61.0,2,2,2,27,Ｆ２,群 馬,A1,A1,追,91,40,90.66,0,0,3,2,0,0,1,16.0,27.0,50.0,4,3,5,11,Ｆ１,2,20000_TO_49999,1,0
20260707_取手_11R,20260707,取手,11,7,茨 城,A1,A1,追,80,50,90.36,0,0,8,1,0,0,2,21.0,39.0,60.0,7,1,1,35,Ｆ１,福 岡,A1,A1,追,88,43,85.7,0,1,4,3,0,0,4,16.0,33.0,50.0,6,1,2,84,Ｆ１,福 島,A1,A1,追,94,37,84.73,0,0,4,1,0,0,8,10.0,25.0,40.0,1,5,4,84,Ｆ１,東 京,S2,A1,逃,115,27,104.3,0,1,1,2,0,0,0,20.0,40.0,50.0,,,,46,Ｆ１,岩 手,A1,A1,逃,121,24,86.4,4,5,0,0,10,11,2,18.0,33.0,62.0,2,3,7,24,Ｆ２,栃 木,A3,A2,追,72,54,74.03,0,0,5,8,0,0,1,7.0,48.0,70.0,3,3,3,37,Ｆ２,宮 崎,A1,A2,両,121,27,85.7,0,2,1,1,0,0,1,4.0,16.0,50.0,3,3,1,62,Ｆ２,0,UNDER_10000,0,0
20260707_取手_2R,20260707,取手,2,7,高 知,A3,A3,両,99,35,69.14,3,0,0,0,4,7,8,4.0,14.0,33.0,4,4,3,73,Ｆ２,群 馬,A3,A3,逃,103,40,68.11,6,1,0,0,10,10,1,14.0,25.0,44.0,7,2,3,37,Ｆ２,岡 山,A3,A3,両,100,39,74.37,6,5,0,0,9,11,8,20.0,45.0,62.0,3,4,5,73,Ｆ２,高 知,A2,A3,追,99,44,79.41,1,0,1,0,1,1,1,4.0,8.0,16.0,1,7,5,11,Ｆ１,群 馬,A3,A3,追,83,47,73.38,0,1,5,2,0,0,1,20.0,40.0,65.0,1,4,1,85,Ｆ２,宮 城,A3,A3,追,82,51,67.76,0,0,2,2,0,0,7,0.0,19.0,38.0,6,3,4,37,Ｆ２,東 京,A3,A3,追,61,58,68.41,0,0,2,1,0,0,0,3.0,10.0,31.0,5,1,7,12,Ｆ２,0,UNDER_10000,0,0
20260707_取手_3R,20260707,取手,3,7,千 葉,A3,A3,追,74,53,73.66,0,0,6,2,0,0,1,19.0,38.0,57.0,,,,85,Ｆ２,栃 木,A3,A3,逃,129,24,71.44,0,0,0,1,0,1,1,0.0,11.0,22.0,6,7,6,35,Ｆ２,岡 山,A2,A3,追,78,51,80.47,0,0,0,0,0,0,0,0.0,0.0,9.0,6,3,6,37,Ｆ１,宮 城,A3,A3,追,95,37,74.2,0,0,2,7,0,0,3,0.0,60.0,66.0,,,,85,Ｆ２,埼 玉,A3,A3,両,78,50,71.28,1,3,1,2,2,1,2,9.0,33.0,38.0,,,,85,Ｆ２,福 岡,A3,A3,逃,123,30,70.93,2,2,0,0,8,7,2,20.0,26.0,40.0,3,6,7,85,Ｆ２,徳 島,A2,A3,追,57,60,78.5,0,0,0,0,0,0,0,0.0,0.0,0.0,,,,61,Ｆ２,1,10000_TO_19999,0,0
20260707_取手_4R,20260707,取手,4,7,岡 山,A3,A3,追,62,59,74.13,0,0,10,3,0,0,0,30.0,43.0,56.0,2,3,6,85,Ｆ２,神奈川,A2,A3,両,94,50,79.6,0,1,1,0,0,0,0,0.0,8.0,16.0,6,3,5,74,Ｆ１,東 京,A3,A3,逃,129,23,80.11,0,6,1,0,1,1,3,77.0,77.0,88.0,1,1,3,53,Ｆ２,福 岡,A3,A3,追,66,58,70.41,0,0,4,0,0,0,0,17.0,23.0,52.0,5,,,53,Ｆ２,神奈川,A3,A3,逃,129,26,69.0,0,0,0,0,0,1,0,0.0,0.0,0.0,5,6,6,35,Ｆ２,熊 本,A3,A3,追,66,55,66.3,0,0,0,0,0,0,0,0.0,0.0,25.0,7,3,3,85,Ｆ２,栃 木,A2,A3,追,97,37,80.35,0,0,4,2,0,0,0,14.0,21.0,39.0,2,1,1,21,Ｆ２,0,UNDER_10000,0,0
20260707_取手_5R,20260707,取手,5,7,千 葉,L1,L1,追,102,39,46.67,0,0,0,0,1,3,15,0.0,0.0,10.0,6,6,6,53,Ｆ２,大 分,L1,L1,追,126,22,49.29,0,1,0,1,2,2,6,0.0,8.0,37.0,4,6,4,74,Ｆ２,宮 崎,L1,L1,両,114,35,55.81,0,3,10,2,0,0,4,50.0,68.0,77.0,2,1,2,37,Ｆ２,奈 良,L1,L1,両,128,28,0.0,0,0,0,0,0,0,1,0.0,0.0,0.0,,,,53,Ｆ２,千 葉,L1,L1,両,106,36,55.45,0,10,3,3,5,1,0,16.0,66.0,95.0,2,1,3,44,Ｆ２,青 森,L1,L1,両,130,23,48.55,1,0,1,0,2,1,3,11.0,22.0,33.0,5,1,5,87,Ｆ２,青 森,L1,L1,両,112,40,50.0,3,2,1,1,14,18,3,9.0,22.0,45.0,4,7,2,81,Ｆ１,0,UNDER_10000,0,0
20260707_取手_6R,20260707,取手,6,7,大 阪,L1,L1,両,112,39,48.0,3,0,0,0,7,11,0,4.0,13.0,30.0,3,7,3,35,Ｆ１,沖 縄,L1,L1,追,114,37,49.95,0,1,2,1,1,1,16,12.0,16.0,33.0,5,3,5,21,Ｆ２,栃 木,L1,L1,両,126,27,48.36,0,0,1,0,1,2,0,5.0,5.0,20.0,6,7,6,84,Ｆ２,千 葉,L1,L1,両,130,27,54.44,1,7,0,0,7,1,0,88.0,88.0,88.0,1,1,1,35,Ｆ２,東 京,L1,L1,逃,106,44,53.45,3,4,0,4,12,12,5,12.0,45.0,66.0,1,2,4,37,Ｆ２,岐 阜,L1,L1,両,128,23,45.08,0,0,0,0,0,2,2,0.0,0.0,8.0,6,7,7,43,Ｆ２,三 重,L1,L1,両,112,29,52.79,5,5,0,2,10,6,2,12.0,50.0,58.0,4,4,2,73,Ｆ２,0,UNDER_10000,0,0
20260707_取手_7R,20260707,取手,7,7,福 島,A2,A2,逃,95,42,82.78,0,7,0,0,0,0,0,17.0,25.0,35.0,2,1,5,62,Ｆ２,大 分,A1,A2,追,87,45,83.08,0,0,3,0,0,0,4,0.0,12.0,41.0,5,2,7,74,Ｆ１,神奈川,A2,A2,追,89,47,78.59,0,0,1,1,1,1,1,3.0,7.0,18.0,,2,7,35,Ｆ１,岡 山,A2,A2,追,91,40,82.7,0,0,1,2,0,0,1,3.0,11.0,37.0,3,5,3,62,Ｆ２,福 島,A2,A2,追,93,48,81.42,0,0,1,1,0,0,2,0.0,9.0,23.0,6,5,6,83,Ｆ１,高 知,A3,A2,追,74,52,67.55,1,0,5,2,1,1,0,13.0,27.0,37.0,,2,2,73,Ｆ２,熊 本,A2,A2,逃,121,23,86.75,5,2,0,0,9,10,3,16.0,29.0,54.0,2,6,5,61,Ｆ２,0,UNDER_10000,0,0
20260707_取手_9R,20260707,取手,9,7,徳 島,A1,A1,追,83,46,91.17,0,0,2,4,0,0,2,5.0,33.0,50.0,2,2,3,62,Ｆ２,埼 玉,A1,A1,逃,117,27,84.1,2,2,1,1,6,2,1,4.0,28.0,38.0,2,2,6,35,Ｆ１,神奈川,A2,A2,追,96,38,81.05,0,0,2,1,0,0,0,0.0,15.0,21.0,,,,43,Ｆ２,岡 山,A1,A1,逃,123,25,88.95,9,3,0,2,10,11,12,20.0,58.0,58.0,2,2,6,11,Ｆ１,千 葉,S2,A1,追,90,43,97.5,0,0,1,4,0,0,4,3.0,18.0,40.0,3,7,3,74,Ｆ１,静 岡,A3,A2,逃,127,23,75.0,10,4,1,0,12,10,14,39.0,65.0,65.0,2,1,1,37,Ｆ２,茨 城,A2,A2,追,89,41,85.66,0,0,4,2,2,1,1,9.0,28.0,38.0,5,2,3,21,Ｆ２,0,UNDER_10000,0,0
20260707_和歌山_10R,20260707,和歌山,10,7,福 島,S1,S1,逃,109,30,108.16,0,4,1,1,10,9,1,16.0,33.0,33.0,9,9,4,56,Ｇ１,福 井,S2,S2,逃,117,28,100.05,0,3,2,0,3,6,2,10.0,26.0,31.0,,,,81,Ｆ１,三 重,S2,S2,両,100,34,97.46,0,3,3,0,4,3,3,7.0,22.0,37.0,4,3,4,81,Ｆ１,香 川,S2,S1,追,96,40,99.43,0,0,1,4,0,0,3,4.0,21.0,30.0,4,3,5,74,Ｆ１,愛 知,S2,S2,両,91,40,102.29,2,1,3,1,3,3,3,12.0,28.0,44.0,3,7,3,23,Ｇ３,福 井,S2,S2,逃,115,26,96.46,6,0,0,0,15,18,4,10.0,21.0,32.0,7,3,1,46,Ｆ１,東 京,S2,S1,追,92,43,104.36,0,0,8,3,0,0,6,24.0,44.0,52.0,1,4,5,11,Ｆ１,2,20000_TO_49999,1,0
20260707_和歌山_11R,20260707,和歌山,11,7,和歌山,S2,A1,両,115,35,98.83,0,5,2,1,1,1,6,16.0,33.0,41.0,,,,23,Ｇ３,福 島,A1,A1,追,115,27,86.04,0,1,3,1,0,0,3,12.0,20.0,33.0,2,5,4,43,Ｆ２,岡 山,A2,A2,逃,127,23,94.08,14,6,0,0,18,13,1,75.0,83.0,87.0,1,1,5,84,Ｆ２,岡 山,A2,A1,逃,113,30,92.51,2,11,5,1,10,4,1,37.0,70.0,88.0,2,1,4,61,Ｆ２,大 阪,A1,A1,逃,117,26,95.94,0,12,1,0,5,1,3,68.0,68.0,84.0,3,1,1,31,Ｆ１,北海道,A2,A2,逃,127,21,79.86,15,5,1,0,18,14,15,81.0,95.0,95.0,2,,,23,Ｆ２,高 知,A1,A1,両,99,35,94.8,0,1,6,3,0,0,5,35.0,58.0,70.0,6,2,1,61,Ｆ２,0,UNDER_10000,0,0
20260707_和歌山_12R,20260707,和歌山,12,7,和歌山,S1,S1,追,85,46,107.85,0,0,4,0,0,0,3,13.0,17.0,26.0,1,6,1,23,Ｇ３,熊 本,S1,S1,両,117,26,108.04,0,3,2,0,1,2,4,14.0,23.0,47.0,9,5,3,56,Ｇ１,福 島,S1,S1,追,88,47,113.63,0,0,3,4,0,0,6,10.0,36.0,57.0,3,3,2,23,Ｇ３,千 葉,S1,S1,両,94,42,112.04,5,1,3,0,7,8,0,28.0,36.0,36.0,9,1,1,23,Ｇ３,茨 城,S1,S1,両,107,36,108.0,0,1,4,2,1,2,3,12.0,29.0,54.0,2,4,7,23,Ｇ３,福 岡,S2,S1,両,81,47,102.95,0,5,2,1,0,0,0,13.0,36.0,45.0,3,9,2,23,Ｇ３,岐 阜,S2,S1,逃,117,26,108.81,5,6,1,0,5,6,1,45.0,54.0,68.0,3,1,7,46,Ｆ１,3,50000_PLUS,1,1
20260707_和歌山_1R,20260707,和歌山,1,7,埼 玉,A2,A1,逃,125,25,90.75,10,4,0,0,16,16,8,33.0,58.0,62.0,3,1,6,37,Ｆ２,石 川,A2,A1,追,77,51,83.04,0,0,2,3,0,0,0,4.0,20.0,37.0,4,2,6,43,Ｆ２,福 岡,A2,A1,両,83,48,82.64,0,3,1,0,0,1,0,16.0,16.0,28.0,7,5,7,46,Ｆ１,神奈川,A2,A2,両,96,36,80.76,1,0,1,0,1,1,0,4.0,9.0,27.0,5,2,6,46,Ｆ１,茨 城,A1,A2,両,95,42,85.58,1,3,1,4,6,8,1,12.0,36.0,48.0,3,,,81,Ｆ１,山 口,A3,A2,追,93,50,69.5,0,1,0,0,0,0,0,16.0,16.0,16.0,,,,85,Ｆ２,群 馬,A3,A2,追,90,44,71.04,0,0,2,4,1,1,3,4.0,27.0,50.0,5,1,6,21,Ｆ２,0,UNDER_10000,0,0
20260707_和歌山_2R,20260707,和歌山,2,7,岐 阜,A2,A2,両,115,30,83.04,0,1,3,1,2,2,1,9.0,23.0,33.0,5,4,2,31,Ｆ２,佐 賀,A2,A2,追,91,39,80.39,0,0,2,0,0,0,1,4.0,8.0,13.0,4,4,1,61,Ｆ２,宮 城,S2,A1,逃,119,32,92.78,0,2,0,0,8,8,10,3.0,7.0,14.0,9,8,5,23,Ｇ３,和歌山,A2,A2,追,99,36,84.42,0,0,2,3,0,0,2,0.0,23.0,38.0,6,2,4,83,Ｆ１,高 知,A3,A2,追,63,57,73.6,0,0,3,3,0,0,0,13.0,40.0,60.0,2,3,2,73,Ｆ２,宮 城,A3,A2,両,109,44,70.22,1,1,3,2,3,7,1,22.0,38.0,55.0,1,3,2,37,Ｆ２,茨 城,A2,A2,追,92,41,83.52,0,0,1,4,0,0,6,0.0,20.0,32.0,6,5,4,81,Ｆ２,0,UNDER_10000,0,0
20260707_和歌山_3R,20260707,和歌山,3,7,兵 庫,A1,A2,追,94,43,84.84,0,0,5,2,0,0,1,16.0,28.0,32.0,5,7,2,43,Ｆ２,愛 知,A1,A1,追,87,48,90.46,0,0,3,3,0,0,0,6.0,37.0,50.0,5,7,2,36,Ｆ１,静 岡,A2,A2,追,96,38,79.84,0,0,1,1,0,0,3,0.0,13.0,26.0,4,,,43,Ｆ２,福 岡,A2,A1,逃,119,28,86.95,5,0,1,0,8,6,6,20.0,30.0,50.0,,1,2,83,Ｆ１,神奈川,A1,A1,追,82,51,88.57,0,0,3,1,0,0,1,4.0,19.0,38.0,5,5,2,86,Ｆ１,富 山,A3,A2,逃,127,24,75.62,8,3,1,1,12,10,11,40.0,52.0,64.0,1,1,5,37,Ｆ２,大 阪,A2,A2,逃,111,44,87.64,1,4,1,0,3,3,0,22.0,33.0,50.0,3,1,3,43,Ｆ２,2,20000_TO_49999,1,0
20260707_和歌山_4R,20260707,和歌山,4,7,神奈川,A1,A1,逃,119,32,86.25,3,3,2,0,11,13,9,25.0,33.0,50.0,1,6,7,21,Ｆ２,広 島,A1,A1,追,81,50,87.58,0,0,0,8,0,0,0,0.0,44.0,55.0,2,3,2,81,Ｆ２,兵 庫,A3,A2,逃,103,36,78.0,3,4,2,1,6,3,0,53.0,76.0,84.0,9,,,23,Ｆ２,大 阪,A1,A1,逃,98,38,83.16,5,0,0,0,5,7,1,15.0,38.0,38.0,2,7,2,46,Ｆ１,埼 玉,S2,A1,追,90,41,96.62,1,0,2,0,1,1,2,8.0,8.0,20.0,7,4,5,23,Ｇ３,北海道,A3,A2,追,72,53,73.4,0,0,2,4,0,0,0,6.0,37.0,50.0,3,2,3,12,Ｆ２,徳 島,A1,A1,両,98,35,88.19,2,3,2,1,10,8,6,14.0,29.0,48.0,1,7,2,62,Ｆ２,0,UNDER_10000,0,0
20260707_和歌山_5R,20260707,和歌山,5,7,愛 媛,A1,S2,逃,119,23,96.1,6,6,3,0,12,6,1,52.0,78.0,84.0,3,2,1,74,Ｆ１,群 馬,A1,S2,逃,121,26,91.5,0,3,0,3,1,5,5,21.0,42.0,57.0,4,7,,24,Ｆ２,佐 賀,S2,S2,逃,121,28,100.6,5,4,0,0,15,17,1,20.0,36.0,44.0,5,1,2,46,Ｆ１,埼 玉,A1,S2,追,90,41,91.1,0,1,2,3,0,0,1,10.0,30.0,50.0,5,2,3,87,Ｆ２,福 井,S2,S2,追,85,46,101.53,0,0,5,4,0,0,3,7.0,32.0,42.0,5,4,1,35,Ｆ１,岡 山,A1,S2,逃,123,26,84.66,3,1,0,1,9,9,2,6.0,33.0,73.0,2,3,3,81,Ｆ１,埼 玉,A1,S2,追,99,39,90.58,0,0,1,2,0,0,0,0.0,23.0,30.0,4,2,7,87,Ｆ２,0,UNDER_10000,0,0
20260707_和歌山_6R,20260707,和歌山,6,7,宮 城,S2,S2,逃,119,24,99.57,4,3,2,0,14,14,11,19.0,34.0,42.0,1,6,4,81,Ｆ１,大 阪,A1,S2,両,109,30,89.47,1,4,5,0,3,3,9,38.0,47.0,47.0,4,5,1,81,Ｆ１,埼 玉,S2,S2,逃,121,24,103.25,3,1,2,0,4,6,0,25.0,37.0,56.0,1,3,7,46,Ｆ１,神奈川,S2,S2,追,111,35,94.76,0,0,0,3,0,0,1,0.0,9.0,32.0,9,7,3,23,Ｇ３,宮 城,S1,S1,追,100,38,104.95,0,0,3,3,0,0,9,4.0,25.0,45.0,4,3,,81,Ｆ１,大 阪,S1,S1,追,73,52,0.0,0,0,0,0,0,0,0,0.0,0.0,0.0,,,,46,Ｆ１,茨 城,S1,S2,追,99,42,103.27,0,0,1,0,0,0,2,5.0,5.0,30.0,6,5,6,36,Ｆ１,0,UNDER_10000,0,0
20260707_和歌山_7R,20260707,和歌山,7,7,三 重,A1,S2,逃,117,31,92.44,2,4,0,1,9,6,3,11.0,38.0,61.0,4,2,4,43,Ｆ２,埼 玉,S2,S2,逃,100,34,98.5,3,1,1,0,3,4,0,12.0,31.0,43.0,7,2,2,23,Ｇ３,広 島,S1,S2,逃,123,26,108.75,3,4,0,0,7,5,6,22.0,38.0,50.0,2,,,81,Ｆ１,福 島,A1,S2,追,95,38,92.77,0,0,3,6,0,0,1,11.0,50.0,66.0,3,2,2,62,Ｆ２,東 京,S2,S2,追,92,40,99.0,0,0,1,1,0,0,2,4.0,9.0,22.0,3,7,5,23,Ｇ３,香 川,A1,S2,追,80,48,92.09,0,0,3,4,0,0,0,14.0,33.0,61.0,6,2,3,81,Ｆ１,兵 庫,S2,S2,追,69,53,92.33,0,0,0,0,0,0,0,0.0,0.0,0.0,6,7,4,46,Ｆ１,1,10000_TO_19999,0,0
20260707_和歌山_8R,20260707,和歌山,8,7,岐 阜,S1,S1,追,98,36,104.48,0,0,4,5,0,0,2,10.0,32.0,46.0,2,6,3,84,Ｆ１,宮 城,S2,S2,追,69,53,100.16,0,0,3,1,0,0,0,5.0,21.0,31.0,7,2,4,61,Ｇ３,宮 崎,S2,S2,両,100,35,106.12,0,1,11,1,0,0,4,36.0,52.0,64.0,5,1,2,81,Ｆ１,和歌山,S2,S2,両,119,24,104.46,0,2,3,0,0,3,0,23.0,38.0,53.0,,,,23,Ｇ３,千 葉,S2,S2,逃,115,29,102.52,8,4,0,0,17,16,1,28.0,48.0,56.0,2,3,1,31,Ｆ１,北海道,A2,S2,追,89,45,91.69,0,0,11,8,0,0,0,30.0,73.0,80.0,1,1,5,31,Ｆ１,長 崎,S2,S2,両,92,40,104.59,3,6,2,0,5,5,7,22.0,40.0,55.0,5,8,5,23,Ｇ３,3,50000_PLUS,1,1
20260707_和歌山_9R,20260707,和歌山,9,7,岡 山,S1,S1,追,87,44,110.53,0,0,7,5,0,0,2,21.0,36.0,45.0,2,4,8,23,Ｇ３,福 岡,S1,S1,逃,111,29,103.68,0,4,1,0,3,2,0,17.0,21.0,39.0,3,3,4,81,Ｆ１,静 岡,S2,S2,逃,127,20,104.25,6,6,0,0,12,9,3,36.0,48.0,68.0,3,6,9,23,Ｇ３,徳 島,S1,S2,逃,111,31,103.42,2,3,1,0,4,4,2,13.0,40.0,40.0,6,5,1,86,Ｆ１,千 葉,S2,S2,追,90,40,100.93,0,1,7,2,0,0,12,17.0,34.0,51.0,4,1,2,31,Ｆ１,青 森,S2,S2,追,79,51,97.6,0,0,2,2,0,0,0,0.0,15.0,23.0,4,2,6,36,Ｆ１,熊 本,S2,S2,両,99,37,99.0,1,3,1,1,2,1,10,16.0,19.0,35.0,,4,2,84,Ｆ１,1,10000_TO_19999,0,0
20260707_弥彦_1R,20260707,弥彦,1,7,福 岡,A2,A3,逃,125,34,85.23,6,0,0,0,9,12,9,19.0,28.0,42.0,7,1,2,84,Ｆ１,福 岡,A2,A3,追,68,54,80.95,0,0,1,1,0,0,8,4.0,8.0,33.0,2,3,4,47,Ｆ２,群 馬,A2,A3,両,94,40,80.07,1,0,0,1,1,1,0,3.0,7.0,23.0,,4,6,27,Ｆ２,群 馬,A3,A3,逃,129,24,75.44,0,0,2,2,0,0,0,22.0,44.0,77.0,1,5,1,87,Ｆ２,埼 玉,A3,A3,追,89,45,68.81,0,0,1,0,0,0,0,6.0,6.0,56.0,3,3,3,44,Ｆ２,福 岡,A3,A3,追,82,50,66.55,0,0,1,2,0,0,0,0.0,11.0,37.0,6,3,4,44,Ｆ２,愛 媛,A3,A3,追,57,60,61.57,0,0,0,0,0,0,1,0.0,0.0,0.0,7,7,7,85,Ｆ２,0,UNDER_10000,0,0
20260707_弥彦_3R,20260707,弥彦,3,7,新 潟,A2,A3,逃,113,28,81.22,0,0,1,2,5,11,1,5.0,16.0,33.0,,,,37,Ｆ２,宮 崎,A2,A3,両,99,37,77.85,0,0,0,0,0,0,0,0.0,0.0,0.0,5,5,6,62,Ｆ２,埼 玉,A3,A3,逃,129,23,76.11,2,3,0,0,7,4,0,33.0,55.0,66.0,1,2,6,53,Ｆ２,岡 山,A3,A3,逃,101,44,71.32,15,3,1,0,25,22,5,30.0,47.0,62.0,7,2,1,47,Ｆ２,静 岡,A3,A3,逃,123,31,68.73,5,0,0,0,5,6,0,10.0,26.0,31.0,7,5,1,37,Ｆ２,千 葉,A3,A3,追,76,51,68.04,0,0,0,1,0,0,0,0.0,4.0,19.0,5,7,6,85,Ｆ２,長 野,A3,A3,両,61,58,66.43,0,0,0,1,0,1,1,0.0,5.0,11.0,5,5,4,12,Ｆ２,0,UNDER_10000,0,0
20260707_弥彦_4R,20260707,弥彦,4,7,岡 山,A1,A3,逃,121,27,92.5,1,1,1,0,2,2,2,33.0,50.0,50.0,7,1,6,84,Ｆ１,青 森,A2,A3,追,79,51,79.08,0,0,2,0,0,0,0,0.0,8.0,16.0,5,6,5,43,Ｆ２,山 口,A2,A3,両,98,37,78.7,0,0,0,2,0,1,2,0.0,7.0,11.0,7,4,6,84,Ｆ１,福 島,A3,A3,逃,127,24,74.5,5,6,1,1,7,7,4,41.0,54.0,66.0,1,5,1,75,Ｆ２,東 京,A3,A3,逃,129,26,70.66,1,0,0,0,2,1,1,0.0,16.0,16.0,6,2,7,53,Ｆ２,群 馬,A3,A3,追,91,43,68.52,0,0,0,1,1,0,2,0.0,4.0,28.0,3,7,4,37,Ｆ２,宮 城,A3,A3,追,83,49,66.6,0,0,0,1,0,0,1,0.0,6.0,20.0,,,,12,Ｆ２,0,UNDER_10000,0,0
20260707_弥彦_5R,20260707,弥彦,5,7,静 岡,A1,A1,追,91,39,87.35,0,2,3,3,0,0,1,19.0,38.0,57.0,2,3,1,43,Ｆ２,福 島,A1,A2,追,88,47,86.85,0,0,4,6,0,0,1,4.0,47.0,52.0,4,2,2,83,Ｆ１,群 馬,A2,A1,追,72,54,85.62,0,0,5,4,0,0,2,4.0,37.0,45.0,1,2,5,84,Ｆ１,山 形,A1,A1,両,97,40,85.27,0,2,1,1,0,0,0,27.0,36.0,54.0,1,6,6,74,Ｆ１,埼 玉,A1,A2,両,113,31,83.76,2,1,1,0,7,8,2,4.0,18.0,36.0,1,5,,11,Ｆ１,静 岡,A2,A2,両,113,29,83.22,1,1,3,3,4,3,5,7.0,29.0,40.0,3,2,5,11,Ｆ２,静 岡,A3,A2,追,57,60,65.33,0,0,0,1,0,0,0,0.0,4.0,4.0,4,4,4,85,Ｆ２,3,50000_PLUS,1,1
20260707_弥彦_6R,20260707,弥彦,6,7,青 森,A1,A1,追,89,44,89.94,0,0,1,3,0,0,2,5.0,23.0,41.0,6,7,,55,Ｆ１,岡 山,A1,A1,追,94,41,88.94,0,1,4,4,0,0,2,15.0,45.0,55.0,5,2,2,61,Ｆ２,愛 媛,A1,A1,逃,123,23,87.64,4,3,1,0,5,6,1,22.0,44.0,50.0,1,2,7,62,Ｆ２,岡 山,A2,A2,追,100,36,83.5,0,0,0,0,0,0,9,0.0,0.0,22.0,3,6,6,11,Ｆ１,埼 玉,A1,A2,追,84,51,83.09,0,0,1,2,0,1,1,4.0,14.0,42.0,6,5,6,55,Ｆ１,福 岡,A2,A2,追,89,45,79.91,0,0,1,0,0,0,2,4.0,4.0,25.0,3,5,3,84,Ｆ２,岩 手,A3,A2,逃,127,24,75.28,11,2,0,0,13,14,12,40.0,59.0,63.0,1,1,5,12,Ｆ２,0,UNDER_10000,0,0
20260707_弥彦_7R,20260707,弥彦,7,7,福 岡,A2,A2,両,117,33,88.88,1,1,5,1,1,1,3,11.0,44.0,55.0,1,3,4,81,Ｆ２,宮 崎,A1,A1,逃,123,27,87.5,5,5,0,1,10,10,1,25.0,45.0,58.0,3,7,2,35,Ｆ１,徳 島,A2,A1,追,82,47,84.08,0,0,1,1,0,0,0,0.0,8.0,37.0,4,6,4,87,Ｆ２,神奈川,A2,A2,追,95,44,83.8,0,0,3,2,0,0,0,7.0,18.0,29.0,5,7,1,74,Ｆ２,千 葉,A2,A2,両,93,40,82.0,1,0,0,1,6,7,2,0.0,7.0,11.0,4,2,6,24,Ｆ２,宮 城,A2,A2,追,89,45,81.76,0,0,1,4,0,0,5,0.0,19.0,26.0,6,5,2,11,Ｆ１,徳 島,A2,A2,追,93,39,77.41,0,0,0,0,0,0,0,0.0,0.0,0.0,7,5,6,46,Ｆ１,0,UNDER_10000,0,0
20260707_弥彦_8R,20260707,弥彦,8,7,神奈川,A1,A1,両,100,35,90.4,0,0,3,4,6,6,10,3.0,25.0,51.0,2,5,6,31,Ｆ１,新 潟,A1,A1,追,91,40,86.66,0,0,3,2,0,0,3,16.0,27.0,50.0,5,6,1,74,Ｆ１,広 島,A2,A2,追,72,56,85.39,0,0,6,0,0,0,2,13.0,26.0,47.0,3,5,3,74,Ｆ２,福 岡,A2,A2,追,90,45,83.47,0,0,3,1,0,0,2,14.0,19.0,28.0,7,4,5,61,Ｆ２,広 島,A2,A2,逃,113,41,83.1,5,4,0,0,11,11,4,28.0,32.0,42.0,1,7,7,62,Ｆ２,新 潟,A2,A2,追,91,43,83.09,0,0,2,2,0,0,5,4.0,19.0,38.0,2,5,7,74,Ｆ１,栃 木,A3,A2,両,81,49,68.72,2,2,0,0,2,2,1,11.0,22.0,33.0,2,5,6,12,Ｆ２,2,20000_TO_49999,1,0
20260707_玉野_1R,20260707,玉野,1,7,埼 玉,L1,L1,両,120,24,54.87,1,7,4,3,1,3,0,41.0,62.0,75.0,1,2,1,44,Ｆ２,山 口,L1,L1,両,126,21,52.38,1,2,3,3,7,6,7,11.0,50.0,55.0,2,2,5,87,Ｆ２,高 知,L1,L1,両,130,21,50.33,3,0,1,0,2,3,0,11.0,44.0,55.0,2,5,4,35,Ｆ２,大 阪,L1,L1,両,114,45,50.33,1,0,1,0,1,5,2,4.0,9.0,38.0,5,6,6,43,Ｆ２,沖 縄,L1,L1,両,128,21,47.53,0,0,0,2,1,4,8,0.0,13.0,26.0,,,,37,Ｆ２,福 島,L1,L1,追,110,30,47.51,0,0,0,1,1,1,4,0.0,3.0,16.0,5,6,2,35,Ｆ１,岡 山,L1,L1,追,108,30,47.04,0,0,1,0,0,0,0,4.0,4.0,4.0,,,,37,Ｆ２,0,UNDER_10000,0,0
20260707_玉野_2R,20260707,玉野,2,7,神奈川,L1,L1,両,108,41,57.61,1,18,2,0,8,0,2,70.0,77.0,85.0,1,1,1,35,Ｆ１,福 岡,L1,L1,両,110,40,52.04,2,0,1,3,4,6,7,4.0,28.0,61.0,,,,35,Ｆ１,静 岡,L1,L1,両,112,31,51.71,5,1,1,2,5,4,1,22.0,40.0,54.0,5,5,1,44,Ｆ２,愛 媛,L1,L1,両,124,24,48.45,2,0,1,1,3,2,2,13.0,18.0,27.0,3,5,1,21,Ｆ２,香 川,L1,L1,両,126,21,47.92,0,1,0,1,0,0,3,0.0,8.0,12.0,6,3,6,37,Ｆ２,東 京,L1,L1,追,124,26,47.35,0,0,0,0,1,0,0,0.0,0.0,11.0,,,,44,Ｆ２,岐 阜,L1,L1,両,130,20,43.88,0,0,0,1,0,0,0,0.0,11.0,11.0,6,7,6,87,Ｆ２,0,UNDER_10000,0,0
20260707_玉野_3R,20260707,玉野,3,7,福 岡,A1,A1,逃,119,24,88.71,7,3,0,0,14,13,3,28.0,47.0,57.0,4,2,7,62,Ｆ２,長 崎,A2,A2,追,89,43,86.42,0,0,2,4,0,0,2,9.0,28.0,47.0,2,4,7,62,Ｆ２,愛 媛,A1,A1,追,69,55,85.83,0,0,3,1,0,0,6,8.0,16.0,37.0,7,3,5,45,Ｆ２,愛 媛,A2,A2,逃,123,24,83.4,1,3,0,0,7,7,0,13.0,26.0,33.0,4,4,4,81,Ｆ２,広 島,A1,A2,両,81,50,81.54,1,0,1,0,2,2,0,4.0,8.0,29.0,7,1,5,62,Ｆ２,熊 本,A2,A2,追,72,52,79.46,0,0,1,1,0,0,1,6.0,13.0,26.0,5,6,6,62,Ｆ２,熊 本,A3,A2,両,96,36,73.82,0,2,6,7,1,0,4,24.0,51.0,58.0,1,1,6,73,Ｆ２,0,UNDER_10000,0,0
20260707_玉野_4R,20260707,玉野,4,7,宮 崎,A1,A1,逃,95,42,86.87,6,3,1,0,9,9,1,29.0,41.0,45.0,4,4,1,84,Ｆ２,沖 縄,A2,A1,追,97,43,86.76,0,2,1,3,0,0,6,9.0,28.0,57.0,2,6,3,81,Ｆ２,岡 山,A2,A2,追,67,55,81.38,0,0,3,1,0,0,1,3.0,15.0,30.0,5,4,2,31,Ｆ１,福 岡,A2,A2,追,82,49,81.34,0,0,2,1,0,0,4,4.0,13.0,30.0,4,5,3,27,Ｆ２,山 口,A3,A2,逃,127,27,74.27,12,2,0,0,18,17,8,27.0,63.0,63.0,6,2,2,53,Ｆ２,京 都,A3,A2,追,65,55,71.14,0,0,3,5,0,0,5,4.0,38.0,52.0,2,3,1,37,Ｆ２,三 重,A3,A2,追,86,48,69.06,0,0,1,3,1,1,5,3.0,13.0,30.0,5,5,2,44,Ｆ２,0,UNDER_10000,0,0
20260707_玉野_6R,20260707,玉野,6,7,熊 本,A1,A1,両,98,40,88.5,0,2,5,0,0,0,1,33.0,38.0,55.0,1,1,6,87,Ｆ２,愛 知,A1,A1,追,94,42,86.37,0,1,4,1,0,0,0,8.0,25.0,50.0,3,3,3,35,Ｆ１,福 岡,A2,A2,逃,121,25,85.71,7,2,1,0,11,15,1,38.0,47.0,47.0,1,6,6,62,Ｆ２,香 川,A2,A2,両,94,37,84.28,0,1,2,2,0,0,0,4.0,23.0,28.0,2,7,6,62,Ｆ２,高 知,A1,A1,追,91,41,83.0,0,0,2,1,0,0,2,5.0,17.0,35.0,4,5,7,74,Ｆ２,京 都,A2,A1,追,71,52,83.0,0,0,3,2,0,0,1,5.0,27.0,38.0,4,4,4,46,Ｆ１,愛 知,A2,A2,逃,127,23,79.25,18,3,0,0,23,18,5,75.0,87.0,100.0,1,1,1,36,Ｆ２,2,20000_TO_49999,1,0
20260707_玉野_7R,20260707,玉野,7,7,福 井,A1,A1,両,91,44,90.25,0,8,3,0,3,0,0,25.0,45.0,54.0,2,4,1,87,Ｆ２,高 知,A1,A2,追,111,32,86.66,0,0,6,2,0,0,0,14.0,38.0,57.0,4,3,1,74,Ｆ１,徳 島,A2,A2,逃,125,26,86.47,2,4,0,1,5,5,1,14.0,33.0,42.0,,,,45,Ｆ２,福 井,A2,A2,追,88,43,86.25,0,0,5,2,0,0,0,16.0,29.0,41.0,2,6,4,35,Ｆ１,福 岡,A1,A1,逃,115,29,82.79,5,2,1,0,6,9,2,8.0,33.0,33.0,2,6,2,74,Ｆ１,福 岡,A2,A2,両,98,39,81.81,0,0,4,1,2,2,2,11.0,18.0,25.0,5,5,6,35,Ｆ１,広 島,A2,A2,追,94,48,78.47,0,0,0,1,0,0,0,0.0,5.0,10.0,5,4,5,46,Ｆ１,0,UNDER_10000,0,0
20260707_豊橋_10R,20260707,豊橋,10,7,愛 知,A1,A1,追,83,48,90.85,0,0,3,2,0,0,8,9.0,23.0,47.0,5,2,6,31,Ｆ１,滋 賀,A1,A1,両,95,37,92.88,0,4,7,0,1,1,2,50.0,61.0,72.0,1,4,4,61,Ｆ２,神奈川,A1,A1,追,88,46,86.2,0,0,4,2,0,0,4,13.0,40.0,53.0,6,2,1,43,Ｆ２,神奈川,A1,A1,両,107,36,90.57,1,11,0,0,7,4,3,30.0,60.0,70.0,2,2,2,24,Ｆ２,宮 城,S2,A1,逃,99,43,100.31,1,3,1,1,3,2,4,14.0,28.0,33.0,6,2,4,23,Ｇ３,福 島,A2,A2,両,98,35,84.03,0,2,6,1,0,0,2,18.0,33.0,44.0,3,7,2,46,Ｆ１,富 山,A1,A1,逃,121,34,92.22,4,1,0,0,5,5,0,11.0,55.0,66.0,7,1,2,46,Ｆ１,0,UNDER_10000,0,0
20260707_豊橋_11R,20260707,豊橋,11,7,茨 城,L1,L1,両,128,28,55.04,12,2,0,0,17,16,2,57.0,66.0,76.0,1,1,6,73,Ｆ２,福 井,L1,L1,両,114,29,56.95,5,6,4,0,4,4,1,61.0,71.0,85.0,2,1,1,43,Ｆ２,愛 知,L1,L1,両,118,25,49.54,0,2,1,1,1,1,1,8.0,16.0,16.0,4,5,7,43,Ｆ２,福 岡,L1,L1,両,124,28,51.5,0,2,3,2,0,1,5,3.0,21.0,40.0,4,4,6,44,Ｆ２,広 島,L1,L1,両,116,31,53.9,8,5,1,1,11,8,0,31.0,68.0,77.0,1,1,2,37,Ｆ２,石 川,L1,L1,両,122,25,48.56,0,1,3,1,1,8,5,6.0,16.0,30.0,6,5,2,37,Ｆ２,東 京,L1,L1,両,118,28,53.56,3,4,2,2,9,7,2,21.0,47.0,73.0,3,2,1,37,Ｆ２,0,UNDER_10000,0,0
20260707_豊橋_12R,20260707,豊橋,12,7,大 阪,S1,S1,追,100,40,106.82,0,0,5,0,0,0,1,7.0,17.0,50.0,4,3,4,23,Ｇ３,秋 田,S1,S1,追,67,55,106.71,0,0,2,0,0,0,1,8.0,8.0,26.0,5,1,,23,Ｇ３,茨 城,S1,S1,逃,119,24,108.74,11,6,1,0,18,19,6,41.0,58.0,61.0,7,1,6,31,Ｆ１,神奈川,S2,S2,逃,127,24,105.56,8,4,1,0,8,10,5,39.0,56.0,69.0,2,2,1,35,Ｆ１,群 馬,S1,S1,追,100,36,107.92,0,0,4,2,0,0,6,12.0,24.0,40.0,7,5,2,56,Ｇ１,福 島,A2,S2,逃,125,25,93.72,7,4,1,0,11,11,13,50.0,66.0,83.0,1,2,1,43,Ｆ２,神奈川,S1,S1,追,103,40,112.11,0,1,6,3,0,0,0,19.0,38.0,57.0,7,3,3,56,Ｇ１,0,UNDER_10000,0,0
20260707_豊橋_1R,20260707,豊橋,1,7,栃 木,A2,A2,追,74,53,81.58,0,0,0,2,0,0,1,0.0,8.0,16.0,6,2,6,27,Ｆ２,愛 媛,A2,A2,両,85,47,81.88,2,0,2,2,5,8,4,0.0,22.0,33.0,5,2,3,36,Ｆ１,長 崎,A2,A2,追,79,52,81.05,0,0,1,1,0,0,0,0.0,11.0,22.0,,,,83,Ｆ１,岡 山,A1,A1,逃,103,33,88.8,2,4,2,0,7,10,0,28.0,38.0,57.0,,,,81,Ｆ１,長 崎,A1,A2,逃,123,23,88.28,4,3,2,0,5,4,1,28.0,42.0,52.0,1,4,4,81,Ｆ２,神奈川,A3,A2,追,92,39,71.78,0,0,1,3,0,0,9,5.0,21.0,52.0,5,,,37,Ｆ２,長 崎,A2,A1,逃,125,22,83.19,5,1,0,0,10,11,0,28.0,28.0,33.0,6,1,4,62,Ｆ２,0,UNDER_10000,0,0
20260707_豊橋_2R,20260707,豊橋,2,7,大 分,A1,A1,追,92,44,84.9,0,0,1,3,0,0,1,4.0,19.0,42.0,5,2,6,81,Ｆ１,群 馬,A2,A2,追,73,51,81.61,0,0,2,1,0,0,0,5.0,16.0,22.0,,,,11,Ｆ１,愛 媛,A1,A2,両,101,38,80.08,0,0,0,2,0,1,2,0.0,8.0,8.0,7,6,4,84,Ｆ２,埼 玉,A3,A2,逃,127,21,76.0,9,5,0,1,16,15,11,14.0,55.0,77.0,4,2,3,85,Ｆ２,熊 本,A1,A1,逃,123,23,91.2,0,5,0,0,5,4,8,18.0,31.0,62.0,3,,,83,Ｆ１,石 川,A3,A2,追,61,57,74.33,0,0,8,4,0,0,2,14.0,42.0,60.0,1,2,3,37,Ｆ２,大 分,A2,A2,両,101,40,80.42,0,0,2,0,0,0,0,0.0,10.0,25.0,7,5,2,81,Ｆ１,0,UNDER_10000,0,0
20260707_豊橋_3R,20260707,豊橋,3,7,青 森,A2,A2,両,92,38,81.28,0,0,1,0,4,6,3,4.0,4.0,33.0,5,4,5,83,Ｆ１,佐 賀,A2,A2,追,66,56,85.71,0,0,1,2,0,0,1,4.0,14.0,47.0,4,6,6,46,Ｆ１,大 阪,A1,A1,追,79,48,88.9,0,0,4,1,0,0,4,19.0,23.0,38.0,7,4,1,43,Ｆ２,三 重,A2,A2,両,115,35,80.5,0,0,1,0,2,5,4,0.0,4.0,22.0,5,7,7,84,Ｆ２,栃 木,A1,A1,追,72,53,87.91,0,0,3,1,0,0,1,16.0,33.0,41.0,2,4,6,62,Ｆ２,兵 庫,A3,A2,逃,125,25,78.33,13,8,0,0,17,15,12,66.0,87.0,91.0,1,1,4,44,Ｆ２,佐 賀,A1,A1,両,111,30,92.87,0,2,10,0,0,2,3,37.0,50.0,66.0,3,1,7,61,Ｆ２,0,UNDER_10000,0,0
20260707_豊橋_4R,20260707,豊橋,4,7,広 島,S2,A1,追,103,35,94.03,0,1,0,0,0,0,6,3.0,3.0,13.0,4,5,7,35,Ｆ１,愛 知,A1,A1,追,77,51,83.32,0,0,3,1,0,0,0,4.0,16.0,28.0,,,1,43,Ｆ２,埼 玉,A2,A1,逃,125,26,85.26,5,1,0,0,10,12,2,15.0,31.0,31.0,2,7,5,43,Ｆ２,滋 賀,A2,A2,追,95,39,83.91,0,0,2,1,0,0,2,4.0,12.0,29.0,4,4,4,37,Ｆ２,宮 城,A1,A1,追,87,44,84.85,0,0,2,2,0,0,0,9.0,19.0,42.0,5,1,3,27,Ｆ２,愛 知,A3,A2,逃,127,28,76.69,9,3,1,0,13,11,7,33.0,54.0,79.0,1,3,6,12,Ｆ２,神奈川,A1,A2,追,96,41,84.61,0,0,4,2,0,0,2,14.0,28.0,38.0,5,6,2,37,Ｆ２,0,UNDER_10000,0,0
20260707_豊橋_5R,20260707,豊橋,5,7,愛 知,L1,L1,両,114,28,46.94,0,0,1,0,0,0,7,0.0,5.0,11.0,,,,61,Ｆ２,愛 知,L1,L1,両,130,28,52.88,2,4,1,0,3,2,1,33.0,77.0,88.0,1,6,1,87,Ｆ２,徳 島,L1,L1,両,130,24,46.11,0,0,0,0,0,0,2,0.0,0.0,11.0,7,4,3,87,Ｆ２,大 分,L1,L1,追,122,25,51.17,1,1,0,5,2,2,6,4.0,30.0,52.0,5,4,3,21,Ｆ２,栃 木,L1,L1,追,106,32,47.09,0,0,1,1,0,0,4,4.0,9.0,28.0,4,3,3,37,Ｆ２,徳 島,L1,L1,両,122,24,52.9,0,1,1,3,0,0,1,9.0,45.0,63.0,,,,24,Ｆ２,青 森,L1,L1,追,110,44,45.88,0,0,0,0,0,1,2,0.0,0.0,4.0,7,5,6,27,Ｆ２,0,UNDER_10000,0,0
20260707_豊橋_6R,20260707,豊橋,6,7,栃 木,S2,S2,逃,115,26,98.38,4,1,0,0,8,7,2,11.0,27.0,38.0,,,,31,Ｆ１,岐 阜,S2,S2,逃,123,25,97.39,1,1,3,0,9,11,7,13.0,21.0,43.0,5,5,3,31,Ｆ１,福 岡,S2,S2,追,76,51,99.58,0,0,4,0,0,0,0,8.0,16.0,41.0,6,1,2,31,Ｆ１,佐 賀,S2,S1,逃,115,27,102.08,4,3,2,0,11,5,4,19.0,34.0,38.0,1,5,7,11,Ｆ１,愛 媛,S2,S2,両,115,29,99.72,0,0,1,3,0,1,6,3.0,13.0,31.0,3,2,5,46,Ｆ１,東 京,A1,S2,追,96,37,91.04,0,0,4,1,0,0,0,14.0,23.0,42.0,3,5,4,81,Ｆ１,岐 阜,S2,S2,追,93,49,95.34,0,0,2,2,0,0,3,6.0,12.0,28.0,6,3,4,31,Ｆ１,0,UNDER_10000,0,0
20260707_豊橋_7R,20260707,豊橋,7,7,愛 知,S2,S2,追,71,53,99.4,0,1,3,2,0,0,0,9.0,18.0,43.0,5,6,3,84,Ｆ１,広 島,S2,S2,追,87,44,103.37,0,1,6,2,0,0,2,17.0,31.0,41.0,2,2,4,31,Ｆ１,青 森,S2,S2,逃,105,34,93.84,0,3,0,0,4,4,0,15.0,15.0,21.0,,,,23,Ｇ３,三 重,A1,S2,両,111,29,89.72,0,0,1,0,2,4,3,8.0,8.0,8.0,5,6,6,84,Ｆ２,岡 山,S2,S2,逃,115,28,98.73,5,5,0,0,12,12,6,19.0,38.0,50.0,1,7,7,31,Ｆ１,愛 知,A1,S2,追,70,55,89.14,0,0,0,0,0,0,1,0.0,0.0,42.0,,,,55,Ｆ１,徳 島,S2,S2,追,69,55,100.25,0,0,2,0,0,0,0,0.0,16.0,25.0,,,,81,Ｆ１,0,UNDER_10000,0,0
20260707_豊橋_8R,20260707,豊橋,8,7,香 川,S1,S1,追,76,52,105.13,0,0,3,0,0,0,0,11.0,11.0,23.0,4,5,3,23,Ｇ３,大 阪,S2,S2,追,109,39,100.38,0,1,6,1,0,1,6,17.0,28.0,39.0,3,7,8,23,Ｇ３,埼 玉,S2,S2,両,91,39,100.81,0,0,7,0,0,0,2,13.0,31.0,45.0,3,7,7,23,Ｇ３,愛 媛,S1,S1,逃,109,30,109.28,4,3,1,2,6,4,4,17.0,35.0,42.0,1,2,7,23,Ｇ３,山 梨,S2,S1,追,90,43,98.3,0,0,4,0,0,0,7,5.0,20.0,35.0,,,,27,Ｆ１,福 井,S2,S2,逃,119,28,94.4,3,1,0,0,13,13,0,6.0,13.0,26.0,7,4,2,83,Ｆ１,徳 島,S2,S1,追,75,50,99.04,0,0,4,1,0,0,0,8.0,21.0,65.0,8,7,1,23,Ｇ３,0,UNDER_10000,0,0
20260707_豊橋_9R,20260707,豊橋,9,7,愛 知,S1,S1,追,84,47,105.59,0,0,6,2,0,0,10,22.0,29.0,44.0,1,1,3,46,Ｆ１,茨 城,S2,S1,追,88,52,102.27,0,0,5,2,0,0,1,13.0,31.0,40.0,4,2,6,23,Ｇ３,長 崎,S1,S1,追,86,46,105.75,0,1,4,1,0,0,4,20.0,30.0,50.0,5,9,1,23,Ｇ３,佐 賀,S2,S2,追,91,42,102.4,0,0,4,1,0,0,2,5.0,25.0,40.0,5,8,3,23,Ｇ３,三 重,S1,S1,両,90,42,113.15,0,1,7,0,0,0,2,26.0,30.0,57.0,3,3,7,56,Ｇ１,東 京,S2,S2,逃,113,31,100.08,1,2,0,0,3,1,1,7.0,23.0,38.0,2,6,3,81,Ｆ１,福 岡,S2,S2,両,107,33,102.89,3,4,1,0,8,6,2,26.0,42.0,42.0,2,6,5,46,Ｆ１,3,50000_PLUS,1,1
20260707_防府_10R,20260707,防府,10,7,福 井,S2,S2,追,109,30,100.59,0,0,6,0,0,0,0,13.0,27.0,54.0,,,,84,Ｆ１,新 潟,S2,S2,逃,121,28,101.8,8,4,1,0,9,9,3,38.0,50.0,57.0,1,7,3,35,Ｆ１,宮 崎,S2,S2,両,103,32,98.79,0,0,3,5,0,0,2,6.0,27.0,41.0,5,6,5,74,Ｆ１,埼 玉,S2,S2,追,95,42,96.61,0,0,1,2,0,0,1,7.0,23.0,23.0,,,,55,Ｆ１,福 井,S1,S1,逃,115,27,106.2,3,4,1,0,5,4,1,20.0,33.0,41.0,2,4,1,25,Ｆ１,福 岡,S2,S2,追,92,43,95.28,0,0,2,2,0,0,1,6.0,12.0,21.0,7,6,5,36,Ｆ１,埼 玉,S1,S1,両,97,41,101.08,0,0,2,0,0,0,1,16.0,16.0,33.0,,,,74,Ｆ１,0,UNDER_10000,0,0
20260707_防府_11R,20260707,防府,11,7,三 重,S1,S1,追,96,40,103.77,0,4,3,1,0,0,1,13.0,34.0,47.0,6,5,5,81,Ｆ１,福 岡,S2,S2,追,92,39,99.37,0,0,4,5,0,0,3,6.0,31.0,48.0,6,2,2,81,Ｆ１,静 岡,S2,S2,逃,111,31,100.44,5,5,1,1,7,9,3,24.0,48.0,56.0,7,2,1,84,Ｆ１,岐 阜,S2,S2,逃,125,29,108.35,2,10,3,0,3,3,2,47.0,71.0,76.0,,,,74,Ｆ１,山 梨,S2,S2,追,109,30,99.53,0,0,3,5,0,0,8,7.0,30.0,50.0,2,6,3,55,Ｆ１,佐 賀,S2,S2,逃,123,26,97.69,5,1,1,0,8,9,1,11.0,26.0,38.0,3,3,2,84,Ｆ１,茨 城,S2,S2,追,89,45,100.33,0,0,3,2,0,0,5,6.0,16.0,38.0,2,,3,31,Ｆ１,0,UNDER_10000,0,0
20260707_防府_12R,20260707,防府,12,7,神奈川,S1,S1,追,96,43,112.22,0,0,9,1,0,0,3,28.0,35.0,46.0,3,1,2,74,Ｆ１,山 口,S1,S1,追,80,50,109.61,0,1,5,3,0,0,4,18.0,40.0,50.0,8,5,5,56,Ｇ１,大 阪,S2,S1,両,90,41,111.05,0,1,4,3,0,0,6,10.0,42.0,57.0,1,7,5,56,Ｇ１,栃 木,S1,S1,逃,115,31,111.73,7,10,0,0,17,12,0,46.0,56.0,70.0,2,4,6,23,Ｇ３,愛 媛,S1,S1,追,89,41,107.56,0,0,3,2,0,0,4,7.0,18.0,33.0,4,1,5,23,Ｇ３,福 島,S1,S1,両,99,43,107.4,0,4,7,0,2,2,7,37.0,40.0,48.0,6,3,5,35,Ｆ１,茨 城,S1,S1,追,90,44,107.72,0,0,3,1,0,0,3,15.0,20.0,30.0,6,3,6,84,Ｆ１,0,UNDER_10000,0,0
20260707_防府_1R,20260707,防府,1,7,茨 城,A2,A2,逃,127,25,79.31,10,6,0,0,13,11,10,94.0,94.0,94.0,1,1,1,11,Ｆ２,佐 賀,A2,A2,両,95,38,79.87,0,3,0,0,2,2,2,4.0,12.0,20.0,6,5,5,31,Ｆ１,岐 阜,A1,A2,追,92,41,88.27,0,0,5,3,0,0,7,20.0,40.0,60.0,2,3,3,74,Ｆ１,埼 玉,A1,A1,追,97,36,84.62,0,1,4,0,1,0,4,12.0,20.0,45.0,2,4,6,11,Ｆ２,愛 知,A2,A1,逃,125,26,85.95,5,2,0,0,14,13,7,8.0,29.0,54.0,2,7,1,45,Ｆ２,埼 玉,A3,A2,追,71,54,74.9,0,0,5,7,0,0,0,19.0,57.0,61.0,4,1,1,85,Ｆ２,福 岡,A2,A1,追,94,40,84.86,0,0,0,1,0,0,2,0.0,6.0,33.0,2,3,6,81,Ｆ１,0,UNDER_10000,0,0
20260707_防府_2R,20260707,防府,2,7,愛 媛,A2,A1,追,93,41,87.44,0,0,5,3,0,0,2,7.0,29.0,44.0,2,4,7,45,Ｆ２,佐 賀,A1,A1,両,93,40,83.61,0,1,1,1,0,0,2,10.0,15.0,26.0,4,5,7,84,Ｆ１,岩 手,A1,A1,逃,123,26,85.25,5,3,0,0,9,10,2,16.0,33.0,50.0,7,3,1,35,Ｆ１,滋 賀,A1,A2,両,82,49,84.5,0,5,2,1,3,4,0,14.0,28.0,46.0,1,3,5,43,Ｆ２,山 口,A2,A2,逃,125,31,83.91,3,2,0,0,12,13,11,12.0,20.0,41.0,5,1,3,61,Ｆ２,福 島,A2,A2,追,97,41,82.88,0,0,2,1,0,0,3,3.0,11.0,25.0,5,1,2,21,Ｆ２,愛 媛,A2,A2,追,90,43,84.38,0,2,2,0,0,0,1,16.0,22.0,33.0,6,4,3,35,Ｆ１,1,10000_TO_19999,0,0
20260707_防府_3R,20260707,防府,3,7,岡 山,A2,A2,追,85,48,83.0,0,0,2,1,0,0,11,4.0,12.0,25.0,3,5,5,84,Ｆ１,北海道,A2,A2,両,117,27,85.08,1,4,2,1,1,3,1,20.0,33.0,50.0,4,2,3,31,Ｆ１,三 重,A2,A1,追,79,49,81.58,0,0,3,0,0,0,0,4.0,12.0,25.0,5,5,2,45,Ｆ２,山 口,A1,A1,逃,117,25,86.44,1,3,3,0,1,1,0,27.0,38.0,50.0,4,6,5,35,Ｆ１,神奈川,A2,A2,追,94,42,85.44,0,0,6,3,0,0,5,14.0,33.0,44.0,3,6,2,35,Ｆ１,山 口,A2,A2,追,72,52,81.55,0,0,3,2,0,0,3,6.0,17.0,27.0,7,7,5,55,Ｆ１,愛 知,A2,A2,逃,119,27,83.56,1,0,2,0,6,7,6,4.0,13.0,30.0,5,7,2,43,Ｆ２,0,UNDER_10000,0,0
20260707_防府_4R,20260707,防府,4,7,兵 庫,A2,A2,両,80,49,80.61,2,1,2,1,5,6,0,11.0,23.0,34.0,7,5,1,45,Ｆ２,静 岡,A1,A1,追,87,47,84.38,0,1,2,1,0,0,2,4.0,19.0,33.0,5,7,1,43,Ｆ２,福 岡,A1,A1,両,72,52,86.58,0,1,2,0,1,0,3,11.0,17.0,41.0,3,3,,84,Ｆ２,沖 縄,A2,A1,逃,99,38,88.38,7,1,2,1,7,10,2,19.0,42.0,61.0,2,7,2,74,Ｆ１,埼 玉,A3,A2,両,105,38,79.31,6,2,7,4,8,7,2,54.0,86.0,95.0,5,,,23,Ｆ２,福 岡,A3,A2,追,65,56,69.5,0,0,1,0,0,0,1,4.0,4.0,37.0,6,4,7,45,Ｆ２,千 葉,A2,A2,追,77,52,81.52,0,0,1,1,0,0,12,0.0,8.0,21.0,,4,5,37,Ｆ２,0,UNDER_10000,0,0
20260707_防府_5R,20260707,防府,5,7,千 葉,S2,A1,追,100,45,95.36,0,0,2,5,0,0,6,2.0,18.0,26.0,4,7,2,35,Ｆ１,岡 山,S2,A1,両,87,46,99.51,0,0,8,0,1,1,0,7.0,20.0,38.0,7,2,4,23,Ｇ３,鹿児島,S2,A1,両,86,44,96.73,0,1,2,0,0,0,0,4.0,13.0,30.0,5,1,6,86,Ｆ１,広 島,A1,A1,両,111,32,91.44,0,1,5,0,0,0,7,26.0,31.0,57.0,7,3,3,87,Ｆ２,北海道,S2,A1,両,109,34,94.12,0,0,1,0,4,1,10,0.0,3.0,19.0,7,6,5,11,Ｆ１,埼 玉,A1,A1,追,107,41,88.87,0,2,9,2,0,0,11,25.0,54.0,70.0,2,4,2,43,Ｆ２,岡 山,S2,A1,両,111,32,99.81,0,0,4,2,1,1,8,11.0,22.0,40.0,8,1,2,23,Ｇ３,0,UNDER_10000,0,0
20260707_防府_6R,20260707,防府,6,7,高 知,S2,S2,追,79,49,100.24,0,0,3,4,0,0,1,8.0,28.0,36.0,4,5,1,74,Ｆ１,静 岡,S2,S2,逃,117,29,102.59,4,1,3,2,6,7,8,13.0,45.0,54.0,,,,23,Ｇ３,栃 木,S2,S2,追,92,40,98.96,0,0,3,5,0,0,1,3.0,25.0,28.0,2,6,5,46,Ｆ１,高 知,A1,S2,追,90,45,94.23,0,1,9,3,0,0,3,36.0,59.0,77.0,2,1,2,74,Ｆ１,福 島,S2,S1,追,115,26,103.92,0,0,4,2,0,0,7,7.0,22.0,48.0,5,6,6,23,Ｇ３,埼 玉,A1,S2,追,94,44,92.33,0,0,3,5,0,0,2,0.0,53.0,60.0,5,4,2,46,Ｆ１,岡 山,S2,S2,逃,127,25,100.33,12,2,0,0,15,14,0,68.0,73.0,73.0,1,6,,84,Ｆ１,0,UNDER_10000,0,0
20260707_防府_7R,20260707,防府,7,7,大 分,S2,S1,両,101,33,102.56,0,1,4,0,1,1,0,25.0,31.0,43.0,8,1,4,23,Ｇ３,岡 山,S2,S2,逃,119,28,98.92,6,2,0,0,14,10,2,20.0,32.0,48.0,5,4,2,46,Ｆ１,大 阪,S2,S2,逃,125,25,103.67,9,3,0,0,17,17,18,17.0,42.0,46.0,1,7,4,46,Ｆ１,岡 山,S2,S2,追,97,41,97.47,0,0,2,3,0,0,1,4.0,21.0,30.0,6,2,5,35,Ｆ１,京 都,S2,S2,両,85,50,99.05,0,2,1,2,0,1,2,11.0,27.0,38.0,,,,23,Ｇ３,石 川,A1,S2,追,80,48,90.5,0,0,9,2,0,0,6,33.0,45.0,50.0,3,2,1,21,Ｆ２,大 分,S2,S2,追,85,46,100.82,0,0,0,5,0,0,0,0.0,27.0,38.0,5,8,8,23,Ｇ３,2,20000_TO_49999,1,0
20260707_防府_8R,20260707,防府,8,7,広 島,S2,S2,両,101,34,100.56,1,3,0,0,1,4,2,8.0,17.0,39.0,4,3,5,81,Ｆ１,福 岡,S1,S1,逃,109,31,104.37,3,1,0,0,4,3,2,37.0,50.0,50.0,,,,74,Ｆ１,宮 城,S2,S2,追,92,39,101.1,0,0,8,1,0,0,10,17.0,32.0,42.0,4,5,4,84,Ｆ１,広 島,S2,S2,追,97,42,97.0,0,0,1,2,0,0,3,4.0,13.0,21.0,6,5,2,23,Ｇ３,熊 本,S1,S1,両,94,37,102.57,0,0,5,1,0,0,0,13.0,27.0,27.0,1,7,2,84,Ｆ１,福 島,S2,S2,逃,119,24,0.0,0,0,0,0,0,0,0,0.0,0.0,0.0,,,,23,Ｇ３,山 口,S2,S2,逃,119,28,101.79,3,4,1,0,8,6,0,16.0,33.0,37.0,3,8,8,23,Ｇ３,0,UNDER_10000,0,0
20260707_防府_9R,20260707,防府,9,7,秋 田,S2,S2,追,96,36,104.12,0,0,5,5,0,0,1,12.0,40.0,48.0,2,4,2,46,Ｆ１,石 川,S2,S2,両,91,43,101.58,0,4,3,1,2,2,5,18.0,21.0,45.0,3,6,1,84,Ｆ１,徳 島,S2,S2,逃,121,23,98.46,1,5,0,0,5,5,0,10.0,20.0,31.0,7,1,7,74,Ｆ１,宮 城,S2,S2,逃,125,25,105.91,4,5,0,0,12,15,1,16.0,37.0,58.0,,,,74,Ｆ１,徳 島,S1,S1,追,86,49,99.07,0,0,2,2,0,0,1,13.0,26.0,40.0,6,7,5,11,Ｆ１,神奈川,A1,S2,追,88,44,88.55,0,1,1,0,0,0,4,10.0,20.0,30.0,5,1,6,35,Ｆ１,三 重,A1,S2,追,87,45,91.05,0,0,1,3,0,0,6,5.0,22.0,33.0,5,2,6,74,Ｆ１,3,50000_PLUS,1,1
