race_key,date,jo_code,jo_name,race_no,car_no,player_id,finish_order,result_status,result_reason,trifecta,trifecta_payout,popularity
20260818_大垣_1R,20260818,44,大垣,1,7,014305,1,NORMAL,,7-3-5,600,1
20260818_大垣_1R,20260818,44,大垣,1,3,013263,2,NORMAL,,7-3-5,600,1
20260818_大垣_1R,20260818,44,大垣,1,5,013729,3,NORMAL,,7-3-5,600,1
20260818_大垣_1R,20260818,44,大垣,1,2,014240,4,NORMAL,,7-3-5,600,1
20260818_大垣_1R,20260818,44,大垣,1,1,014601,5,NORMAL,,7-3-5,600,1
20260818_大垣_1R,20260818,44,大垣,1,4,013896,6,NORMAL,,7-3-5,600,1
20260818_大垣_1R,20260818,44,大垣,1,6,015085,7,NORMAL,,7-3-5,600,1
20260818_大垣_2R,20260818,44,大垣,2,1,014749,1,NORMAL,,1-7-3,11370,43
20260818_大垣_2R,20260818,44,大垣,2,7,015287,2,NORMAL,,1-7-3,11370,43
20260818_大垣_2R,20260818,44,大垣,2,3,014949,3,NORMAL,,1-7-3,11370,43
20260818_大垣_2R,20260818,44,大垣,2,4,014695,4,NORMAL,,1-7-3,11370,43
20260818_大垣_2R,20260818,44,大垣,2,2,013646,5,NORMAL,,1-7-3,11370,43
20260818_大垣_2R,20260818,44,大垣,2,5,015101,6,NORMAL,,1-7-3,11370,43
20260818_大垣_2R,20260818,44,大垣,2,6,014755,7,NORMAL,,1-7-3,11370,43
20260818_大垣_3R,20260818,44,大垣,3,7,015276,1,NORMAL,,7-3-1,3770,11
20260818_大垣_3R,20260818,44,大垣,3,3,015327,2,NORMAL,,7-3-1,3770,11
20260818_大垣_3R,20260818,44,大垣,3,1,015700,3,NORMAL,,7-3-1,3770,11
20260818_大垣_3R,20260818,44,大垣,3,4,011477,4,NORMAL,,7-3-1,3770,11
20260818_大垣_3R,20260818,44,大垣,3,2,015193,5,NORMAL,,7-3-1,3770,11
20260818_大垣_3R,20260818,44,大垣,3,5,014620,6,NORMAL,,7-3-1,3770,11
20260818_大垣_3R,20260818,44,大垣,3,6,015045,7,NORMAL,,7-3-1,3770,11
20260818_大垣_4R,20260818,44,大垣,4,2,014119,1,NORMAL,,2-5-1,37490,76
20260818_大垣_4R,20260818,44,大垣,4,5,014390,2,NORMAL,,2-5-1,37490,76
20260818_大垣_4R,20260818,44,大垣,4,1,014477,3,NORMAL,,2-5-1,37490,76
20260818_大垣_4R,20260818,44,大垣,4,6,014625,4,NORMAL,,2-5-1,37490,76
20260818_大垣_4R,20260818,44,大垣,4,7,013929,5,NORMAL,,2-5-1,37490,76
20260818_大垣_4R,20260818,44,大垣,4,3,015704,6,NORMAL,,2-5-1,37490,76
20260818_大垣_4R,20260818,44,大垣,4,4,015921,,失格,先頭員早期追い抜き,2-5-1,37490,76
20260818_大垣_5R,20260818,44,大垣,5,4,015821,1,NORMAL,,4-3-7,5040,13
20260818_大垣_5R,20260818,44,大垣,5,3,015602,2,NORMAL,,4-3-7,5040,13
20260818_大垣_5R,20260818,44,大垣,5,7,014672,3,NORMAL,,4-3-7,5040,13
20260818_大垣_5R,20260818,44,大垣,5,1,013571,4,NORMAL,,4-3-7,5040,13
20260818_大垣_5R,20260818,44,大垣,5,5,014586,5,NORMAL,,4-3-7,5040,13
20260818_大垣_5R,20260818,44,大垣,5,2,015345,6,NORMAL,,4-3-7,5040,13
20260818_大垣_5R,20260818,44,大垣,5,6,014334,7,NORMAL,,4-3-7,5040,13
20260818_大垣_6R,20260818,44,大垣,6,3,015416,1,NORMAL,,3-1-7,15510,61
20260818_大垣_6R,20260818,44,大垣,6,1,015250,2,NORMAL,,3-1-7,15510,61
20260818_大垣_6R,20260818,44,大垣,6,7,014399,3,NORMAL,,3-1-7,15510,61
20260818_大垣_6R,20260818,44,大垣,6,5,015333,4,NORMAL,,3-1-7,15510,61
20260818_大垣_6R,20260818,44,大垣,6,4,013593,5,NORMAL,,3-1-7,15510,61
20260818_大垣_6R,20260818,44,大垣,6,6,014090,6,NORMAL,,3-1-7,15510,61
20260818_大垣_6R,20260818,44,大垣,6,2,013862,,落車棄権,,3-1-7,15510,61
20260818_大垣_7R,20260818,44,大垣,7,5,014051,1,NORMAL,,5-3-2,2750,7
20260818_大垣_7R,20260818,44,大垣,7,3,013679,2,NORMAL,,5-3-2,2750,7
20260818_大垣_7R,20260818,44,大垣,7,2,014096,3,NORMAL,,5-3-2,2750,7
20260818_大垣_7R,20260818,44,大垣,7,1,013357,4,NORMAL,,5-3-2,2750,7
20260818_大垣_7R,20260818,44,大垣,7,7,015539,5,NORMAL,,5-3-2,2750,7
20260818_大垣_7R,20260818,44,大垣,7,4,012478,6,NORMAL,,5-3-2,2750,7
20260818_大垣_7R,20260818,44,大垣,7,6,015729,7,NORMAL,,5-3-2,2750,7
20260818_大垣_8R,20260818,44,大垣,8,5,015651,1,NORMAL,,5-2-3,6490,23
20260818_大垣_8R,20260818,44,大垣,8,2,014691,2,NORMAL,,5-2-3,6490,23
20260818_大垣_8R,20260818,44,大垣,8,3,012487,3,NORMAL,,5-2-3,6490,23
20260818_大垣_8R,20260818,44,大垣,8,4,014767,4,NORMAL,,5-2-3,6490,23
20260818_大垣_8R,20260818,44,大垣,8,6,014325,5,NORMAL,,5-2-3,6490,23
20260818_大垣_8R,20260818,44,大垣,8,7,015420,6,NORMAL,,5-2-3,6490,23
20260818_大垣_8R,20260818,44,大垣,8,1,015630,7,NORMAL,,5-2-3,6490,23
20260818_大垣_9R,20260818,44,大垣,9,1,015036,1,NORMAL,,1-7-5,9290,40
20260818_大垣_9R,20260818,44,大垣,9,7,015696,2,NORMAL,,1-7-5,9290,40
20260818_大垣_9R,20260818,44,大垣,9,5,014599,3,NORMAL,,1-7-5,9290,40
20260818_大垣_9R,20260818,44,大垣,9,3,013855,4,NORMAL,,1-7-5,9290,40
20260818_大垣_9R,20260818,44,大垣,9,2,014268,5,NORMAL,,1-7-5,9290,40
20260818_大垣_9R,20260818,44,大垣,9,6,015687,6,NORMAL,,1-7-5,9290,40
20260818_大垣_9R,20260818,44,大垣,9,4,015198,7,NORMAL,,1-7-5,9290,40
20260818_大垣_10R,20260818,44,大垣,10,1,015169,1,NORMAL,,1-5-7,5020,13
20260818_大垣_10R,20260818,44,大垣,10,5,013724,2,NORMAL,,1-5-7,5020,13
20260818_大垣_10R,20260818,44,大垣,10,7,015066,3,NORMAL,,1-5-7,5020,13
20260818_大垣_10R,20260818,44,大垣,10,4,014184,4,NORMAL,,1-5-7,5020,13
20260818_大垣_10R,20260818,44,大垣,10,2,014045,5,NORMAL,,1-5-7,5020,13
20260818_大垣_10R,20260818,44,大垣,10,6,015289,6,NORMAL,,1-5-7,5020,13
20260818_大垣_10R,20260818,44,大垣,10,3,014506,7,NORMAL,,1-5-7,5020,13
20260818_大垣_11R,20260818,44,大垣,11,5,013808,1,NORMAL,,5-1-4,5830,20
20260818_大垣_11R,20260818,44,大垣,11,1,015473,2,NORMAL,,5-1-4,5830,20
20260818_大垣_11R,20260818,44,大垣,11,4,014939,3,NORMAL,,5-1-4,5830,20
20260818_大垣_11R,20260818,44,大垣,11,6,013497,4,NORMAL,,5-1-4,5830,20
20260818_大垣_11R,20260818,44,大垣,11,7,015170,5,NORMAL,,5-1-4,5830,20
20260818_大垣_11R,20260818,44,大垣,11,2,015715,6,NORMAL,,5-1-4,5830,20
20260818_大垣_11R,20260818,44,大垣,11,3,014016,7,NORMAL,,5-1-4,5830,20
20260818_大垣_12R,20260818,44,大垣,12,5,014485,1,NORMAL,,5-7-3,18770,72
20260818_大垣_12R,20260818,44,大垣,12,7,015702,2,NORMAL,,5-7-3,18770,72
20260818_大垣_12R,20260818,44,大垣,12,3,014081,3,NORMAL,,5-7-3,18770,72
20260818_大垣_12R,20260818,44,大垣,12,4,012450,4,NORMAL,,5-7-3,18770,72
20260818_大垣_12R,20260818,44,大垣,12,1,015629,5,NORMAL,,5-7-3,18770,72
20260818_大垣_12R,20260818,44,大垣,12,6,014881,6,NORMAL,,5-7-3,18770,72
20260818_大垣_12R,20260818,44,大垣,12,2,015837,7,NORMAL,,5-7-3,18770,72
20260818_四日市_1R,20260818,48,四日市,1,6,013969,1,NORMAL,,6-4-1,84070,154
20260818_四日市_1R,20260818,48,四日市,1,4,013112,2,NORMAL,,6-4-1,84070,154
20260818_四日市_1R,20260818,48,四日市,1,1,015281,3,NORMAL,,6-4-1,84070,154
20260818_四日市_1R,20260818,48,四日市,1,2,013907,4,NORMAL,,6-4-1,84070,154
20260818_四日市_1R,20260818,48,四日市,1,7,012957,5,NORMAL,,6-4-1,84070,154
20260818_四日市_1R,20260818,48,四日市,1,3,013575,6,NORMAL,,6-4-1,84070,154
20260818_四日市_1R,20260818,48,四日市,1,5,015813,7,NORMAL,,6-4-1,84070,154
20260818_四日市_2R,20260818,48,四日市,2,5,015644,1,NORMAL,,5-2-7,5870,24
20260818_四日市_2R,20260818,48,四日市,2,2,014408,2,NORMAL,,5-2-7,5870,24
20260818_四日市_2R,20260818,48,四日市,2,7,014415,3,NORMAL,,5-2-7,5870,24
20260818_四日市_2R,20260818,48,四日市,2,1,014690,4,NORMAL,,5-2-7,5870,24
20260818_四日市_2R,20260818,48,四日市,2,4,014492,5,NORMAL,,5-2-7,5870,24
20260818_四日市_2R,20260818,48,四日市,2,3,013127,6,NORMAL,,5-2-7,5870,24
20260818_四日市_2R,20260818,48,四日市,2,6,015112,7,NORMAL,,5-2-7,5870,24
20260818_四日市_3R,20260818,48,四日市,3,2,015182,1,NORMAL,,2-7-5,13410,44
20260818_四日市_3R,20260818,48,四日市,3,7,015442,2,NORMAL,,2-7-5,13410,44
20260818_四日市_3R,20260818,48,四日市,3,5,012336,3,NORMAL,,2-7-5,13410,44
20260818_四日市_3R,20260818,48,四日市,3,1,013936,4,NORMAL,,2-7-5,13410,44
20260818_四日市_3R,20260818,48,四日市,3,3,014984,5,NORMAL,,2-7-5,13410,44
20260818_四日市_3R,20260818,48,四日市,3,4,012283,6,NORMAL,,2-7-5,13410,44
20260818_四日市_3R,20260818,48,四日市,3,6,013047,7,NORMAL,,2-7-5,13410,44
20260818_四日市_4R,20260818,48,四日市,4,5,015640,1,NORMAL,,5-4-1,1070,1
20260818_四日市_4R,20260818,48,四日市,4,4,014235,2,NORMAL,,5-4-1,1070,1
20260818_四日市_4R,20260818,48,四日市,4,1,014859,3,NORMAL,,5-4-1,1070,1
20260818_四日市_4R,20260818,48,四日市,4,2,013916,4,NORMAL,,5-4-1,1070,1
20260818_四日市_4R,20260818,48,四日市,4,7,014459,5,NORMAL,,5-4-1,1070,1
20260818_四日市_4R,20260818,48,四日市,4,6,013484,6,NORMAL,,5-4-1,1070,1
20260818_四日市_4R,20260818,48,四日市,4,3,012544,7,NORMAL,,5-4-1,1070,1
20260818_四日市_5R,20260818,48,四日市,5,4,015995,1,NORMAL,,4-1-2,660,3
20260818_四日市_5R,20260818,48,四日市,5,1,015462,2,NORMAL,,4-1-2,660,3
20260818_四日市_5R,20260818,48,四日市,5,2,014858,3,NORMAL,,4-1-2,660,3
20260818_四日市_5R,20260818,48,四日市,5,6,013953,4,NORMAL,,4-1-2,660,3
20260818_四日市_5R,20260818,48,四日市,5,3,013884,5,NORMAL,,4-1-2,660,3
20260818_四日市_5R,20260818,48,四日市,5,7,015557,6,NORMAL,,4-1-2,660,3
20260818_四日市_5R,20260818,48,四日市,5,5,013932,7,NORMAL,,4-1-2,660,3
20260818_四日市_6R,20260818,48,四日市,6,6,130129,1,NORMAL,,6-5-4,1520,5
20260818_四日市_6R,20260818,48,四日市,6,5,014974,2,NORMAL,,6-5-4,1520,5
20260818_四日市_6R,20260818,48,四日市,6,4,015490,3,NORMAL,,6-5-4,1520,5
20260818_四日市_6R,20260818,48,四日市,6,7,015587,4,NORMAL,,6-5-4,1520,5
20260818_四日市_6R,20260818,48,四日市,6,2,014896,5,NORMAL,,6-5-4,1520,5
20260818_四日市_6R,20260818,48,四日市,6,1,015774,6,NORMAL,,6-5-4,1520,5
20260818_四日市_6R,20260818,48,四日市,6,3,014904,7,NORMAL,,6-5-4,1520,5
20260818_四日市_7R,20260818,48,四日市,7,6,130134,1,NORMAL,,6-5-4,1240,4
20260818_四日市_7R,20260818,48,四日市,7,5,015578,2,NORMAL,,6-5-4,1240,4
20260818_四日市_7R,20260818,48,四日市,7,4,015141,3,NORMAL,,6-5-4,1240,4
20260818_四日市_7R,20260818,48,四日市,7,1,015586,4,NORMAL,,6-5-4,1240,4
20260818_四日市_7R,20260818,48,四日市,7,2,015139,5,NORMAL,,6-5-4,1240,4
20260818_四日市_7R,20260818,48,四日市,7,7,015153,6,NORMAL,,6-5-4,1240,4
20260818_四日市_7R,20260818,48,四日市,7,3,014905,7,NORMAL,,6-5-4,1240,4
20260818_四日市_8R,20260818,48,四日市,8,2,015744,1,NORMAL,,2-1-7,6140,20
20260818_四日市_8R,20260818,48,四日市,8,1,014978,2,NORMAL,,2-1-7,6140,20
20260818_四日市_8R,20260818,48,四日市,8,7,014811,3,NORMAL,,2-1-7,6140,20
20260818_四日市_8R,20260818,48,四日市,8,4,014249,4,NORMAL,,2-1-7,6140,20
20260818_四日市_8R,20260818,48,四日市,8,6,013438,5,NORMAL,,2-1-7,6140,20
20260818_四日市_8R,20260818,48,四日市,8,3,013622,6,NORMAL,,2-1-7,6140,20
20260818_四日市_8R,20260818,48,四日市,8,5,015453,7,NORMAL,,2-1-7,6140,20
20260818_四日市_9R,20260818,48,四日市,9,5,015347,1,NORMAL,,5-4-2,4500,7
20260818_四日市_9R,20260818,48,四日市,9,4,014017,2,NORMAL,,5-4-2,4500,7
20260818_四日市_9R,20260818,48,四日市,9,2,014232,3,NORMAL,,5-4-2,4500,7
20260818_四日市_9R,20260818,48,四日市,9,6,015113,4,NORMAL,,5-4-2,4500,7
20260818_四日市_9R,20260818,48,四日市,9,3,015361,5,NORMAL,,5-4-2,4500,7
20260818_四日市_9R,20260818,48,四日市,9,7,015786,6,NORMAL,,5-4-2,4500,7
20260818_四日市_9R,20260818,48,四日市,9,1,014645,7,NORMAL,,5-4-2,4500,7
20260818_四日市_10R,20260818,48,四日市,10,4,014757,1,NORMAL,,4-2-1,25100,80
20260818_四日市_10R,20260818,48,四日市,10,2,015555,2,NORMAL,,4-2-1,25100,80
20260818_四日市_10R,20260818,48,四日市,10,1,014151,3,NORMAL,,4-2-1,25100,80
20260818_四日市_10R,20260818,48,四日市,10,6,015624,4,NORMAL,,4-2-1,25100,80
20260818_四日市_10R,20260818,48,四日市,10,3,012669,5,NORMAL,,4-2-1,25100,80
20260818_四日市_10R,20260818,48,四日市,10,5,015049,6,NORMAL,,4-2-1,25100,80
20260818_四日市_10R,20260818,48,四日市,10,7,014552,7,NORMAL,,4-2-1,25100,80
20260818_四日市_11R,20260818,48,四日市,11,5,015619,1,NORMAL,,5-2-4,70340,161
20260818_四日市_11R,20260818,48,四日市,11,2,015738,2,NORMAL,,5-2-4,70340,161
20260818_四日市_11R,20260818,48,四日市,11,4,014537,3,NORMAL,,5-2-4,70340,161
20260818_四日市_11R,20260818,48,四日市,11,3,014792,4,NORMAL,,5-2-4,70340,161
20260818_四日市_11R,20260818,48,四日市,11,7,015386,5,NORMAL,,5-2-4,70340,161
20260818_四日市_11R,20260818,48,四日市,11,1,015718,6,NORMAL,,5-2-4,70340,161
20260818_四日市_11R,20260818,48,四日市,11,6,014309,7,NORMAL,,5-2-4,70340,161
20260818_四日市_12R,20260818,48,四日市,12,7,014804,1,NORMAL,,7-3-1,5710,18
20260818_四日市_12R,20260818,48,四日市,12,3,130127,2,NORMAL,,7-3-1,5710,18
20260818_四日市_12R,20260818,48,四日市,12,1,015196,3,NORMAL,,7-3-1,5710,18
20260818_四日市_12R,20260818,48,四日市,12,6,014879,4,NORMAL,,7-3-1,5710,18
20260818_四日市_12R,20260818,48,四日市,12,4,014635,5,NORMAL,,7-3-1,5710,18
20260818_四日市_12R,20260818,48,四日市,12,2,015389,6,落滑入,,7-3-1,5710,18
20260818_四日市_12R,20260818,48,四日市,12,5,015653,7,NORMAL,,7-3-1,5710,18
20260818_高知_1R,20260818,74,高知,1,2,013188,1,NORMAL,,2-3-4,7960,32
20260818_高知_1R,20260818,74,高知,1,3,014479,2,NORMAL,,2-3-4,7960,32
20260818_高知_1R,20260818,74,高知,1,4,015212,3,NORMAL,,2-3-4,7960,32
20260818_高知_1R,20260818,74,高知,1,6,012603,4,NORMAL,,2-3-4,7960,32
20260818_高知_1R,20260818,74,高知,1,5,015163,5,NORMAL,,2-3-4,7960,32
20260818_高知_1R,20260818,74,高知,1,7,014876,6,NORMAL,,2-3-4,7960,32
20260818_高知_1R,20260818,74,高知,1,1,015844,7,NORMAL,,2-3-4,7960,32
20260818_高知_2R,20260818,74,高知,2,5,014031,1,NORMAL,,5-6-1,17790,44
20260818_高知_2R,20260818,74,高知,2,6,015210,2,NORMAL,,5-6-1,17790,44
20260818_高知_2R,20260818,74,高知,2,1,014032,3,NORMAL,,5-6-1,17790,44
20260818_高知_2R,20260818,74,高知,2,2,013659,4,NORMAL,,5-6-1,17790,44
20260818_高知_2R,20260818,74,高知,2,3,015879,5,NORMAL,,5-6-1,17790,44
20260818_高知_2R,20260818,74,高知,2,4,014359,6,NORMAL,,5-6-1,17790,44
20260818_高知_2R,20260818,74,高知,2,7,013535,,落車棄権,,5-6-1,17790,44
20260818_高知_3R,20260818,74,高知,3,5,015377,1,NORMAL,,5-2-6,12860,37
20260818_高知_3R,20260818,74,高知,3,2,015904,2,NORMAL,,5-2-6,12860,37
20260818_高知_3R,20260818,74,高知,3,6,014075,3,NORMAL,,5-2-6,12860,37
20260818_高知_3R,20260818,74,高知,3,3,015084,4,NORMAL,,5-2-6,12860,37
20260818_高知_3R,20260818,74,高知,3,4,013197,5,NORMAL,,5-2-6,12860,37
20260818_高知_3R,20260818,74,高知,3,7,012891,6,NORMAL,,5-2-6,12860,37
20260818_高知_3R,20260818,74,高知,3,1,013056,7,NORMAL,,5-2-6,12860,37
20260818_高知_4R,20260818,74,高知,4,5,013890,1,NORMAL,,5-1-4,820,3
20260818_高知_4R,20260818,74,高知,4,1,015922,2,NORMAL,,5-1-4,820,3
20260818_高知_4R,20260818,74,高知,4,4,015531,3,NORMAL,,5-1-4,820,3
20260818_高知_4R,20260818,74,高知,4,3,014079,4,NORMAL,,5-1-4,820,3
20260818_高知_4R,20260818,74,高知,4,6,012914,5,NORMAL,,5-1-4,820,3
20260818_高知_4R,20260818,74,高知,4,2,014665,6,NORMAL,,5-1-4,820,3
20260818_高知_4R,20260818,74,高知,4,7,012717,7,NORMAL,,5-1-4,820,3
20260818_高知_5R,20260818,74,高知,5,6,013885,1,NORMAL,,6-5-2,43530,142
20260818_高知_5R,20260818,74,高知,5,5,014452,2,NORMAL,,6-5-2,43530,142
20260818_高知_5R,20260818,74,高知,5,2,015278,3,NORMAL,,6-5-2,43530,142
20260818_高知_5R,20260818,74,高知,5,1,015536,4,NORMAL,,6-5-2,43530,142
20260818_高知_5R,20260818,74,高知,5,4,015741,5,NORMAL,,6-5-2,43530,142
20260818_高知_5R,20260818,74,高知,5,7,013146,6,NORMAL,,6-5-2,43530,142
20260818_高知_5R,20260818,74,高知,5,3,015512,7,NORMAL,,6-5-2,43530,142
20260818_高知_6R,20260818,74,高知,6,3,015296,1,NORMAL,,3-4-7,6850,19
20260818_高知_6R,20260818,74,高知,6,4,013790,2,NORMAL,,3-4-7,6850,19
20260818_高知_6R,20260818,74,高知,6,7,014558,3,NORMAL,,3-4-7,6850,19
20260818_高知_6R,20260818,74,高知,6,6,013204,4,NORMAL,,3-4-7,6850,19
20260818_高知_6R,20260818,74,高知,6,2,014945,5,NORMAL,,3-4-7,6850,19
20260818_高知_6R,20260818,74,高知,6,1,013618,6,NORMAL,,3-4-7,6850,19
20260818_高知_6R,20260818,74,高知,6,5,014515,7,NORMAL,,3-4-7,6850,19
20260818_高知_7R,20260818,74,高知,7,5,014222,1,NORMAL,,5-2-1,26490,97
20260818_高知_7R,20260818,74,高知,7,2,014394,2,NORMAL,,5-2-1,26490,97
20260818_高知_7R,20260818,74,高知,7,1,015441,3,NORMAL,,5-2-1,26490,97
20260818_高知_7R,20260818,74,高知,7,3,014617,4,NORMAL,,5-2-1,26490,97
20260818_高知_7R,20260818,74,高知,7,7,014141,5,NORMAL,,5-2-1,26490,97
20260818_高知_7R,20260818,74,高知,7,4,015546,6,NORMAL,,5-2-1,26490,97
20260818_高知_7R,20260818,74,高知,7,6,015448,7,NORMAL,,5-2-1,26490,97
20260818_高知_8R,20260818,74,高知,8,5,015663,1,NORMAL,,5-1-4,5300,16
20260818_高知_8R,20260818,74,高知,8,1,014677,2,NORMAL,,5-1-4,5300,16
20260818_高知_8R,20260818,74,高知,8,4,013230,3,NORMAL,,5-1-4,5300,16
20260818_高知_8R,20260818,74,高知,8,2,015323,4,NORMAL,,5-1-4,5300,16
20260818_高知_8R,20260818,74,高知,8,6,015191,5,NORMAL,,5-1-4,5300,16
20260818_高知_8R,20260818,74,高知,8,7,014337,6,NORMAL,,5-1-4,5300,16
20260818_高知_8R,20260818,74,高知,8,3,015463,7,NORMAL,,5-1-4,5300,16
20260818_高知_9R,20260818,74,高知,9,3,013726,1,NORMAL,,3-6-5,20720,54
20260818_高知_9R,20260818,74,高知,9,6,012688,2,NORMAL,,3-6-5,20720,54
20260818_高知_9R,20260818,74,高知,9,5,013886,3,NORMAL,,3-6-5,20720,54
20260818_高知_9R,20260818,74,高知,9,7,015161,4,NORMAL,,3-6-5,20720,54
20260818_高知_9R,20260818,74,高知,9,2,015197,5,NORMAL,,3-6-5,20720,54
20260818_高知_9R,20260818,74,高知,9,1,014148,6,NORMAL,,3-6-5,20720,54
20260818_高知_9R,20260818,74,高知,9,4,014147,7,NORMAL,,3-6-5,20720,54
20260818_高知_10R,20260818,74,高知,10,6,013798,1,NORMAL,,6-1-3,309710,192
20260818_高知_10R,20260818,74,高知,10,1,014685,2,NORMAL,,6-1-3,309710,192
20260818_高知_10R,20260818,74,高知,10,3,015168,3,NORMAL,,6-1-3,309710,192
20260818_高知_10R,20260818,74,高知,10,4,013252,4,NORMAL,,6-1-3,309710,192
20260818_高知_10R,20260818,74,高知,10,2,014248,5,NORMAL,,6-1-3,309710,192
20260818_高知_10R,20260818,74,高知,10,5,014330,6,NORMAL,,6-1-3,309710,192
20260818_高知_10R,20260818,74,高知,10,7,015466,7,NORMAL,,6-1-3,309710,192
20260818_高知_11R,20260818,74,高知,11,1,015826,1,NORMAL,,1-3-2,4790,13
20260818_高知_11R,20260818,74,高知,11,3,014211,2,NORMAL,,1-3-2,4790,13
20260818_高知_11R,20260818,74,高知,11,2,015529,3,NORMAL,,1-3-2,4790,13
20260818_高知_11R,20260818,74,高知,11,5,013443,4,NORMAL,,1-3-2,4790,13
20260818_高知_11R,20260818,74,高知,11,7,013045,5,NORMAL,,1-3-2,4790,13
20260818_高知_11R,20260818,74,高知,11,6,014712,6,NORMAL,,1-3-2,4790,13
20260818_高知_11R,20260818,74,高知,11,4,013719,7,NORMAL,,1-3-2,4790,13
20260818_高知_12R,20260818,74,高知,12,7,013804,1,NORMAL,,7-2-1,8900,35
20260818_高知_12R,20260818,74,高知,12,2,015373,2,NORMAL,,7-2-1,8900,35
20260818_高知_12R,20260818,74,高知,12,1,014795,3,NORMAL,,7-2-1,8900,35
20260818_高知_12R,20260818,74,高知,12,3,014835,4,NORMAL,,7-2-1,8900,35
20260818_高知_12R,20260818,74,高知,12,5,013628,5,NORMAL,,7-2-1,8900,35
20260818_高知_12R,20260818,74,高知,12,6,012834,6,NORMAL,,7-2-1,8900,35
20260818_高知_12R,20260818,74,高知,12,4,015106,7,NORMAL,,7-2-1,8900,35
20260818_弥彦_1R,20260818,21,弥彦,1,1,015504,1,NORMAL,,1-2-4,1020,3
20260818_弥彦_1R,20260818,21,弥彦,1,2,015863,2,NORMAL,,1-2-4,1020,3
20260818_弥彦_1R,20260818,21,弥彦,1,4,014910,3,NORMAL,,1-2-4,1020,3
20260818_弥彦_1R,20260818,21,弥彦,1,3,015394,4,NORMAL,,1-2-4,1020,3
20260818_弥彦_1R,20260818,21,弥彦,1,6,015134,5,NORMAL,,1-2-4,1020,3
20260818_弥彦_1R,20260818,21,弥彦,1,7,015945,6,NORMAL,,1-2-4,1020,3
20260818_弥彦_1R,20260818,21,弥彦,1,5,015082,7,NORMAL,,1-2-4,1020,3
20260818_弥彦_2R,20260818,21,弥彦,2,1,015765,1,NORMAL,,1-3-2,610,1
20260818_弥彦_2R,20260818,21,弥彦,2,3,015149,2,NORMAL,,1-3-2,610,1
20260818_弥彦_2R,20260818,21,弥彦,2,2,015755,3,NORMAL,,1-3-2,610,1
20260818_弥彦_2R,20260818,21,弥彦,2,5,015954,4,NORMAL,,1-3-2,610,1
20260818_弥彦_2R,20260818,21,弥彦,2,6,015938,5,NORMAL,,1-3-2,610,1
20260818_弥彦_2R,20260818,21,弥彦,2,4,014962,6,NORMAL,,1-3-2,610,1
20260818_弥彦_2R,20260818,21,弥彦,2,7,014908,7,NORMAL,,1-3-2,610,1
20260818_弥彦_3R,20260818,21,弥彦,3,1,014005,1,NORMAL,,1-3-2,1520,4
20260818_弥彦_3R,20260818,21,弥彦,3,3,015806,2,NORMAL,,1-3-2,1520,4
20260818_弥彦_3R,20260818,21,弥彦,3,2,013834,3,NORMAL,,1-3-2,1520,4
20260818_弥彦_3R,20260818,21,弥彦,3,7,013110,4,NORMAL,,1-3-2,1520,4
20260818_弥彦_3R,20260818,21,弥彦,3,6,014532,5,NORMAL,,1-3-2,1520,4
20260818_弥彦_3R,20260818,21,弥彦,3,5,012940,6,NORMAL,,1-3-2,1520,4
20260818_弥彦_3R,20260818,21,弥彦,3,4,015102,7,NORMAL,,1-3-2,1520,4
20260818_弥彦_4R,20260818,21,弥彦,4,1,014805,1,NORMAL,,1-2-4,220,1
20260818_弥彦_4R,20260818,21,弥彦,4,2,015803,2,NORMAL,,1-2-4,220,1
20260818_弥彦_4R,20260818,21,弥彦,4,4,014364,3,NORMAL,,1-2-4,220,1
20260818_弥彦_4R,20260818,21,弥彦,4,7,012646,4,NORMAL,,1-2-4,220,1
20260818_弥彦_4R,20260818,21,弥彦,4,3,014530,5,NORMAL,,1-2-4,220,1
20260818_弥彦_4R,20260818,21,弥彦,4,5,013106,6,NORMAL,,1-2-4,220,1
20260818_弥彦_4R,20260818,21,弥彦,4,6,015707,7,NORMAL,,1-2-4,220,1
20260818_弥彦_5R,20260818,21,弥彦,5,3,013980,1,NORMAL,,3-1-5,3580,10
20260818_弥彦_5R,20260818,21,弥彦,5,1,014570,2,NORMAL,,3-1-5,3580,10
20260818_弥彦_5R,20260818,21,弥彦,5,5,013859,3,NORMAL,,3-1-5,3580,10
20260818_弥彦_5R,20260818,21,弥彦,5,2,015429,4,NORMAL,,3-1-5,3580,10
20260818_弥彦_5R,20260818,21,弥彦,5,4,013405,5,NORMAL,,3-1-5,3580,10
20260818_弥彦_5R,20260818,21,弥彦,5,7,015897,6,NORMAL,,3-1-5,3580,10
20260818_弥彦_5R,20260818,21,弥彦,5,6,014742,7,NORMAL,,3-1-5,3580,10
20260818_弥彦_6R,20260818,21,弥彦,6,1,015797,1,NORMAL,,1-5-3,85120,100
20260818_弥彦_6R,20260818,21,弥彦,6,5,013469,2,NORMAL,,1-5-3,85120,100
20260818_弥彦_6R,20260818,21,弥彦,6,3,015237,3,NORMAL,,1-5-3,85120,100
20260818_弥彦_6R,20260818,21,弥彦,6,7,013839,4,NORMAL,,1-5-3,85120,100
20260818_弥彦_6R,20260818,21,弥彦,6,4,015688,5,NORMAL,,1-5-3,85120,100
20260818_弥彦_6R,20260818,21,弥彦,6,6,014520,6,NORMAL,,1-5-3,85120,100
20260818_弥彦_6R,20260818,21,弥彦,6,2,013933,7,NORMAL,,1-5-3,85120,100
20260818_弥彦_7R,20260818,21,弥彦,7,3,014821,1,NORMAL,,3-6-2,4120,16
20260818_弥彦_7R,20260818,21,弥彦,7,6,014387,2,NORMAL,,3-6-2,4120,16
20260818_弥彦_7R,20260818,21,弥彦,7,2,015353,3,NORMAL,,3-6-2,4120,16
20260818_弥彦_7R,20260818,21,弥彦,7,4,014347,4,NORMAL,,3-6-2,4120,16
20260818_弥彦_7R,20260818,21,弥彦,7,1,014717,5,NORMAL,,3-6-2,4120,16
20260818_弥彦_7R,20260818,21,弥彦,7,5,013172,6,NORMAL,,3-6-2,4120,16
20260818_弥彦_7R,20260818,21,弥彦,7,7,014366,7,NORMAL,,3-6-2,4120,16
20260818_弥彦_8R,20260818,21,弥彦,8,1,015689,1,NORMAL,,1-2-6,1240,5
20260818_弥彦_8R,20260818,21,弥彦,8,2,013993,2,NORMAL,,1-2-6,1240,5
20260818_弥彦_8R,20260818,21,弥彦,8,6,015255,3,NORMAL,,1-2-6,1240,5
20260818_弥彦_8R,20260818,21,弥彦,8,5,014058,4,NORMAL,,1-2-6,1240,5
20260818_弥彦_8R,20260818,21,弥彦,8,3,013259,5,NORMAL,,1-2-6,1240,5
20260818_弥彦_8R,20260818,21,弥彦,8,7,014456,6,NORMAL,,1-2-6,1240,5
20260818_弥彦_8R,20260818,21,弥彦,8,4,015234,7,NORMAL,,1-2-6,1240,5
20260818_弥彦_9R,20260818,21,弥彦,9,2,015162,1,NORMAL,,2-6-5,12560,46
20260818_弥彦_9R,20260818,21,弥彦,9,6,014454,2,NORMAL,,2-6-5,12560,46
20260818_弥彦_9R,20260818,21,弥彦,9,5,015331,3,NORMAL,,2-6-5,12560,46
20260818_弥彦_9R,20260818,21,弥彦,9,4,014819,4,NORMAL,,2-6-5,12560,46
20260818_弥彦_9R,20260818,21,弥彦,9,3,014066,5,NORMAL,,2-6-5,12560,46
20260818_弥彦_9R,20260818,21,弥彦,9,7,014711,6,NORMAL,,2-6-5,12560,46
20260818_弥彦_9R,20260818,21,弥彦,9,1,014080,7,NORMAL,,2-6-5,12560,46
20260818_立川_1R,20260818,28,立川,1,1,013768,1,NORMAL,,1-2-4,5860,17
20260818_立川_1R,20260818,28,立川,1,2,013454,2,NORMAL,,1-2-4,5860,17
20260818_立川_1R,20260818,28,立川,1,4,014276,3,NORMAL,,1-2-4,5860,17
20260818_立川_1R,20260818,28,立川,1,7,013029,4,NORMAL,,1-2-4,5860,17
20260818_立川_1R,20260818,28,立川,1,3,014810,5,NORMAL,,1-2-4,5860,17
20260818_立川_1R,20260818,28,立川,1,6,013840,6,NORMAL,,1-2-4,5860,17
20260818_立川_1R,20260818,28,立川,1,5,014154,,落車棄権,,1-2-4,5860,17
20260818_立川_2R,20260818,28,立川,2,7,015708,1,NORMAL,,7-5-4,19260,52
20260818_立川_2R,20260818,28,立川,2,5,011367,2,NORMAL,,7-5-4,19260,52
20260818_立川_2R,20260818,28,立川,2,4,014650,3,NORMAL,,7-5-4,19260,52
20260818_立川_2R,20260818,28,立川,2,1,012938,4,NORMAL,,7-5-4,19260,52
20260818_立川_2R,20260818,28,立川,2,3,012509,5,NORMAL,,7-5-4,19260,52
20260818_立川_2R,20260818,28,立川,2,2,011346,6,NORMAL,,7-5-4,19260,52
20260818_立川_2R,20260818,28,立川,2,6,014694,7,NORMAL,,7-5-4,19260,52
20260818_立川_3R,20260818,28,立川,3,6,015253,1,NORMAL,,6-4-1,520,2
20260818_立川_3R,20260818,28,立川,3,4,015976,2,NORMAL,,6-4-1,520,2
20260818_立川_3R,20260818,28,立川,3,1,014287,3,NORMAL,,6-4-1,520,2
20260818_立川_3R,20260818,28,立川,3,5,012005,4,NORMAL,,6-4-1,520,2
20260818_立川_3R,20260818,28,立川,3,2,015155,5,NORMAL,,6-4-1,520,2
20260818_立川_3R,20260818,28,立川,3,3,013235,6,NORMAL,,6-4-1,520,2
20260818_立川_3R,20260818,28,立川,3,7,013080,7,NORMAL,,6-4-1,520,2
20260818_立川_4R,20260818,28,立川,4,3,015982,1,NORMAL,,3-5-2,3950,10
20260818_立川_4R,20260818,28,立川,4,5,015241,2,NORMAL,,3-5-2,3950,10
20260818_立川_4R,20260818,28,立川,4,2,015968,3,NORMAL,,3-5-2,3950,10
20260818_立川_4R,20260818,28,立川,4,1,013378,4,NORMAL,,3-5-2,3950,10
20260818_立川_4R,20260818,28,立川,4,7,012634,5,NORMAL,,3-5-2,3950,10
20260818_立川_4R,20260818,28,立川,4,6,014447,6,NORMAL,,3-5-2,3950,10
20260818_立川_4R,20260818,28,立川,4,4,014388,7,NORMAL,,3-5-2,3950,10
20260818_立川_5R,20260818,28,立川,5,3,015939,1,NORMAL,,3-4-7,4970,15
20260818_立川_5R,20260818,28,立川,5,4,015684,2,NORMAL,,3-4-7,4970,15
20260818_立川_5R,20260818,28,立川,5,7,015854,3,NORMAL,,3-4-7,4970,15
20260818_立川_5R,20260818,28,立川,5,6,015678,4,NORMAL,,3-4-7,4970,15
20260818_立川_5R,20260818,28,立川,5,1,015220,5,NORMAL,,3-4-7,4970,15
20260818_立川_5R,20260818,28,立川,5,2,015777,6,NORMAL,,3-4-7,4970,15
20260818_立川_5R,20260818,28,立川,5,5,015593,7,NORMAL,,3-4-7,4970,15
20260818_立川_6R,20260818,28,立川,6,5,015219,1,NORMAL,,5-6-3,1680,4
20260818_立川_6R,20260818,28,立川,6,6,015224,2,NORMAL,,5-6-3,1680,4
20260818_立川_6R,20260818,28,立川,6,3,015314,3,NORMAL,,5-6-3,1680,4
20260818_立川_6R,20260818,28,立川,6,7,015492,4,NORMAL,,5-6-3,1680,4
20260818_立川_6R,20260818,28,立川,6,4,015397,5,NORMAL,,5-6-3,1680,4
20260818_立川_6R,20260818,28,立川,6,1,015759,6,NORMAL,,5-6-3,1680,4
20260818_立川_6R,20260818,28,立川,6,2,015133,7,NORMAL,,5-6-3,1680,4
20260818_立川_7R,20260818,28,立川,7,4,014243,1,NORMAL,,4-1-5,3160,10
20260818_立川_7R,20260818,28,立川,7,1,012875,2,NORMAL,,4-1-5,3160,10
20260818_立川_7R,20260818,28,立川,7,5,014242,3,NORMAL,,4-1-5,3160,10
20260818_立川_7R,20260818,28,立川,7,3,013910,4,NORMAL,,4-1-5,3160,10
20260818_立川_7R,20260818,28,立川,7,6,011454,5,NORMAL,,4-1-5,3160,10
20260818_立川_7R,20260818,28,立川,7,2,015515,6,NORMAL,,4-1-5,3160,10
20260818_立川_8R,20260818,28,立川,8,1,015247,1,NORMAL,,1-3-4,2540,9
20260818_立川_8R,20260818,28,立川,8,3,014353,2,NORMAL,,1-3-4,2540,9
20260818_立川_8R,20260818,28,立川,8,4,015088,3,NORMAL,,1-3-4,2540,9
20260818_立川_8R,20260818,28,立川,8,6,013629,4,NORMAL,,1-3-4,2540,9
20260818_立川_8R,20260818,28,立川,8,5,012944,5,NORMAL,,1-3-4,2540,9
20260818_立川_8R,20260818,28,立川,8,7,015871,6,NORMAL,,1-3-4,2540,9
20260818_立川_8R,20260818,28,立川,8,2,013036,7,NORMAL,,1-3-4,2540,9
20260818_立川_9R,20260818,28,立川,9,2,015712,1,NORMAL,,2-4-5,1580,3
20260818_立川_9R,20260818,28,立川,9,4,014455,2,NORMAL,,2-4-5,1580,3
20260818_立川_9R,20260818,28,立川,9,5,013827,3,NORMAL,,2-4-5,1580,3
20260818_立川_9R,20260818,28,立川,9,1,014136,4,NORMAL,,2-4-5,1580,3
20260818_立川_9R,20260818,28,立川,9,6,014220,5,NORMAL,,2-4-5,1580,3
20260818_立川_9R,20260818,28,立川,9,7,013616,6,NORMAL,,2-4-5,1580,3
20260818_立川_9R,20260818,28,立川,9,3,015603,7,NORMAL,,2-4-5,1580,3
20260818_立川_10R,20260818,28,立川,10,2,015611,1,NORMAL,,2-1-5,10650,33
20260818_立川_10R,20260818,28,立川,10,1,015095,2,NORMAL,,2-1-5,10650,33
20260818_立川_10R,20260818,28,立川,10,5,014057,3,NORMAL,,2-1-5,10650,33
20260818_立川_10R,20260818,28,立川,10,3,015424,4,NORMAL,,2-1-5,10650,33
20260818_立川_10R,20260818,28,立川,10,6,012882,5,NORMAL,,2-1-5,10650,33
20260818_立川_10R,20260818,28,立川,10,4,015795,6,NORMAL,,2-1-5,10650,33
20260818_立川_10R,20260818,28,立川,10,7,014153,7,NORMAL,,2-1-5,10650,33
20260818_立川_11R,20260818,28,立川,11,5,014822,1,NORMAL,,5-3-7,84840,90
20260818_立川_11R,20260818,28,立川,11,3,014669,2,NORMAL,,5-3-7,84840,90
20260818_立川_11R,20260818,28,立川,11,7,013233,3,NORMAL,,5-3-7,84840,90
20260818_立川_11R,20260818,28,立川,11,6,013621,4,NORMAL,,5-3-7,84840,90
20260818_立川_11R,20260818,28,立川,11,4,014070,5,NORMAL,,5-3-7,84840,90
20260818_立川_11R,20260818,28,立川,11,1,015790,,事故棄権,,5-3-7,84840,90
20260818_立川_11R,20260818,28,立川,11,2,015083,,失格,斜行,5-3-7,84840,90
20260818_伊東_1R,20260818,,伊東,1,3,014064,1,NORMAL,,3-7-4,3230,7
20260818_伊東_1R,20260818,,伊東,1,7,013926,2,NORMAL,,3-7-4,3230,7
20260818_伊東_1R,20260818,,伊東,1,4,012858,3,NORMAL,,3-7-4,3230,7
20260818_伊東_1R,20260818,,伊東,1,5,013705,4,NORMAL,,3-7-4,3230,7
20260818_伊東_1R,20260818,,伊東,1,1,015158,5,NORMAL,,3-7-4,3230,7
20260818_伊東_1R,20260818,,伊東,1,2,013847,6,NORMAL,,3-7-4,3230,7
20260818_伊東_1R,20260818,,伊東,1,6,012970,7,NORMAL,,3-7-4,3230,7
20260818_伊東_2R,20260818,,伊東,2,6,015710,1,NORMAL,,6-2-1,15790,38
20260818_伊東_2R,20260818,,伊東,2,2,014072,2,NORMAL,,6-2-1,15790,38
20260818_伊東_2R,20260818,,伊東,2,1,012512,3,NORMAL,,6-2-1,15790,38
20260818_伊東_2R,20260818,,伊東,2,4,014128,4,NORMAL,,6-2-1,15790,38
20260818_伊東_2R,20260818,,伊東,2,3,014202,5,NORMAL,,6-2-1,15790,38
20260818_伊東_2R,20260818,,伊東,2,7,013521,6,NORMAL,,6-2-1,15790,38
20260818_伊東_2R,20260818,,伊東,2,5,013037,,欠場,,6-2-1,15790,38
20260818_伊東_3R,20260818,,伊東,3,1,014216,1,NORMAL,,1-3-4,1440,1
20260818_伊東_3R,20260818,,伊東,3,3,012432,2,NORMAL,,1-3-4,1440,1
20260818_伊東_3R,20260818,,伊東,3,4,011574,3,NORMAL,,1-3-4,1440,1
20260818_伊東_3R,20260818,,伊東,3,7,014067,4,NORMAL,,1-3-4,1440,1
20260818_伊東_3R,20260818,,伊東,3,5,013314,5,NORMAL,,1-3-4,1440,1
20260818_伊東_3R,20260818,,伊東,3,2,014069,6,NORMAL,,1-3-4,1440,1
20260818_伊東_3R,20260818,,伊東,3,6,013105,7,NORMAL,,1-3-4,1440,1
20260818_伊東_4R,20260818,,伊東,4,4,015321,1,NORMAL,,4-3-5,640,2
20260818_伊東_4R,20260818,,伊東,4,3,015680,2,NORMAL,,4-3-5,640,2
20260818_伊東_4R,20260818,,伊東,4,5,015071,2,NORMAL,,4-3-5,640,2
20260818_伊東_4R,20260818,,伊東,4,6,015775,4,NORMAL,,4-3-5,640,2
20260818_伊東_4R,20260818,,伊東,4,2,015951,5,NORMAL,,4-3-5,640,2
20260818_伊東_4R,20260818,,伊東,4,1,014897,6,NORMAL,,4-3-5,640,2
20260818_伊東_5R,20260818,,伊東,5,3,013826,1,NORMAL,,3-1-4,1670,4
20260818_伊東_5R,20260818,,伊東,5,1,014438,2,NORMAL,,3-1-4,1670,4
20260818_伊東_5R,20260818,,伊東,5,4,014732,3,NORMAL,,3-1-4,1670,4
20260818_伊東_5R,20260818,,伊東,5,2,014362,4,NORMAL,,3-1-4,1670,4
20260818_伊東_5R,20260818,,伊東,5,6,013838,5,NORMAL,,3-1-4,1670,4
20260818_伊東_5R,20260818,,伊東,5,5,013899,6,NORMAL,,3-1-4,1670,4
20260818_伊東_6R,20260818,,伊東,6,5,013601,1,NORMAL,,5-2-3,7810,32
20260818_伊東_6R,20260818,,伊東,6,2,013915,2,NORMAL,,5-2-3,7810,32
20260818_伊東_6R,20260818,,伊東,6,3,012417,3,NORMAL,,5-2-3,7810,32
20260818_伊東_6R,20260818,,伊東,6,1,015350,4,NORMAL,,5-2-3,7810,32
20260818_伊東_6R,20260818,,伊東,6,4,013908,5,NORMAL,,5-2-3,7810,32
20260818_伊東_6R,20260818,,伊東,6,6,014021,6,NORMAL,,5-2-3,7810,32
20260818_伊東_7R,20260818,,伊東,7,3,015254,1,NORMAL,,3-2-1,1240,4
20260818_伊東_7R,20260818,,伊東,7,2,015805,2,NORMAL,,3-2-1,1240,4
20260818_伊東_7R,20260818,,伊東,7,1,013547,3,NORMAL,,3-2-1,1240,4
20260818_伊東_7R,20260818,,伊東,7,4,014300,4,NORMAL,,3-2-1,1240,4
20260818_伊東_7R,20260818,,伊東,7,5,015339,5,NORMAL,,3-2-1,1240,4
20260818_伊東_7R,20260818,,伊東,7,7,014012,6,NORMAL,,3-2-1,1240,4
20260818_伊東_7R,20260818,,伊東,7,6,013253,7,NORMAL,,3-2-1,1240,4
20260818_伊東_8R,20260818,,伊東,8,7,015894,1,NORMAL,,7-1-4,4380,13
20260818_伊東_8R,20260818,,伊東,8,1,015175,2,NORMAL,,7-1-4,4380,13
20260818_伊東_8R,20260818,,伊東,8,4,015607,3,NORMAL,,7-1-4,4380,13
20260818_伊東_8R,20260818,,伊東,8,6,012879,4,NORMAL,,7-1-4,4380,13
20260818_伊東_8R,20260818,,伊東,8,2,014003,5,NORMAL,,7-1-4,4380,13
20260818_伊東_8R,20260818,,伊東,8,3,014135,6,NORMAL,,7-1-4,4380,13
20260818_伊東_8R,20260818,,伊東,8,5,014731,7,NORMAL,,7-1-4,4380,13
20260818_伊東_9R,20260818,,伊東,9,1,015986,1,NORMAL,,1-4-5,2170,8
20260818_伊東_9R,20260818,,伊東,9,4,015980,2,NORMAL,,1-4-5,2170,8
20260818_伊東_9R,20260818,,伊東,9,5,014519,3,NORMAL,,1-4-5,2170,8
20260818_伊東_9R,20260818,,伊東,9,2,015606,4,NORMAL,,1-4-5,2170,8
20260818_伊東_9R,20260818,,伊東,9,6,013232,5,NORMAL,,1-4-5,2170,8
20260818_伊東_9R,20260818,,伊東,9,3,015964,6,NORMAL,,1-4-5,2170,8
20260818_伊東_9R,20260818,,伊東,9,7,014385,7,NORMAL,,1-4-5,2170,8
20260818_伊東_10R,20260818,,伊東,10,3,015218,1,NORMAL,,3-6-1,340,1
20260818_伊東_10R,20260818,,伊東,10,6,016030,2,NORMAL,,3-6-1,340,1
20260818_伊東_10R,20260818,,伊東,10,1,015144,3,NORMAL,,3-6-1,340,1
20260818_伊東_10R,20260818,,伊東,10,4,015667,4,NORMAL,,3-6-1,340,1
20260818_伊東_10R,20260818,,伊東,10,5,015020,5,NORMAL,,3-6-1,340,1
20260818_伊東_10R,20260818,,伊東,10,2,016040,6,NORMAL,,3-6-1,340,1
20260818_伊東_10R,20260818,,伊東,10,7,015222,7,NORMAL,,3-6-1,340,1
20260818_伊東_11R,20260818,,伊東,11,7,015415,1,NORMAL,,7-4-2,14080,55
20260818_伊東_11R,20260818,,伊東,11,4,012811,2,NORMAL,,7-4-2,14080,55
20260818_伊東_11R,20260818,,伊東,11,2,015421,3,NORMAL,,7-4-2,14080,55
20260818_伊東_11R,20260818,,伊東,11,3,014646,4,NORMAL,,7-4-2,14080,55
20260818_伊東_11R,20260818,,伊東,11,5,012728,5,NORMAL,,7-4-2,14080,55
20260818_伊東_11R,20260818,,伊東,11,6,014527,6,NORMAL,,7-4-2,14080,55
20260818_伊東_11R,20260818,,伊東,11,1,015618,7,NORMAL,,7-4-2,14080,55
20260818_豊橋_1R,20260818,45,豊橋,1,4,014360,1,NORMAL,,4-1-7,410,1
20260818_豊橋_1R,20260818,45,豊橋,1,1,015511,2,NORMAL,,4-1-7,410,1
20260818_豊橋_1R,20260818,45,豊橋,1,7,013109,3,NORMAL,,4-1-7,410,1
20260818_豊橋_1R,20260818,45,豊橋,1,5,014049,4,NORMAL,,4-1-7,410,1
20260818_豊橋_1R,20260818,45,豊橋,1,3,014418,5,NORMAL,,4-1-7,410,1
20260818_豊橋_1R,20260818,45,豊橋,1,2,011792,6,NORMAL,,4-1-7,410,1
20260818_豊橋_1R,20260818,45,豊橋,1,6,014697,7,NORMAL,,4-1-7,410,1
20260818_豊橋_2R,20260818,45,豊橋,2,4,011341,1,NORMAL,,4-3-1,47220,96
20260818_豊橋_2R,20260818,45,豊橋,2,3,015257,2,NORMAL,,4-3-1,47220,96
20260818_豊橋_2R,20260818,45,豊橋,2,1,012529,3,NORMAL,,4-3-1,47220,96
20260818_豊橋_2R,20260818,45,豊橋,2,5,013214,4,NORMAL,,4-3-1,47220,96
20260818_豊橋_2R,20260818,45,豊橋,2,6,012319,5,NORMAL,,4-3-1,47220,96
20260818_豊橋_2R,20260818,45,豊橋,2,7,016002,6,NORMAL,,4-3-1,47220,96
20260818_豊橋_2R,20260818,45,豊橋,2,2,014880,7,NORMAL,,4-3-1,47220,96
20260818_豊橋_3R,20260818,45,豊橋,3,1,014787,1,NORMAL,,1-4-6,5290,17
20260818_豊橋_3R,20260818,45,豊橋,3,4,015105,2,NORMAL,,1-4-6,5290,17
20260818_豊橋_3R,20260818,45,豊橋,3,6,016010,3,NORMAL,,1-4-6,5290,17
20260818_豊橋_3R,20260818,45,豊橋,3,3,013728,4,NORMAL,,1-4-6,5290,17
20260818_豊橋_3R,20260818,45,豊橋,3,7,013526,5,NORMAL,,1-4-6,5290,17
20260818_豊橋_3R,20260818,45,豊橋,3,5,014738,6,NORMAL,,1-4-6,5290,17
20260818_豊橋_3R,20260818,45,豊橋,3,2,015889,,失格,内圏線踏み切り,1-4-6,5290,17
20260818_豊橋_4R,20260818,45,豊橋,4,4,014808,1,NORMAL,,4-2-3,1810,5
20260818_豊橋_4R,20260818,45,豊橋,4,2,015177,2,NORMAL,,4-2-3,1810,5
20260818_豊橋_4R,20260818,45,豊橋,4,3,013767,3,NORMAL,,4-2-3,1810,5
20260818_豊橋_4R,20260818,45,豊橋,4,7,012287,4,NORMAL,,4-2-3,1810,5
20260818_豊橋_4R,20260818,45,豊橋,4,6,016012,5,NORMAL,,4-2-3,1810,5
20260818_豊橋_4R,20260818,45,豊橋,4,5,013272,6,NORMAL,,4-2-3,1810,5
20260818_豊橋_4R,20260818,45,豊橋,4,1,014496,7,NORMAL,,4-2-3,1810,5
20260818_豊橋_5R,20260818,45,豊橋,5,4,014342,1,NORMAL,,4-7-1,4290,9
20260818_豊橋_5R,20260818,45,豊橋,5,7,016018,2,NORMAL,,4-7-1,4290,9
20260818_豊橋_5R,20260818,45,豊橋,5,1,014743,3,NORMAL,,4-7-1,4290,9
20260818_豊橋_5R,20260818,45,豊橋,5,2,014034,4,NORMAL,,4-7-1,4290,9
20260818_豊橋_5R,20260818,45,豊橋,5,5,012431,5,NORMAL,,4-7-1,4290,9
20260818_豊橋_5R,20260818,45,豊橋,5,6,014209,6,NORMAL,,4-7-1,4290,9
20260818_豊橋_5R,20260818,45,豊橋,5,3,013830,,落車棄権,,4-7-1,4290,9
20260818_豊橋_6R,20260818,45,豊橋,6,3,015991,1,NORMAL,,3-5-1,260,1
20260818_豊橋_6R,20260818,45,豊橋,6,5,012208,2,NORMAL,,3-5-1,260,1
20260818_豊橋_6R,20260818,45,豊橋,6,1,013261,3,NORMAL,,3-5-1,260,1
20260818_豊橋_6R,20260818,45,豊橋,6,2,014666,4,NORMAL,,3-5-1,260,1
20260818_豊橋_6R,20260818,45,豊橋,6,6,012537,5,NORMAL,,3-5-1,260,1
20260818_豊橋_6R,20260818,45,豊橋,6,4,014526,6,NORMAL,,3-5-1,260,1
20260818_豊橋_6R,20260818,45,豊橋,6,7,013324,,失格,内圏線踏み切り,3-5-1,260,1
20260818_豊橋_7R,20260818,45,豊橋,7,7,012649,1,NORMAL,,7-2-3,640,2
20260818_豊橋_7R,20260818,45,豊橋,7,2,015979,2,NORMAL,,7-2-3,640,2
20260818_豊橋_7R,20260818,45,豊橋,7,3,014349,3,NORMAL,,7-2-3,640,2
20260818_豊橋_7R,20260818,45,豊橋,7,5,013161,4,NORMAL,,7-2-3,640,2
20260818_豊橋_7R,20260818,45,豊橋,7,4,014774,5,NORMAL,,7-2-3,640,2
20260818_豊橋_7R,20260818,45,豊橋,7,6,011451,6,NORMAL,,7-2-3,640,2
20260818_豊橋_7R,20260818,45,豊橋,7,1,015286,7,NORMAL,,7-2-3,640,2
20260818_佐世保_1R,20260818,85,佐世保,1,1,015018,1,NORMAL,,1-3-5,3260,9
20260818_佐世保_1R,20260818,85,佐世保,1,3,015762,2,NORMAL,,1-3-5,3260,9
20260818_佐世保_1R,20260818,85,佐世保,1,5,015857,3,NORMAL,,1-3-5,3260,9
20260818_佐世保_1R,20260818,85,佐世保,1,2,015319,4,NORMAL,,1-3-5,3260,9
20260818_佐世保_1R,20260818,85,佐世保,1,4,015074,5,NORMAL,,1-3-5,3260,9
20260818_佐世保_1R,20260818,85,佐世保,1,6,015140,6,NORMAL,,1-3-5,3260,9
20260818_佐世保_1R,20260818,85,佐世保,1,7,015489,7,NORMAL,,1-3-5,3260,9
20260818_佐世保_2R,20260818,85,佐世保,2,2,015770,1,NORMAL,,2-4-5,32400,57
20260818_佐世保_2R,20260818,85,佐世保,2,4,015682,2,NORMAL,,2-4-5,32400,57
20260818_佐世保_2R,20260818,85,佐世保,2,5,014907,3,NORMAL,,2-4-5,32400,57
20260818_佐世保_2R,20260818,85,佐世保,2,3,015401,4,NORMAL,,2-4-5,32400,57
20260818_佐世保_2R,20260818,85,佐世保,2,1,015491,5,NORMAL,,2-4-5,32400,57
20260818_佐世保_2R,20260818,85,佐世保,2,6,015943,6,NORMAL,,2-4-5,32400,57
20260818_佐世保_2R,20260818,85,佐世保,2,7,015849,7,NORMAL,,2-4-5,32400,57
20260818_佐世保_3R,20260818,85,佐世保,3,2,013971,1,NORMAL,,2-4-6,18900,61
20260818_佐世保_3R,20260818,85,佐世保,3,4,015387,2,NORMAL,,2-4-6,18900,61
20260818_佐世保_3R,20260818,85,佐世保,3,6,012794,3,NORMAL,,2-4-6,18900,61
20260818_佐世保_3R,20260818,85,佐世保,3,3,014715,4,NORMAL,,2-4-6,18900,61
20260818_佐世保_3R,20260818,85,佐世保,3,1,014561,5,NORMAL,,2-4-6,18900,61
20260818_佐世保_3R,20260818,85,佐世保,3,5,012960,6,NORMAL,,2-4-6,18900,61
20260818_佐世保_3R,20260818,85,佐世保,3,7,013556,7,NORMAL,,2-4-6,18900,61
20260818_佐世保_4R,20260818,85,佐世保,4,3,013667,1,NORMAL,,3-4-5,4290,14
20260818_佐世保_4R,20260818,85,佐世保,4,4,015131,2,NORMAL,,3-4-5,4290,14
20260818_佐世保_4R,20260818,85,佐世保,4,5,013942,3,NORMAL,,3-4-5,4290,14
20260818_佐世保_4R,20260818,85,佐世保,4,7,014566,4,NORMAL,,3-4-5,4290,14
20260818_佐世保_4R,20260818,85,佐世保,4,1,014850,5,NORMAL,,3-4-5,4290,14
20260818_佐世保_4R,20260818,85,佐世保,4,2,014851,6,NORMAL,,3-4-5,4290,14
20260818_佐世保_4R,20260818,85,佐世保,4,6,013192,7,NORMAL,,3-4-5,4290,14
20260818_佐世保_5R,20260818,85,佐世保,5,1,013058,1,NORMAL,,1-2-3,1100,3
20260818_佐世保_5R,20260818,85,佐世保,5,2,014556,2,NORMAL,,1-2-3,1100,3
20260818_佐世保_5R,20260818,85,佐世保,5,3,014934,3,NORMAL,,1-2-3,1100,3
20260818_佐世保_5R,20260818,85,佐世保,5,5,013845,4,NORMAL,,1-2-3,1100,3
20260818_佐世保_5R,20260818,85,佐世保,5,4,013888,5,NORMAL,,1-2-3,1100,3
20260818_佐世保_5R,20260818,85,佐世保,5,6,012992,6,NORMAL,,1-2-3,1100,3
20260818_佐世保_5R,20260818,85,佐世保,5,7,015743,7,NORMAL,,1-2-3,1100,3
20260818_佐世保_6R,20260818,85,佐世保,6,2,012757,1,NORMAL,,2-4-7,2190,3
20260818_佐世保_6R,20260818,85,佐世保,6,4,014619,2,NORMAL,,2-4-7,2190,3
20260818_佐世保_6R,20260818,85,佐世保,6,7,013494,3,NORMAL,,2-4-7,2190,3
20260818_佐世保_6R,20260818,85,佐世保,6,6,015937,4,NORMAL,,2-4-7,2190,3
20260818_佐世保_6R,20260818,85,佐世保,6,1,014801,5,NORMAL,,2-4-7,2190,3
20260818_佐世保_6R,20260818,85,佐世保,6,3,015382,6,NORMAL,,2-4-7,2190,3
20260818_佐世保_6R,20260818,85,佐世保,6,5,015513,,落車棄権,,2-4-7,2190,3
20260818_佐世保_7R,20260818,85,佐世保,7,1,014779,1,NORMAL,,1-4-5,330,1
20260818_佐世保_7R,20260818,85,佐世保,7,4,015843,2,NORMAL,,1-4-5,330,1
20260818_佐世保_7R,20260818,85,佐世保,7,5,013652,3,NORMAL,,1-4-5,330,1
20260818_佐世保_7R,20260818,85,佐世保,7,6,013587,4,NORMAL,,1-4-5,330,1
20260818_佐世保_7R,20260818,85,佐世保,7,2,015658,5,NORMAL,,1-4-5,330,1
20260818_佐世保_7R,20260818,85,佐世保,7,3,013374,6,NORMAL,,1-4-5,330,1
20260818_佐世保_7R,20260818,85,佐世保,7,7,013822,7,NORMAL,,1-4-5,330,1
20260818_佐世保_8R,20260818,85,佐世保,8,1,015015,1,NORMAL,,1-2-3,1380,4
20260818_佐世保_8R,20260818,85,佐世保,8,2,015748,2,NORMAL,,1-2-3,1380,4
20260818_佐世保_8R,20260818,85,佐世保,8,3,013902,3,NORMAL,,1-2-3,1380,4
20260818_佐世保_8R,20260818,85,佐世保,8,7,013371,4,NORMAL,,1-2-3,1380,4
20260818_佐世保_8R,20260818,85,佐世保,8,5,013828,5,NORMAL,,1-2-3,1380,4
20260818_佐世保_8R,20260818,85,佐世保,8,4,014614,6,NORMAL,,1-2-3,1380,4
20260818_佐世保_8R,20260818,85,佐世保,8,6,014615,7,NORMAL,,1-2-3,1380,4
20260818_佐世保_9R,20260818,85,佐世保,9,3,014807,1,NORMAL,,3-1-6,970,3
20260818_佐世保_9R,20260818,85,佐世保,9,1,013693,2,NORMAL,,3-1-6,970,3
20260818_佐世保_9R,20260818,85,佐世保,9,6,014139,3,NORMAL,,3-1-6,970,3
20260818_佐世保_9R,20260818,85,佐世保,9,4,015176,4,NORMAL,,3-1-6,970,3
20260818_佐世保_9R,20260818,85,佐世保,9,2,014104,5,NORMAL,,3-1-6,970,3
20260818_佐世保_9R,20260818,85,佐世保,9,5,015830,6,NORMAL,,3-1-6,970,3
20260818_佐世保_9R,20260818,85,佐世保,9,7,014623,7,NORMAL,,3-1-6,970,3
20260818_別府_1R,20260818,86,別府,1,4,012883,1,NORMAL,,4-2-6,22780,60
20260818_別府_1R,20260818,86,別府,1,2,013303,2,NORMAL,,4-2-6,22780,60
20260818_別府_1R,20260818,86,別府,1,6,014433,3,落再入,,4-2-6,22780,60
20260818_別府_1R,20260818,86,別府,1,1,013887,,落車棄権,,4-2-6,22780,60
20260818_別府_1R,20260818,86,別府,1,3,014381,,落車棄権,,4-2-6,22780,60
20260818_別府_1R,20260818,86,別府,1,5,014705,,落車棄権,,4-2-6,22780,60
20260818_別府_2R,20260818,86,別府,2,2,013264,1,NORMAL,,2-3-4,2270,8
20260818_別府_2R,20260818,86,別府,2,3,013713,2,NORMAL,,2-3-4,2270,8
20260818_別府_2R,20260818,86,別府,2,4,015188,3,NORMAL,,2-3-4,2270,8
20260818_別府_2R,20260818,86,別府,2,1,014416,4,NORMAL,,2-3-4,2270,8
20260818_別府_2R,20260818,86,別府,2,5,013972,5,NORMAL,,2-3-4,2270,8
20260818_別府_2R,20260818,86,別府,2,6,011431,6,NORMAL,,2-3-4,2270,8
20260818_別府_3R,20260818,86,別府,3,5,014578,1,NORMAL,,5-2-3,300,1
20260818_別府_3R,20260818,86,別府,3,2,014662,2,NORMAL,,5-2-3,300,1
20260818_別府_3R,20260818,86,別府,3,3,013541,3,NORMAL,,5-2-3,300,1
20260818_別府_3R,20260818,86,別府,3,6,012626,4,NORMAL,,5-2-3,300,1
20260818_別府_3R,20260818,86,別府,3,4,013788,5,NORMAL,,5-2-3,300,1
20260818_別府_3R,20260818,86,別府,3,1,013867,6,NORMAL,,5-2-3,300,1
20260818_別府_4R,20260818,86,別府,4,7,015801,1,NORMAL,,7-1-4,2820,7
20260818_別府_4R,20260818,86,別府,4,1,011990,2,NORMAL,,7-1-4,2820,7
20260818_別府_4R,20260818,86,別府,4,4,013684,3,NORMAL,,7-1-4,2820,7
20260818_別府_4R,20260818,86,別府,4,6,014986,4,NORMAL,,7-1-4,2820,7
20260818_別府_4R,20260818,86,別府,4,3,014643,5,NORMAL,,7-1-4,2820,7
20260818_別府_4R,20260818,86,別府,4,5,012550,6,NORMAL,,7-1-4,2820,7
20260818_別府_4R,20260818,86,別府,4,2,016011,7,NORMAL,,7-1-4,2820,7
20260818_別府_5R,20260818,86,別府,5,1,015482,1,NORMAL,,1-4-7,2740,9
20260818_別府_5R,20260818,86,別府,5,4,014272,2,NORMAL,,1-4-7,2740,9
20260818_別府_5R,20260818,86,別府,5,7,012321,3,NORMAL,,1-4-7,2740,9
20260818_別府_5R,20260818,86,別府,5,5,015873,4,NORMAL,,1-4-7,2740,9
20260818_別府_5R,20260818,86,別府,5,6,014382,5,NORMAL,,1-4-7,2740,9
20260818_別府_5R,20260818,86,別府,5,2,013676,6,NORMAL,,1-4-7,2740,9
20260818_別府_5R,20260818,86,別府,5,3,013027,7,NORMAL,,1-4-7,2740,9
20260818_別府_6R,20260818,86,別府,6,1,016003,1,NORMAL,,1-4-7,1820,4
20260818_別府_6R,20260818,86,別府,6,4,012910,2,NORMAL,,1-4-7,1820,4
20260818_別府_6R,20260818,86,別府,6,7,014093,3,NORMAL,,1-4-7,1820,4
20260818_別府_6R,20260818,86,別府,6,5,015300,4,NORMAL,,1-4-7,1820,4
20260818_別府_6R,20260818,86,別府,6,3,015215,5,NORMAL,,1-4-7,1820,4
20260818_別府_6R,20260818,86,別府,6,6,014395,6,NORMAL,,1-4-7,1820,4
20260818_別府_6R,20260818,86,別府,6,2,014027,7,NORMAL,,1-4-7,1820,4
20260818_別府_7R,20260818,86,別府,7,3,016016,1,NORMAL,,3-4-1,1850,5
20260818_別府_7R,20260818,86,別府,7,4,016007,2,NORMAL,,3-4-1,1850,5
20260818_別府_7R,20260818,86,別府,7,1,016023,3,NORMAL,,3-4-1,1850,5
20260818_別府_7R,20260818,86,別府,7,6,013897,4,NORMAL,,3-4-1,1850,5
20260818_別府_7R,20260818,86,別府,7,7,016008,5,NORMAL,,3-4-1,1850,5
20260818_別府_7R,20260818,86,別府,7,5,015044,6,NORMAL,,3-4-1,1850,5
20260818_別府_7R,20260818,86,別府,7,2,012248,7,NORMAL,,3-4-1,1850,5
