レースキー,開催日,競輪場,レース番号,車番,登録番号,着順,結果ステータス,結果理由,3連単組番,3連単払戻,人気,払戻分類,is_20000_plus,is_50000_plus
20260717_高知_1R,20260717,高知,1,1,015868,1,NORMAL,,1-7-9,4050,(7),UNDER_10000,0,0
20260717_高知_1R,20260717,高知,1,7,014103,2,NORMAL,,1-7-9,4050,(7),UNDER_10000,0,0
20260717_高知_1R,20260717,高知,1,9,014252,3,NORMAL,,1-7-9,4050,(7),UNDER_10000,0,0
20260717_高知_1R,20260717,高知,1,2,014744,4,NORMAL,,1-7-9,4050,(7),UNDER_10000,0,0
20260717_高知_1R,20260717,高知,1,5,015436,5,NORMAL,,1-7-9,4050,(7),UNDER_10000,0,0
20260717_高知_1R,20260717,高知,1,3,014507,6,NORMAL,,1-7-9,4050,(7),UNDER_10000,0,0
20260717_高知_1R,20260717,高知,1,6,015289,7,NORMAL,,1-7-9,4050,(7),UNDER_10000,0,0
20260717_高知_1R,20260717,高知,1,4,013745,8,NORMAL,,1-7-9,4050,(7),UNDER_10000,0,0
20260717_高知_1R,20260717,高知,1,8,014682,9,NORMAL,,1-7-9,4050,(7),UNDER_10000,0,0
20260717_高知_2R,20260717,高知,2,9,015248,1,NORMAL,,9-3-5,2080,(3),UNDER_10000,0,0
20260717_高知_2R,20260717,高知,2,3,015431,2,NORMAL,,9-3-5,2080,(3),UNDER_10000,0,0
20260717_高知_2R,20260717,高知,2,5,014089,3,NORMAL,,9-3-5,2080,(3),UNDER_10000,0,0
20260717_高知_2R,20260717,高知,2,7,013791,4,NORMAL,,9-3-5,2080,(3),UNDER_10000,0,0
20260717_高知_2R,20260717,高知,2,4,015645,5,NORMAL,,9-3-5,2080,(3),UNDER_10000,0,0
20260717_高知_2R,20260717,高知,2,8,014322,6,NORMAL,,9-3-5,2080,(3),UNDER_10000,0,0
20260717_高知_2R,20260717,高知,2,1,014356,7,NORMAL,,9-3-5,2080,(3),UNDER_10000,0,0
20260717_高知_2R,20260717,高知,2,2,015814,8,NORMAL,,9-3-5,2080,(3),UNDER_10000,0,0
20260717_高知_2R,20260717,高知,2,6,015601,9,NORMAL,,9-3-5,2080,(3),UNDER_10000,0,0
20260717_高知_3R,20260717,高知,3,2,014861,1,NORMAL,,2-7-6,86870,(236),50000_PLUS,1,1
20260717_高知_3R,20260717,高知,3,7,015464,2,NORMAL,,2-7-6,86870,(236),50000_PLUS,1,1
20260717_高知_3R,20260717,高知,3,6,015695,3,NORMAL,,2-7-6,86870,(236),50000_PLUS,1,1
20260717_高知_3R,20260717,高知,3,3,014417,4,NORMAL,,2-7-6,86870,(236),50000_PLUS,1,1
20260717_高知_3R,20260717,高知,3,9,013917,5,NORMAL,,2-7-6,86870,(236),50000_PLUS,1,1
20260717_高知_3R,20260717,高知,3,1,015518,6,NORMAL,,2-7-6,86870,(236),50000_PLUS,1,1
20260717_高知_3R,20260717,高知,3,8,013815,7,NORMAL,,2-7-6,86870,(236),50000_PLUS,1,1
20260717_高知_3R,20260717,高知,3,4,015324,8,NORMAL,,2-7-6,86870,(236),50000_PLUS,1,1
20260717_高知_3R,20260717,高知,3,5,015268,9,NORMAL,,2-7-6,86870,(236),50000_PLUS,1,1
20260717_高知_4R,20260717,高知,4,2,014097,1,NORMAL,,2-7-1,31260,(88),20000_TO_49999,1,0
20260717_高知_4R,20260717,高知,4,7,014380,2,NORMAL,,2-7-1,31260,(88),20000_TO_49999,1,0
20260717_高知_4R,20260717,高知,4,1,015090,3,NORMAL,,2-7-1,31260,(88),20000_TO_49999,1,0
20260717_高知_4R,20260717,高知,4,3,014935,4,NORMAL,,2-7-1,31260,(88),20000_TO_49999,1,0
20260717_高知_4R,20260717,高知,4,5,015272,5,NORMAL,,2-7-1,31260,(88),20000_TO_49999,1,0
20260717_高知_4R,20260717,高知,4,9,014317,6,NORMAL,,2-7-1,31260,(88),20000_TO_49999,1,0
20260717_高知_4R,20260717,高知,4,8,015349,7,NORMAL,,2-7-1,31260,(88),20000_TO_49999,1,0
20260717_高知_4R,20260717,高知,4,4,015479,8,NORMAL,,2-7-1,31260,(88),20000_TO_49999,1,0
20260717_高知_4R,20260717,高知,4,6,015738,9,NORMAL,,2-7-1,31260,(88),20000_TO_49999,1,0
20260717_高知_5R,20260717,高知,5,9,014524,1,NORMAL,,9-5-3,18920,(60),10000_TO_19999,0,0
20260717_高知_5R,20260717,高知,5,5,013880,2,NORMAL,,9-5-3,18920,(60),10000_TO_19999,0,0
20260717_高知_5R,20260717,高知,5,3,014873,3,NORMAL,,9-5-3,18920,(60),10000_TO_19999,0,0
20260717_高知_5R,20260717,高知,5,7,015516,4,NORMAL,,9-5-3,18920,(60),10000_TO_19999,0,0
20260717_高知_5R,20260717,高知,5,1,015094,5,NORMAL,,9-5-3,18920,(60),10000_TO_19999,0,0
20260717_高知_5R,20260717,高知,5,6,015282,6,NORMAL,,9-5-3,18920,(60),10000_TO_19999,0,0
20260717_高知_5R,20260717,高知,5,4,014837,7,NORMAL,,9-5-3,18920,(60),10000_TO_19999,0,0
20260717_高知_5R,20260717,高知,5,2,015061,8,NORMAL,,9-5-3,18920,(60),10000_TO_19999,0,0
20260717_高知_5R,20260717,高知,5,8,014852,9,NORMAL,,9-5-3,18920,(60),10000_TO_19999,0,0
20260717_高知_6R,20260717,高知,6,3,014054,1,NORMAL,,3-7-9,1600,(1),UNDER_10000,0,0
20260717_高知_6R,20260717,高知,6,7,015789,2,NORMAL,,3-7-9,1600,(1),UNDER_10000,0,0
20260717_高知_6R,20260717,高知,6,9,014501,3,NORMAL,,3-7-9,1600,(1),UNDER_10000,0,0
20260717_高知_6R,20260717,高知,6,5,015731,4,NORMAL,,3-7-9,1600,(1),UNDER_10000,0,0
20260717_高知_6R,20260717,高知,6,2,014860,5,NORMAL,,3-7-9,1600,(1),UNDER_10000,0,0
20260717_高知_6R,20260717,高知,6,8,014846,6,NORMAL,,3-7-9,1600,(1),UNDER_10000,0,0
20260717_高知_6R,20260717,高知,6,1,014484,7,NORMAL,,3-7-9,1600,(1),UNDER_10000,0,0
20260717_高知_6R,20260717,高知,6,6,014730,8,NORMAL,,3-7-9,1600,(1),UNDER_10000,0,0
20260717_高知_6R,20260717,高知,6,4,015517,9,NORMAL,,3-7-9,1600,(1),UNDER_10000,0,0
20260717_高知_7R,20260717,高知,7,1,015213,1,NORMAL,,1-9-4,3620,(10),UNDER_10000,0,0
20260717_高知_7R,20260717,高知,7,9,013516,2,NORMAL,,1-9-4,3620,(10),UNDER_10000,0,0
20260717_高知_7R,20260717,高知,7,4,015799,3,NORMAL,,1-9-4,3620,(10),UNDER_10000,0,0
20260717_高知_7R,20260717,高知,7,2,014659,4,NORMAL,,1-9-4,3620,(10),UNDER_10000,0,0
20260717_高知_7R,20260717,高知,7,7,014055,5,NORMAL,,1-9-4,3620,(10),UNDER_10000,0,0
20260717_高知_7R,20260717,高知,7,5,014545,6,NORMAL,,1-9-4,3620,(10),UNDER_10000,0,0
20260717_高知_7R,20260717,高知,7,8,013961,7,NORMAL,,1-9-4,3620,(10),UNDER_10000,0,0
20260717_高知_7R,20260717,高知,7,6,013808,8,NORMAL,,1-9-4,3620,(10),UNDER_10000,0,0
20260717_高知_7R,20260717,高知,7,3,015006,9,NORMAL,,1-9-4,3620,(10),UNDER_10000,0,0
20260717_高知_8R,20260717,高知,8,1,015596,1,NORMAL,,1-5-9,710,(2),UNDER_10000,0,0
20260717_高知_8R,20260717,高知,8,5,014002,2,NORMAL,,1-5-9,710,(2),UNDER_10000,0,0
20260717_高知_8R,20260717,高知,8,9,014210,3,NORMAL,,1-5-9,710,(2),UNDER_10000,0,0
20260717_高知_8R,20260717,高知,8,3,013894,4,NORMAL,,1-5-9,710,(2),UNDER_10000,0,0
20260717_高知_8R,20260717,高知,8,7,015390,5,NORMAL,,1-5-9,710,(2),UNDER_10000,0,0
20260717_高知_8R,20260717,高知,8,2,014462,6,NORMAL,,1-5-9,710,(2),UNDER_10000,0,0
20260717_高知_8R,20260717,高知,8,4,015052,7,NORMAL,,1-5-9,710,(2),UNDER_10000,0,0
20260717_高知_8R,20260717,高知,8,8,014458,8,NORMAL,,1-5-9,710,(2),UNDER_10000,0,0
20260717_高知_8R,20260717,高知,8,6,015807,9,NORMAL,,1-5-9,710,(2),UNDER_10000,0,0
20260717_高知_9R,20260717,高知,9,1,015597,1,NORMAL,,1-7-4,660,(2),UNDER_10000,0,0
20260717_高知_9R,20260717,高知,9,7,015009,2,NORMAL,,1-7-4,660,(2),UNDER_10000,0,0
20260717_高知_9R,20260717,高知,9,4,015199,3,NORMAL,,1-7-4,660,(2),UNDER_10000,0,0
20260717_高知_9R,20260717,高知,9,9,015038,4,NORMAL,,1-7-4,660,(2),UNDER_10000,0,0
20260717_高知_9R,20260717,高知,9,2,014152,5,NORMAL,,1-7-4,660,(2),UNDER_10000,0,0
20260717_高知_9R,20260717,高知,9,8,015715,6,NORMAL,,1-7-4,660,(2),UNDER_10000,0,0
20260717_高知_9R,20260717,高知,9,3,014939,7,NORMAL,,1-7-4,660,(2),UNDER_10000,0,0
20260717_高知_9R,20260717,高知,9,5,015412,8,NORMAL,,1-7-4,660,(2),UNDER_10000,0,0
20260717_高知_9R,20260717,高知,9,6,014830,9,NORMAL,,1-7-4,660,(2),UNDER_10000,0,0
20260717_高知_10R,20260717,高知,10,1,014741,1,NORMAL,,1-9-8,11450,(35),10000_TO_19999,0,0
20260717_高知_10R,20260717,高知,10,9,014534,2,NORMAL,,1-9-8,11450,(35),10000_TO_19999,0,0
20260717_高知_10R,20260717,高知,10,8,015474,3,NORMAL,,1-9-8,11450,(35),10000_TO_19999,0,0
20260717_高知_10R,20260717,高知,10,3,015298,4,NORMAL,,1-9-8,11450,(35),10000_TO_19999,0,0
20260717_高知_10R,20260717,高知,10,7,015341,5,NORMAL,,1-9-8,11450,(35),10000_TO_19999,0,0
20260717_高知_10R,20260717,高知,10,4,015451,6,NORMAL,,1-9-8,11450,(35),10000_TO_19999,0,0
20260717_高知_10R,20260717,高知,10,5,015343,7,NORMAL,,1-9-8,11450,(35),10000_TO_19999,0,0
20260717_高知_10R,20260717,高知,10,6,015362,8,NORMAL,,1-9-8,11450,(35),10000_TO_19999,0,0
20260717_高知_10R,20260717,高知,10,2,013962,,失格,過失走行,1-9-8,11450,(35),10000_TO_19999,0,0
20260717_高知_11R,20260717,高知,11,2,015039,1,NORMAL,,2-5-8,35680,(83),20000_TO_49999,1,0
20260717_高知_11R,20260717,高知,11,5,015553,2,NORMAL,,2-5-8,35680,(83),20000_TO_49999,1,0
20260717_高知_11R,20260717,高知,11,8,015261,3,NORMAL,,2-5-8,35680,(83),20000_TO_49999,1,0
20260717_高知_11R,20260717,高知,11,1,014681,4,NORMAL,,2-5-8,35680,(83),20000_TO_49999,1,0
20260717_高知_11R,20260717,高知,11,7,015242,5,NORMAL,,2-5-8,35680,(83),20000_TO_49999,1,0
20260717_高知_11R,20260717,高知,11,6,015527,6,NORMAL,,2-5-8,35680,(83),20000_TO_49999,1,0
20260717_高知_11R,20260717,高知,11,9,014564,7,NORMAL,,2-5-8,35680,(83),20000_TO_49999,1,0
20260717_高知_11R,20260717,高知,11,4,013904,8,NORMAL,,2-5-8,35680,(83),20000_TO_49999,1,0
20260717_高知_11R,20260717,高知,11,3,015779,9,NORMAL,,2-5-8,35680,(83),20000_TO_49999,1,0
20260717_高知_12R,20260717,高知,12,5,014396,1,NORMAL,,5-1-4,5480,(11),UNDER_10000,0,0
20260717_高知_12R,20260717,高知,12,1,014838,2,NORMAL,,5-1-4,5480,(11),UNDER_10000,0,0
20260717_高知_12R,20260717,高知,12,4,015465,3,NORMAL,,5-1-4,5480,(11),UNDER_10000,0,0
20260717_高知_12R,20260717,高知,12,3,015037,4,NORMAL,,5-1-4,5480,(11),UNDER_10000,0,0
20260717_高知_12R,20260717,高知,12,9,015035,5,NORMAL,,5-1-4,5480,(11),UNDER_10000,0,0
20260717_高知_12R,20260717,高知,12,6,014140,6,NORMAL,,5-1-4,5480,(11),UNDER_10000,0,0
20260717_高知_12R,20260717,高知,12,2,015034,7,NORMAL,,5-1-4,5480,(11),UNDER_10000,0,0
20260717_高知_12R,20260717,高知,12,7,014129,8,NORMAL,,5-1-4,5480,(11),UNDER_10000,0,0
20260717_高知_12R,20260717,高知,12,8,015203,,落車棄権,,5-1-4,5480,(11),UNDER_10000,0,0
20260717_松阪_1R,20260717,松阪,1,7,013465,1,NORMAL,,7-3-5,1690,(3),UNDER_10000,0,0
20260717_松阪_1R,20260717,松阪,1,3,015699,2,NORMAL,,7-3-5,1690,(3),UNDER_10000,0,0
20260717_松阪_1R,20260717,松阪,1,5,013792,3,NORMAL,,7-3-5,1690,(3),UNDER_10000,0,0
20260717_松阪_1R,20260717,松阪,1,6,014079,4,NORMAL,,7-3-5,1690,(3),UNDER_10000,0,0
20260717_松阪_1R,20260717,松阪,1,1,013506,5,NORMAL,,7-3-5,1690,(3),UNDER_10000,0,0
20260717_松阪_1R,20260717,松阪,1,2,013121,6,NORMAL,,7-3-5,1690,(3),UNDER_10000,0,0
20260717_松阪_1R,20260717,松阪,1,4,013738,7,NORMAL,,7-3-5,1690,(3),UNDER_10000,0,0
20260717_松阪_2R,20260717,松阪,2,3,014115,1,NORMAL,,3-5-2,51820,(95),50000_PLUS,1,1
20260717_松阪_2R,20260717,松阪,2,5,014155,2,NORMAL,,3-5-2,51820,(95),50000_PLUS,1,1
20260717_松阪_2R,20260717,松阪,2,2,013484,3,NORMAL,,3-5-2,51820,(95),50000_PLUS,1,1
20260717_松阪_2R,20260717,松阪,2,7,015659,4,NORMAL,,3-5-2,51820,(95),50000_PLUS,1,1
20260717_松阪_2R,20260717,松阪,2,6,013784,5,NORMAL,,3-5-2,51820,(95),50000_PLUS,1,1
20260717_松阪_2R,20260717,松阪,2,4,015175,6,NORMAL,,3-5-2,51820,(95),50000_PLUS,1,1
20260717_松阪_2R,20260717,松阪,2,1,013172,7,NORMAL,,3-5-2,51820,(95),50000_PLUS,1,1
20260717_松阪_3R,20260717,松阪,3,6,015904,1,NORMAL,,6-1-7,6640,(23),UNDER_10000,0,0
20260717_松阪_3R,20260717,松阪,3,1,015462,2,NORMAL,,6-1-7,6640,(23),UNDER_10000,0,0
20260717_松阪_3R,20260717,松阪,3,7,014263,3,NORMAL,,6-1-7,6640,(23),UNDER_10000,0,0
20260717_松阪_3R,20260717,松阪,3,3,014495,4,NORMAL,,6-1-7,6640,(23),UNDER_10000,0,0
20260717_松阪_3R,20260717,松阪,3,2,015348,5,NORMAL,,6-1-7,6640,(23),UNDER_10000,0,0
20260717_松阪_3R,20260717,松阪,3,5,013117,6,NORMAL,,6-1-7,6640,(23),UNDER_10000,0,0
20260717_松阪_3R,20260717,松阪,3,4,014654,7,NORMAL,,6-1-7,6640,(23),UNDER_10000,0,0
20260717_松阪_4R,20260717,松阪,4,2,015685,1,NORMAL,,2-4-7,6960,(18),UNDER_10000,0,0
20260717_松阪_4R,20260717,松阪,4,4,015737,2,NORMAL,,2-4-7,6960,(18),UNDER_10000,0,0
20260717_松阪_4R,20260717,松阪,4,7,013914,3,NORMAL,,2-4-7,6960,(18),UNDER_10000,0,0
20260717_松阪_4R,20260717,松阪,4,3,015483,4,NORMAL,,2-4-7,6960,(18),UNDER_10000,0,0
20260717_松阪_4R,20260717,松阪,4,6,014476,5,NORMAL,,2-4-7,6960,(18),UNDER_10000,0,0
20260717_松阪_4R,20260717,松阪,4,5,013907,6,NORMAL,,2-4-7,6960,(18),UNDER_10000,0,0
20260717_松阪_4R,20260717,松阪,4,1,014949,7,NORMAL,,2-4-7,6960,(18),UNDER_10000,0,0
20260717_松阪_5R,20260717,松阪,5,3,015875,1,NORMAL,,3-5-7,540,(1),UNDER_10000,0,0
20260717_松阪_5R,20260717,松阪,5,5,014819,2,NORMAL,,3-5-7,540,(1),UNDER_10000,0,0
20260717_松阪_5R,20260717,松阪,5,7,015545,3,NORMAL,,3-5-7,540,(1),UNDER_10000,0,0
20260717_松阪_5R,20260717,松阪,5,4,014473,4,NORMAL,,3-5-7,540,(1),UNDER_10000,0,0
20260717_松阪_5R,20260717,松阪,5,2,012452,5,NORMAL,,3-5-7,540,(1),UNDER_10000,0,0
20260717_松阪_5R,20260717,松阪,5,1,014332,6,NORMAL,,3-5-7,540,(1),UNDER_10000,0,0
20260717_松阪_5R,20260717,松阪,5,6,014951,7,NORMAL,,3-5-7,540,(1),UNDER_10000,0,0
20260717_松阪_6R,20260717,松阪,6,7,014249,1,NORMAL,,7-4-3,2410,(6),UNDER_10000,0,0
20260717_松阪_6R,20260717,松阪,6,4,014264,2,NORMAL,,7-4-3,2410,(6),UNDER_10000,0,0
20260717_松阪_6R,20260717,松阪,6,3,015543,3,NORMAL,,7-4-3,2410,(6),UNDER_10000,0,0
20260717_松阪_6R,20260717,松阪,6,5,014863,4,NORMAL,,7-4-3,2410,(6),UNDER_10000,0,0
20260717_松阪_6R,20260717,松阪,6,1,013944,5,NORMAL,,7-4-3,2410,(6),UNDER_10000,0,0
20260717_松阪_6R,20260717,松阪,6,2,012786,6,NORMAL,,7-4-3,2410,(6),UNDER_10000,0,0
20260717_松阪_6R,20260717,松阪,6,6,015595,7,NORMAL,,7-4-3,2410,(6),UNDER_10000,0,0
20260717_松阪_7R,20260717,松阪,7,2,015641,1,NORMAL,,2-1-7,15530,(64),10000_TO_19999,0,0
20260717_松阪_7R,20260717,松阪,7,1,015448,2,NORMAL,,2-1-7,15530,(64),10000_TO_19999,0,0
20260717_松阪_7R,20260717,松阪,7,7,015040,3,NORMAL,,2-1-7,15530,(64),10000_TO_19999,0,0
20260717_松阪_7R,20260717,松阪,7,3,014292,4,NORMAL,,2-1-7,15530,(64),10000_TO_19999,0,0
20260717_松阪_7R,20260717,松阪,7,5,015161,5,NORMAL,,2-1-7,15530,(64),10000_TO_19999,0,0
20260717_松阪_7R,20260717,松阪,7,4,013438,6,NORMAL,,2-1-7,15530,(64),10000_TO_19999,0,0
20260717_松阪_7R,20260717,松阪,7,6,015178,7,NORMAL,,2-1-7,15530,(64),10000_TO_19999,0,0
20260717_松阪_8R,20260717,松阪,8,2,015703,1,NORMAL,,2-5-7,3630,(9),UNDER_10000,0,0
20260717_松阪_8R,20260717,松阪,8,5,015250,2,NORMAL,,2-5-7,3630,(9),UNDER_10000,0,0
20260717_松阪_8R,20260717,松阪,8,7,014148,3,NORMAL,,2-5-7,3630,(9),UNDER_10000,0,0
20260717_松阪_8R,20260717,松阪,8,6,014947,4,NORMAL,,2-5-7,3630,(9),UNDER_10000,0,0
20260717_松阪_8R,20260717,松阪,8,1,013436,5,NORMAL,,2-5-7,3630,(9),UNDER_10000,0,0
20260717_松阪_8R,20260717,松阪,8,4,015127,6,NORMAL,,2-5-7,3630,(9),UNDER_10000,0,0
20260717_松阪_8R,20260717,松阪,8,3,015097,7,NORMAL,,2-5-7,3630,(9),UNDER_10000,0,0
20260717_松阪_9R,20260717,松阪,9,3,015702,1,NORMAL,,3-4-7,2360,(6),UNDER_10000,0,0
20260717_松阪_9R,20260717,松阪,9,4,013407,2,NORMAL,,3-4-7,2360,(6),UNDER_10000,0,0
20260717_松阪_9R,20260717,松阪,9,7,015716,3,NORMAL,,3-4-7,2360,(6),UNDER_10000,0,0
20260717_松阪_9R,20260717,松阪,9,1,014134,4,NORMAL,,3-4-7,2360,(6),UNDER_10000,0,0
20260717_松阪_9R,20260717,松阪,9,6,013306,5,NORMAL,,3-4-7,2360,(6),UNDER_10000,0,0
20260717_松阪_9R,20260717,松阪,9,5,014176,6,NORMAL,,3-4-7,2360,(6),UNDER_10000,0,0
20260717_松阪_9R,20260717,松阪,9,2,014313,7,NORMAL,,3-4-7,2360,(6),UNDER_10000,0,0
20260717_松阪_10R,20260717,松阪,10,7,014854,1,NORMAL,,7-1-2,5630,(21),UNDER_10000,0,0
20260717_松阪_10R,20260717,松阪,10,1,012939,2,NORMAL,,7-1-2,5630,(21),UNDER_10000,0,0
20260717_松阪_10R,20260717,松阪,10,2,014833,3,NORMAL,,7-1-2,5630,(21),UNDER_10000,0,0
20260717_松阪_10R,20260717,松阪,10,4,015168,4,NORMAL,,7-1-2,5630,(21),UNDER_10000,0,0
20260717_松阪_10R,20260717,松阪,10,5,015322,5,NORMAL,,7-1-2,5630,(21),UNDER_10000,0,0
20260717_松阪_10R,20260717,松阪,10,6,014233,6,NORMAL,,7-1-2,5630,(21),UNDER_10000,0,0
20260717_松阪_10R,20260717,松阪,10,3,015476,7,NORMAL,,7-1-2,5630,(21),UNDER_10000,0,0
20260717_松阪_11R,20260717,松阪,11,5,015380,1,NORMAL,,5-1-3,7510,(27),UNDER_10000,0,0
20260717_松阪_11R,20260717,松阪,11,1,014190,2,NORMAL,,5-1-3,7510,(27),UNDER_10000,0,0
20260717_松阪_11R,20260717,松阪,11,3,015211,3,NORMAL,,5-1-3,7510,(27),UNDER_10000,0,0
20260717_松阪_11R,20260717,松阪,11,6,014199,4,NORMAL,,5-1-3,7510,(27),UNDER_10000,0,0
20260717_松阪_11R,20260717,松阪,11,4,014576,5,NORMAL,,5-1-3,7510,(27),UNDER_10000,0,0
20260717_松阪_11R,20260717,松阪,11,2,015608,6,NORMAL,,5-1-3,7510,(27),UNDER_10000,0,0
20260717_松阪_11R,20260717,松阪,11,7,014188,7,NORMAL,,5-1-3,7510,(27),UNDER_10000,0,0
20260717_松阪_12R,20260717,松阪,12,1,015449,1,NORMAL,,1-5-4,1720,(4),UNDER_10000,0,0
20260717_松阪_12R,20260717,松阪,12,5,014174,2,NORMAL,,1-5-4,1720,(4),UNDER_10000,0,0
20260717_松阪_12R,20260717,松阪,12,4,015441,3,NORMAL,,1-5-4,1720,(4),UNDER_10000,0,0
20260717_松阪_12R,20260717,松阪,12,7,013719,4,NORMAL,,1-5-4,1720,(4),UNDER_10000,0,0
20260717_松阪_12R,20260717,松阪,12,6,015546,5,NORMAL,,1-5-4,1720,(4),UNDER_10000,0,0
20260717_松阪_12R,20260717,松阪,12,2,014076,6,NORMAL,,1-5-4,1720,(4),UNDER_10000,0,0
20260717_松阪_12R,20260717,松阪,12,3,013442,7,NORMAL,,1-5-4,1720,(4),UNDER_10000,0,0
20260717_いわき平_1R,20260717,いわき平,1,2,015939,1,NORMAL,,2-1-3,1140,(5),UNDER_10000,0,0
20260717_いわき平_1R,20260717,いわき平,1,1,015855,2,NORMAL,,2-1-3,1140,(5),UNDER_10000,0,0
20260717_いわき平_1R,20260717,いわき平,1,3,015491,3,NORMAL,,2-1-3,1140,(5),UNDER_10000,0,0
20260717_いわき平_1R,20260717,いわき平,1,5,016036,4,NORMAL,,2-1-3,1140,(5),UNDER_10000,0,0
20260717_いわき平_1R,20260717,いわき平,1,4,015573,5,NORMAL,,2-1-3,1140,(5),UNDER_10000,0,0
20260717_いわき平_1R,20260717,いわき平,1,6,015774,6,NORMAL,,2-1-3,1140,(5),UNDER_10000,0,0
20260717_いわき平_1R,20260717,いわき平,1,7,015314,7,NORMAL,,2-1-3,1140,(5),UNDER_10000,0,0
20260717_いわき平_2R,20260717,いわき平,2,1,015225,1,NORMAL,,1-2-3,280,(1),UNDER_10000,0,0
20260717_いわき平_2R,20260717,いわき平,2,2,014963,2,NORMAL,,1-2-3,280,(1),UNDER_10000,0,0
20260717_いわき平_2R,20260717,いわき平,2,3,015756,3,NORMAL,,1-2-3,280,(1),UNDER_10000,0,0
20260717_いわき平_2R,20260717,いわき平,2,5,015941,4,NORMAL,,1-2-3,280,(1),UNDER_10000,0,0
20260717_いわき平_2R,20260717,いわき平,2,6,015942,5,NORMAL,,1-2-3,280,(1),UNDER_10000,0,0
20260717_いわき平_2R,20260717,いわき平,2,4,015682,6,NORMAL,,1-2-3,280,(1),UNDER_10000,0,0
20260717_いわき平_2R,20260717,いわき平,2,7,015402,7,NORMAL,,1-2-3,280,(1),UNDER_10000,0,0
20260717_いわき平_3R,20260717,いわき平,3,6,012956,1,NORMAL,,6-7-2,134280,(165),50000_PLUS,1,1
20260717_いわき平_3R,20260717,いわき平,3,7,015924,2,NORMAL,,6-7-2,134280,(165),50000_PLUS,1,1
20260717_いわき平_3R,20260717,いわき平,3,2,015567,3,NORMAL,,6-7-2,134280,(165),50000_PLUS,1,1
20260717_いわき平_3R,20260717,いわき平,3,4,014456,4,NORMAL,,6-7-2,134280,(165),50000_PLUS,1,1
20260717_いわき平_3R,20260717,いわき平,3,3,012861,5,NORMAL,,6-7-2,134280,(165),50000_PLUS,1,1
20260717_いわき平_3R,20260717,いわき平,3,5,013468,6,NORMAL,,6-7-2,134280,(165),50000_PLUS,1,1
20260717_いわき平_3R,20260717,いわき平,3,1,013970,7,NORMAL,,6-7-2,134280,(165),50000_PLUS,1,1
20260717_いわき平_4R,20260717,いわき平,4,3,013036,1,NORMAL,,3-5-4,30860,(102),20000_TO_49999,1,0
20260717_いわき平_4R,20260717,いわき平,4,5,013512,2,NORMAL,,3-5-4,30860,(102),20000_TO_49999,1,0
20260717_いわき平_4R,20260717,いわき平,4,4,013183,3,NORMAL,,3-5-4,30860,(102),20000_TO_49999,1,0
20260717_いわき平_4R,20260717,いわき平,4,1,012794,4,NORMAL,,3-5-4,30860,(102),20000_TO_49999,1,0
20260717_いわき平_4R,20260717,いわき平,4,2,015088,5,NORMAL,,3-5-4,30860,(102),20000_TO_49999,1,0
20260717_いわき平_4R,20260717,いわき平,4,6,015743,6,NORMAL,,3-5-4,30860,(102),20000_TO_49999,1,0
20260717_いわき平_4R,20260717,いわき平,4,7,012914,7,NORMAL,,3-5-4,30860,(102),20000_TO_49999,1,0
20260717_いわき平_5R,20260717,いわき平,5,4,014984,1,NORMAL,,4-3-2,8000,(27),UNDER_10000,0,0
20260717_いわき平_5R,20260717,いわき平,5,3,014153,2,NORMAL,,4-3-2,8000,(27),UNDER_10000,0,0
20260717_いわき平_5R,20260717,いわき平,5,2,014980,3,NORMAL,,4-3-2,8000,(27),UNDER_10000,0,0
20260717_いわき平_5R,20260717,いわき平,5,5,013660,4,NORMAL,,4-3-2,8000,(27),UNDER_10000,0,0
20260717_いわき平_5R,20260717,いわき平,5,7,013385,5,NORMAL,,4-3-2,8000,(27),UNDER_10000,0,0
20260717_いわき平_5R,20260717,いわき平,5,6,015214,6,NORMAL,,4-3-2,8000,(27),UNDER_10000,0,0
20260717_いわき平_5R,20260717,いわき平,5,1,015279,7,NORMAL,,4-3-2,8000,(27),UNDER_10000,0,0
20260717_いわき平_6R,20260717,いわき平,6,1,015734,1,NORMAL,,1-6-3,9890,(32),UNDER_10000,0,0
20260717_いわき平_6R,20260717,いわき平,6,6,014387,2,NORMAL,,1-6-3,9890,(32),UNDER_10000,0,0
20260717_いわき平_6R,20260717,いわき平,6,3,012766,3,NORMAL,,1-6-3,9890,(32),UNDER_10000,0,0
20260717_いわき平_6R,20260717,いわき平,6,2,015847,4,NORMAL,,1-6-3,9890,(32),UNDER_10000,0,0
20260717_いわき平_6R,20260717,いわき平,6,4,014024,5,NORMAL,,1-6-3,9890,(32),UNDER_10000,0,0
20260717_いわき平_6R,20260717,いわき平,6,7,012779,6,NORMAL,,1-6-3,9890,(32),UNDER_10000,0,0
20260717_いわき平_6R,20260717,いわき平,6,5,015735,7,NORMAL,,1-6-3,9890,(32),UNDER_10000,0,0
20260717_いわき平_7R,20260717,いわき平,7,2,014454,1,NORMAL,,2-1-5,7570,(21),UNDER_10000,0,0
20260717_いわき平_7R,20260717,いわき平,7,1,014298,2,NORMAL,,2-1-5,7570,(21),UNDER_10000,0,0
20260717_いわき平_7R,20260717,いわき平,7,5,015700,3,NORMAL,,2-1-5,7570,(21),UNDER_10000,0,0
20260717_いわき平_7R,20260717,いわき平,7,6,013471,4,NORMAL,,2-1-5,7570,(21),UNDER_10000,0,0
20260717_いわき平_7R,20260717,いわき平,7,7,014797,5,NORMAL,,2-1-5,7570,(21),UNDER_10000,0,0
20260717_いわき平_7R,20260717,いわき平,7,3,014005,6,NORMAL,,2-1-5,7570,(21),UNDER_10000,0,0
20260717_いわき平_7R,20260717,いわき平,7,4,013993,7,NORMAL,,2-1-5,7570,(21),UNDER_10000,0,0
20260717_いわき平_8R,20260717,いわき平,8,4,015559,1,NORMAL,,4-1-3,12870,(52),10000_TO_19999,0,0
20260717_いわき平_8R,20260717,いわき平,8,1,013884,2,NORMAL,,4-1-3,12870,(52),10000_TO_19999,0,0
20260717_いわき平_8R,20260717,いわき平,8,3,015691,3,NORMAL,,4-1-3,12870,(52),10000_TO_19999,0,0
20260717_いわき平_8R,20260717,いわき平,8,7,014575,4,NORMAL,,4-1-3,12870,(52),10000_TO_19999,0,0
20260717_いわき平_8R,20260717,いわき平,8,2,015278,5,NORMAL,,4-1-3,12870,(52),10000_TO_19999,0,0
20260717_いわき平_8R,20260717,いわき平,8,6,015845,6,NORMAL,,4-1-3,12870,(52),10000_TO_19999,0,0
20260717_いわき平_8R,20260717,いわき平,8,5,015432,7,NORMAL,,4-1-3,12870,(52),10000_TO_19999,0,0
20260717_いわき平_9R,20260717,いわき平,9,2,015876,1,NORMAL,,2-1-4,1250,(5),UNDER_10000,0,0
20260717_いわき平_9R,20260717,いわき平,9,1,013901,2,NORMAL,,2-1-4,1250,(5),UNDER_10000,0,0
20260717_いわき平_9R,20260717,いわき平,9,4,013936,3,NORMAL,,2-1-4,1250,(5),UNDER_10000,0,0
20260717_いわき平_9R,20260717,いわき平,9,5,015617,4,NORMAL,,2-1-4,1250,(5),UNDER_10000,0,0
20260717_いわき平_9R,20260717,いわき平,9,6,015607,5,NORMAL,,2-1-4,1250,(5),UNDER_10000,0,0
20260717_いわき平_9R,20260717,いわき平,9,3,014658,6,NORMAL,,2-1-4,1250,(5),UNDER_10000,0,0
20260717_いわき平_9R,20260717,いわき平,9,7,014353,7,NORMAL,,2-1-4,1250,(5),UNDER_10000,0,0
20260717_弥彦_1R,20260717,弥彦,1,5,014735,1,NORMAL,,5-1-4,5950,(20),UNDER_10000,0,0
20260717_弥彦_1R,20260717,弥彦,1,1,015970,2,NORMAL,,5-1-4,5950,(20),UNDER_10000,0,0
20260717_弥彦_1R,20260717,弥彦,1,4,014126,3,NORMAL,,5-1-4,5950,(20),UNDER_10000,0,0
20260717_弥彦_1R,20260717,弥彦,1,3,013521,4,NORMAL,,5-1-4,5950,(20),UNDER_10000,0,0
20260717_弥彦_1R,20260717,弥彦,1,2,013663,5,NORMAL,,5-1-4,5950,(20),UNDER_10000,0,0
20260717_弥彦_1R,20260717,弥彦,1,7,013145,6,NORMAL,,5-1-4,5950,(20),UNDER_10000,0,0
20260717_弥彦_1R,20260717,弥彦,1,6,012277,7,NORMAL,,5-1-4,5950,(20),UNDER_10000,0,0
20260717_弥彦_2R,20260717,弥彦,2,6,015981,1,NORMAL,,6-3-2,18540,(56),10000_TO_19999,0,0
20260717_弥彦_2R,20260717,弥彦,2,3,012092,2,NORMAL,,6-3-2,18540,(56),10000_TO_19999,0,0
20260717_弥彦_2R,20260717,弥彦,2,2,015887,3,NORMAL,,6-3-2,18540,(56),10000_TO_19999,0,0
20260717_弥彦_2R,20260717,弥彦,2,5,013551,4,NORMAL,,6-3-2,18540,(56),10000_TO_19999,0,0
20260717_弥彦_2R,20260717,弥彦,2,4,014842,5,事故入,,6-3-2,18540,(56),10000_TO_19999,0,0
20260717_弥彦_2R,20260717,弥彦,2,1,011417,,落車棄権,,6-3-2,18540,(56),10000_TO_19999,0,0
20260717_弥彦_2R,20260717,弥彦,2,7,013887,,落車棄権,,6-3-2,18540,(56),10000_TO_19999,0,0
20260717_弥彦_3R,20260717,弥彦,3,4,014049,1,NORMAL,,4-5-1,7440,(31),UNDER_10000,0,0
20260717_弥彦_3R,20260717,弥彦,3,5,015047,2,NORMAL,,4-5-1,7440,(31),UNDER_10000,0,0
20260717_弥彦_3R,20260717,弥彦,3,1,014781,3,NORMAL,,4-5-1,7440,(31),UNDER_10000,0,0
20260717_弥彦_3R,20260717,弥彦,3,3,013109,4,NORMAL,,4-5-1,7440,(31),UNDER_10000,0,0
20260717_弥彦_3R,20260717,弥彦,3,7,013692,5,NORMAL,,4-5-1,7440,(31),UNDER_10000,0,0
20260717_弥彦_3R,20260717,弥彦,3,6,013676,6,NORMAL,,4-5-1,7440,(31),UNDER_10000,0,0
20260717_弥彦_3R,20260717,弥彦,3,2,015972,7,NORMAL,,4-5-1,7440,(31),UNDER_10000,0,0
20260717_弥彦_4R,20260717,弥彦,4,2,014261,1,NORMAL,,2-4-5,280,(2),UNDER_10000,0,0
20260717_弥彦_4R,20260717,弥彦,4,4,014487,2,NORMAL,,2-4-5,280,(2),UNDER_10000,0,0
20260717_弥彦_4R,20260717,弥彦,4,5,012930,3,NORMAL,,2-4-5,280,(2),UNDER_10000,0,0
20260717_弥彦_4R,20260717,弥彦,4,7,013037,4,NORMAL,,2-4-5,280,(2),UNDER_10000,0,0
20260717_弥彦_4R,20260717,弥彦,4,1,014719,5,NORMAL,,2-4-5,280,(2),UNDER_10000,0,0
20260717_弥彦_4R,20260717,弥彦,4,3,013926,6,NORMAL,,2-4-5,280,(2),UNDER_10000,0,0
20260717_弥彦_4R,20260717,弥彦,4,6,014931,7,NORMAL,,2-4-5,280,(2),UNDER_10000,0,0
20260717_弥彦_5R,20260717,弥彦,5,1,015672,1,NORMAL,,1-2-6,2690,(10),UNDER_10000,0,0
20260717_弥彦_5R,20260717,弥彦,5,2,015858,2,NORMAL,,1-2-6,2690,(10),UNDER_10000,0,0
20260717_弥彦_5R,20260717,弥彦,5,6,015578,3,NORMAL,,1-2-6,2690,(10),UNDER_10000,0,0
20260717_弥彦_5R,20260717,弥彦,5,3,015864,4,NORMAL,,1-2-6,2690,(10),UNDER_10000,0,0
20260717_弥彦_5R,20260717,弥彦,5,7,015956,5,NORMAL,,1-2-6,2690,(10),UNDER_10000,0,0
20260717_弥彦_5R,20260717,弥彦,5,4,015856,6,NORMAL,,1-2-6,2690,(10),UNDER_10000,0,0
20260717_弥彦_5R,20260717,弥彦,5,5,015766,7,NORMAL,,1-2-6,2690,(10),UNDER_10000,0,0
20260717_弥彦_6R,20260717,弥彦,6,7,014974,1,NORMAL,,7-4-3,490,(2),UNDER_10000,0,0
20260717_弥彦_6R,20260717,弥彦,6,4,014903,2,NORMAL,,7-4-3,490,(2),UNDER_10000,0,0
20260717_弥彦_6R,20260717,弥彦,6,3,015401,3,NORMAL,,7-4-3,490,(2),UNDER_10000,0,0
20260717_弥彦_6R,20260717,弥彦,6,5,015222,4,NORMAL,,7-4-3,490,(2),UNDER_10000,0,0
20260717_弥彦_6R,20260717,弥彦,6,1,015310,5,NORMAL,,7-4-3,490,(2),UNDER_10000,0,0
20260717_弥彦_6R,20260717,弥彦,6,6,014904,6,NORMAL,,7-4-3,490,(2),UNDER_10000,0,0
20260717_弥彦_6R,20260717,弥彦,6,2,015852,7,NORMAL,,7-4-3,490,(2),UNDER_10000,0,0
20260717_弥彦_7R,20260717,弥彦,7,2,014619,1,NORMAL,,2-7-3,3130,(8),UNDER_10000,0,0
20260717_弥彦_7R,20260717,弥彦,7,7,013929,2,NORMAL,,2-7-3,3130,(8),UNDER_10000,0,0
20260717_弥彦_7R,20260717,弥彦,7,3,015163,3,NORMAL,,2-7-3,3130,(8),UNDER_10000,0,0
20260717_弥彦_7R,20260717,弥彦,7,5,014277,4,NORMAL,,2-7-3,3130,(8),UNDER_10000,0,0
20260717_弥彦_7R,20260717,弥彦,7,1,013535,5,NORMAL,,2-7-3,3130,(8),UNDER_10000,0,0
20260717_弥彦_7R,20260717,弥彦,7,4,012845,6,NORMAL,,2-7-3,3130,(8),UNDER_10000,0,0
20260717_弥彦_7R,20260717,弥彦,7,6,012242,7,NORMAL,,2-7-3,3130,(8),UNDER_10000,0,0
20260717_弥彦_8R,20260717,弥彦,8,5,015557,1,NORMAL,,5-4-1,2210,(8),UNDER_10000,0,0
20260717_弥彦_8R,20260717,弥彦,8,4,013188,2,NORMAL,,5-4-1,2210,(8),UNDER_10000,0,0
20260717_弥彦_8R,20260717,弥彦,8,1,015531,3,NORMAL,,5-4-1,2210,(8),UNDER_10000,0,0
20260717_弥彦_8R,20260717,弥彦,8,2,014709,4,NORMAL,,5-4-1,2210,(8),UNDER_10000,0,0
20260717_弥彦_8R,20260717,弥彦,8,6,013253,5,NORMAL,,5-4-1,2210,(8),UNDER_10000,0,0
20260717_弥彦_8R,20260717,弥彦,8,7,014615,6,NORMAL,,5-4-1,2210,(8),UNDER_10000,0,0
20260717_弥彦_8R,20260717,弥彦,8,3,012298,7,NORMAL,,5-4-1,2210,(8),UNDER_10000,0,0
20260717_弥彦_9R,20260717,弥彦,9,3,015877,1,NORMAL,,3-4-7,250,(1),UNDER_10000,0,0
20260717_弥彦_9R,20260717,弥彦,9,4,014428,2,NORMAL,,3-4-7,250,(1),UNDER_10000,0,0
20260717_弥彦_9R,20260717,弥彦,9,7,013902,3,NORMAL,,3-4-7,250,(1),UNDER_10000,0,0
20260717_弥彦_9R,20260717,弥彦,9,5,014851,4,NORMAL,,3-4-7,250,(1),UNDER_10000,0,0
20260717_弥彦_9R,20260717,弥彦,9,2,014513,5,NORMAL,,3-4-7,250,(1),UNDER_10000,0,0
20260717_弥彦_9R,20260717,弥彦,9,1,013491,6,NORMAL,,3-4-7,250,(1),UNDER_10000,0,0
20260717_弥彦_9R,20260717,弥彦,9,6,015885,7,NORMAL,,3-4-7,250,(1),UNDER_10000,0,0
20260717_弥彦_10R,20260717,弥彦,10,5,014077,1,NORMAL,,5-1-4,310,(1),UNDER_10000,0,0
20260717_弥彦_10R,20260717,弥彦,10,1,015795,2,NORMAL,,5-1-4,310,(1),UNDER_10000,0,0
20260717_弥彦_10R,20260717,弥彦,10,4,012809,3,NORMAL,,5-1-4,310,(1),UNDER_10000,0,0
20260717_弥彦_10R,20260717,弥彦,10,2,014938,4,NORMAL,,5-1-4,310,(1),UNDER_10000,0,0
20260717_弥彦_10R,20260717,弥彦,10,7,014296,5,NORMAL,,5-1-4,310,(1),UNDER_10000,0,0
20260717_弥彦_10R,20260717,弥彦,10,6,015925,6,NORMAL,,5-1-4,310,(1),UNDER_10000,0,0
20260717_弥彦_10R,20260717,弥彦,10,3,014335,7,NORMAL,,5-1-4,310,(1),UNDER_10000,0,0
20260717_弥彦_11R,20260717,弥彦,11,7,014826,1,NORMAL,,7-3-5,7090,(18),UNDER_10000,0,0
20260717_弥彦_11R,20260717,弥彦,11,3,014144,2,NORMAL,,7-3-5,7090,(18),UNDER_10000,0,0
20260717_弥彦_11R,20260717,弥彦,11,5,013632,3,NORMAL,,7-3-5,7090,(18),UNDER_10000,0,0
20260717_弥彦_11R,20260717,弥彦,11,2,015332,4,NORMAL,,7-3-5,7090,(18),UNDER_10000,0,0
20260717_弥彦_11R,20260717,弥彦,11,4,015059,5,NORMAL,,7-3-5,7090,(18),UNDER_10000,0,0
20260717_弥彦_11R,20260717,弥彦,11,1,012234,6,NORMAL,,7-3-5,7090,(18),UNDER_10000,0,0
20260717_弥彦_11R,20260717,弥彦,11,6,015042,,落車棄権,,7-3-5,7090,(18),UNDER_10000,0,0
20260717_取手_1R,20260717,取手,1,3,014986,1,NORMAL,,3-4-2,1250,(4),UNDER_10000,0,0
20260717_取手_1R,20260717,取手,1,4,013080,2,NORMAL,,3-4-2,1250,(4),UNDER_10000,0,0
20260717_取手_1R,20260717,取手,1,2,014287,3,NORMAL,,3-4-2,1250,(4),UNDER_10000,0,0
20260717_取手_1R,20260717,取手,1,5,013651,4,NORMAL,,3-4-2,1250,(4),UNDER_10000,0,0
20260717_取手_1R,20260717,取手,1,1,015062,5,NORMAL,,3-4-2,1250,(4),UNDER_10000,0,0
20260717_取手_2R,20260717,取手,2,1,014382,1,NORMAL,,1-6-3,21750,(40),20000_TO_49999,1,0
20260717_取手_2R,20260717,取手,2,6,011142,2,NORMAL,,1-6-3,21750,(40),20000_TO_49999,1,0
20260717_取手_2R,20260717,取手,2,3,013767,3,NORMAL,,1-6-3,21750,(40),20000_TO_49999,1,0
20260717_取手_2R,20260717,取手,2,5,013402,4,NORMAL,,1-6-3,21750,(40),20000_TO_49999,1,0
20260717_取手_2R,20260717,取手,2,2,014046,5,NORMAL,,1-6-3,21750,(40),20000_TO_49999,1,0
20260717_取手_2R,20260717,取手,2,4,015290,6,NORMAL,,1-6-3,21750,(40),20000_TO_49999,1,0
20260717_取手_3R,20260717,取手,3,2,014416,1,NORMAL,,2-5-6,90200,(102),50000_PLUS,1,1
20260717_取手_3R,20260717,取手,3,5,013261,2,NORMAL,,2-5-6,90200,(102),50000_PLUS,1,1
20260717_取手_3R,20260717,取手,3,6,014855,3,NORMAL,,2-5-6,90200,(102),50000_PLUS,1,1
20260717_取手_3R,20260717,取手,3,4,014120,4,NORMAL,,2-5-6,90200,(102),50000_PLUS,1,1
20260717_取手_3R,20260717,取手,3,3,012537,5,NORMAL,,2-5-6,90200,(102),50000_PLUS,1,1
20260717_取手_3R,20260717,取手,3,1,014948,6,NORMAL,,2-5-6,90200,(102),50000_PLUS,1,1
20260717_取手_4R,20260717,取手,4,5,014699,1,NORMAL,,5-2-4,4440,(19),UNDER_10000,0,0
20260717_取手_4R,20260717,取手,4,2,015994,2,NORMAL,,5-2-4,4440,(19),UNDER_10000,0,0
20260717_取手_4R,20260717,取手,4,4,013526,3,NORMAL,,5-2-4,4440,(19),UNDER_10000,0,0
20260717_取手_4R,20260717,取手,4,6,015367,4,NORMAL,,5-2-4,4440,(19),UNDER_10000,0,0
20260717_取手_4R,20260717,取手,4,1,011367,5,NORMAL,,5-2-4,4440,(19),UNDER_10000,0,0
20260717_取手_4R,20260717,取手,4,7,012550,6,NORMAL,,5-2-4,4440,(19),UNDER_10000,0,0
20260717_取手_4R,20260717,取手,4,3,015732,7,NORMAL,,5-2-4,4440,(19),UNDER_10000,0,0
20260717_取手_5R,20260717,取手,5,5,015936,1,NORMAL,,5-2-1,390,(1),UNDER_10000,0,0
20260717_取手_5R,20260717,取手,5,2,013366,2,NORMAL,,5-2-1,390,(1),UNDER_10000,0,0
20260717_取手_5R,20260717,取手,5,1,014802,3,NORMAL,,5-2-1,390,(1),UNDER_10000,0,0
20260717_取手_5R,20260717,取手,5,4,014349,4,NORMAL,,5-2-1,390,(1),UNDER_10000,0,0
20260717_取手_5R,20260717,取手,5,7,012725,5,NORMAL,,5-2-1,390,(1),UNDER_10000,0,0
20260717_取手_5R,20260717,取手,5,3,012795,6,NORMAL,,5-2-1,390,(1),UNDER_10000,0,0
20260717_取手_5R,20260717,取手,5,6,014154,7,落再入,,5-2-1,390,(1),UNDER_10000,0,0
20260717_取手_6R,20260717,取手,6,4,014027,1,NORMAL,,4-5-2,880,(3),UNDER_10000,0,0
20260717_取手_6R,20260717,取手,6,5,015991,2,NORMAL,,4-5-2,880,(3),UNDER_10000,0,0
20260717_取手_6R,20260717,取手,6,2,013210,3,NORMAL,,4-5-2,880,(3),UNDER_10000,0,0
20260717_取手_6R,20260717,取手,6,6,015549,4,NORMAL,,4-5-2,880,(3),UNDER_10000,0,0
20260717_取手_6R,20260717,取手,6,3,013359,5,NORMAL,,4-5-2,880,(3),UNDER_10000,0,0
20260717_取手_6R,20260717,取手,6,7,014443,6,NORMAL,,4-5-2,880,(3),UNDER_10000,0,0
20260717_取手_6R,20260717,取手,6,1,011993,7,NORMAL,,4-5-2,880,(3),UNDER_10000,0,0
20260717_取手_7R,20260717,取手,7,1,015968,1,NORMAL,,1-3-5,1240,(4),UNDER_10000,0,0
20260717_取手_7R,20260717,取手,7,3,015960,2,NORMAL,,1-3-5,1240,(4),UNDER_10000,0,0
20260717_取手_7R,20260717,取手,7,5,014218,3,NORMAL,,1-3-5,1240,(4),UNDER_10000,0,0
20260717_取手_7R,20260717,取手,7,7,013408,4,NORMAL,,1-3-5,1240,(4),UNDER_10000,0,0
20260717_取手_7R,20260717,取手,7,2,015996,5,NORMAL,,1-3-5,1240,(4),UNDER_10000,0,0
20260717_取手_7R,20260717,取手,7,4,015978,6,NORMAL,,1-3-5,1240,(4),UNDER_10000,0,0
20260717_取手_7R,20260717,取手,7,6,012827,7,NORMAL,,1-3-5,1240,(4),UNDER_10000,0,0
20260717_西武園_1R,20260717,西武園,1,1,014884,1,NORMAL,,1-4-7,1340,(3),UNDER_10000,0,0
20260717_西武園_1R,20260717,西武園,1,4,011935,2,NORMAL,,1-4-7,1340,(3),UNDER_10000,0,0
20260717_西武園_1R,20260717,西武園,1,7,012847,3,NORMAL,,1-4-7,1340,(3),UNDER_10000,0,0
20260717_西武園_1R,20260717,西武園,1,3,012512,4,NORMAL,,1-4-7,1340,(3),UNDER_10000,0,0
20260717_西武園_1R,20260717,西武園,1,5,014503,5,NORMAL,,1-4-7,1340,(3),UNDER_10000,0,0
20260717_西武園_1R,20260717,西武園,1,6,012970,6,NORMAL,,1-4-7,1340,(3),UNDER_10000,0,0
20260717_西武園_1R,20260717,西武園,1,2,014424,7,NORMAL,,1-4-7,1340,(3),UNDER_10000,0,0
20260717_西武園_2R,20260717,西武園,2,5,015889,1,NORMAL,,5-3-7,450,(1),UNDER_10000,0,0
20260717_西武園_2R,20260717,西武園,2,3,012416,2,NORMAL,,5-3-7,450,(1),UNDER_10000,0,0
20260717_西武園_2R,20260717,西武園,2,7,013513,3,NORMAL,,5-3-7,450,(1),UNDER_10000,0,0
20260717_西武園_2R,20260717,西武園,2,6,013588,4,NORMAL,,5-3-7,450,(1),UNDER_10000,0,0
20260717_西武園_2R,20260717,西武園,2,4,012406,5,NORMAL,,5-3-7,450,(1),UNDER_10000,0,0
20260717_西武園_2R,20260717,西武園,2,1,014373,6,NORMAL,,5-3-7,450,(1),UNDER_10000,0,0
20260717_西武園_2R,20260717,西武園,2,2,014772,7,NORMAL,,5-3-7,450,(1),UNDER_10000,0,0
20260717_西武園_3R,20260717,西武園,3,4,015841,1,NORMAL,,4-3-6,6060,(17),UNDER_10000,0,0
20260717_西武園_3R,20260717,西武園,3,3,014787,2,NORMAL,,4-3-6,6060,(17),UNDER_10000,0,0
20260717_西武園_3R,20260717,西武園,3,6,015958,3,NORMAL,,4-3-6,6060,(17),UNDER_10000,0,0
20260717_西武園_3R,20260717,西武園,3,1,014276,4,NORMAL,,4-3-6,6060,(17),UNDER_10000,0,0
20260717_西武園_3R,20260717,西武園,3,2,013763,5,NORMAL,,4-3-6,6060,(17),UNDER_10000,0,0
20260717_西武園_3R,20260717,西武園,3,7,014808,6,NORMAL,,4-3-6,6060,(17),UNDER_10000,0,0
20260717_西武園_3R,20260717,西武園,3,5,015974,7,NORMAL,,4-3-6,6060,(17),UNDER_10000,0,0
20260717_西武園_4R,20260717,西武園,4,5,015973,1,NORMAL,,5-1-6,330,(1),UNDER_10000,0,0
20260717_西武園_4R,20260717,西武園,4,1,013549,2,NORMAL,,5-1-6,330,(1),UNDER_10000,0,0
20260717_西武園_4R,20260717,西武園,4,6,014447,3,NORMAL,,5-1-6,330,(1),UNDER_10000,0,0
20260717_西武園_4R,20260717,西武園,4,2,013802,4,NORMAL,,5-1-6,330,(1),UNDER_10000,0,0
20260717_西武園_4R,20260717,西武園,4,4,014743,5,NORMAL,,5-1-6,330,(1),UNDER_10000,0,0
20260717_西武園_4R,20260717,西武園,4,3,013235,6,NORMAL,,5-1-6,330,(1),UNDER_10000,0,0
20260717_西武園_4R,20260717,西武園,4,7,015511,7,NORMAL,,5-1-6,330,(1),UNDER_10000,0,0
20260717_西武園_5R,20260717,西武園,5,4,015398,1,NORMAL,,4-3-5,69640,(72),50000_PLUS,1,1
20260717_西武園_5R,20260717,西武園,5,3,015678,2,NORMAL,,4-3-5,69640,(72),50000_PLUS,1,1
20260717_西武園_5R,20260717,西武園,5,5,014966,3,NORMAL,,4-3-5,69640,(72),50000_PLUS,1,1
20260717_西武園_5R,20260717,西武園,5,2,015221,4,NORMAL,,4-3-5,69640,(72),50000_PLUS,1,1
20260717_西武園_5R,20260717,西武園,5,6,015576,5,NORMAL,,4-3-5,69640,(72),50000_PLUS,1,1
20260717_西武園_5R,20260717,西武園,5,1,015947,6,NORMAL,,4-3-5,69640,(72),50000_PLUS,1,1
20260717_西武園_5R,20260717,西武園,5,7,015938,7,NORMAL,,4-3-5,69640,(72),50000_PLUS,1,1
20260717_西武園_6R,20260717,西武園,6,2,014962,1,NORMAL,,2-4-7,12730,(25),10000_TO_19999,0,0
20260717_西武園_6R,20260717,西武園,6,4,015400,2,NORMAL,,2-4-7,12730,(25),10000_TO_19999,0,0
20260717_西武園_6R,20260717,西武園,6,7,015319,3,NORMAL,,2-4-7,12730,(25),10000_TO_19999,0,0
20260717_西武園_6R,20260717,西武園,6,5,015579,4,NORMAL,,2-4-7,12730,(25),10000_TO_19999,0,0
20260717_西武園_6R,20260717,西武園,6,1,015955,5,NORMAL,,2-4-7,12730,(25),10000_TO_19999,0,0
20260717_西武園_6R,20260717,西武園,6,3,015862,6,NORMAL,,2-4-7,12730,(25),10000_TO_19999,0,0
20260717_西武園_6R,20260717,西武園,6,6,015948,7,NORMAL,,2-4-7,12730,(25),10000_TO_19999,0,0
20260717_西武園_7R,20260717,西武園,7,1,015599,1,NORMAL,,1-2-3,500,(1),UNDER_10000,0,0
20260717_西武園_7R,20260717,西武園,7,2,014206,2,NORMAL,,1-2-3,500,(1),UNDER_10000,0,0
20260717_西武園_7R,20260717,西武園,7,3,014823,3,NORMAL,,1-2-3,500,(1),UNDER_10000,0,0
20260717_西武園_7R,20260717,西武園,7,6,012193,4,NORMAL,,1-2-3,500,(1),UNDER_10000,0,0
20260717_西武園_7R,20260717,西武園,7,5,014362,5,NORMAL,,1-2-3,500,(1),UNDER_10000,0,0
20260717_西武園_7R,20260717,西武園,7,7,013621,6,NORMAL,,1-2-3,500,(1),UNDER_10000,0,0
20260717_西武園_7R,20260717,西武園,7,4,014157,7,NORMAL,,1-2-3,500,(1),UNDER_10000,0,0
20260717_西武園_8R,20260717,西武園,8,7,015931,1,NORMAL,,7-2-5,2580,(7),UNDER_10000,0,0
20260717_西武園_8R,20260717,西武園,8,2,014587,2,NORMAL,,7-2-5,2580,(7),UNDER_10000,0,0
20260717_西武園_8R,20260717,西武園,8,5,014011,3,NORMAL,,7-2-5,2580,(7),UNDER_10000,0,0
20260717_西武園_8R,20260717,西武園,8,3,015897,4,NORMAL,,7-2-5,2580,(7),UNDER_10000,0,0
20260717_西武園_8R,20260717,西武園,8,1,014687,5,NORMAL,,7-2-5,2580,(7),UNDER_10000,0,0
20260717_西武園_8R,20260717,西武園,8,4,013494,6,NORMAL,,7-2-5,2580,(7),UNDER_10000,0,0
20260717_西武園_8R,20260717,西武園,8,6,014989,7,NORMAL,,7-2-5,2580,(7),UNDER_10000,0,0
20260717_西武園_9R,20260717,西武園,9,1,015344,1,NORMAL,,1-5-2,590,(1),UNDER_10000,0,0
20260717_西武園_9R,20260717,西武園,9,5,015797,2,NORMAL,,1-5-2,590,(1),UNDER_10000,0,0
20260717_西武園_9R,20260717,西武園,9,2,014590,3,NORMAL,,1-5-2,590,(1),UNDER_10000,0,0
20260717_西武園_9R,20260717,西武園,9,6,013352,4,NORMAL,,1-5-2,590,(1),UNDER_10000,0,0
20260717_西武園_9R,20260717,西武園,9,4,015642,5,NORMAL,,1-5-2,590,(1),UNDER_10000,0,0
20260717_西武園_9R,20260717,西武園,9,3,013589,6,NORMAL,,1-5-2,590,(1),UNDER_10000,0,0
20260717_西武園_9R,20260717,西武園,9,7,014993,7,NORMAL,,1-5-2,590,(1),UNDER_10000,0,0
20260717_西武園_10R,20260717,西武園,10,7,014135,1,NORMAL,,7-1-4,970,(2),UNDER_10000,0,0
20260717_西武園_10R,20260717,西武園,10,1,015176,2,NORMAL,,7-1-4,970,(2),UNDER_10000,0,0
20260717_西武園_10R,20260717,西武園,10,4,014281,3,NORMAL,,7-1-4,970,(2),UNDER_10000,0,0
20260717_西武園_10R,20260717,西武園,10,2,013824,4,NORMAL,,7-1-4,970,(2),UNDER_10000,0,0
20260717_西武園_10R,20260717,西武園,10,6,012763,5,NORMAL,,7-1-4,970,(2),UNDER_10000,0,0
20260717_西武園_10R,20260717,西武園,10,5,015560,6,NORMAL,,7-1-4,970,(2),UNDER_10000,0,0
20260717_西武園_10R,20260717,西武園,10,3,014850,7,NORMAL,,7-1-4,970,(2),UNDER_10000,0,0
20260717_西武園_11R,20260717,西武園,11,1,015921,1,NORMAL,,1-4-3,2000,(7),UNDER_10000,0,0
20260717_西武園_11R,20260717,西武園,11,4,015202,2,NORMAL,,1-4-3,2000,(7),UNDER_10000,0,0
20260717_西武園_11R,20260717,西武園,11,3,015556,3,NORMAL,,1-4-3,2000,(7),UNDER_10000,0,0
20260717_西武園_11R,20260717,西武園,11,6,012546,4,NORMAL,,1-4-3,2000,(7),UNDER_10000,0,0
20260717_西武園_11R,20260717,西武園,11,7,013493,5,NORMAL,,1-4-3,2000,(7),UNDER_10000,0,0
20260717_西武園_11R,20260717,西武園,11,5,015423,6,NORMAL,,1-4-3,2000,(7),UNDER_10000,0,0
20260717_西武園_11R,20260717,西武園,11,2,013615,7,NORMAL,,1-4-3,2000,(7),UNDER_10000,0,0
20260717_奈良_1R,20260717,奈良,1,1,014392,1,NORMAL,,1-3-6,330,(2),UNDER_10000,0,0
20260717_奈良_1R,20260717,奈良,1,3,014595,2,NORMAL,,1-3-6,330,(2),UNDER_10000,0,0
20260717_奈良_1R,20260717,奈良,1,6,014678,3,NORMAL,,1-3-6,330,(2),UNDER_10000,0,0
20260717_奈良_1R,20260717,奈良,1,5,011451,4,NORMAL,,1-3-6,330,(2),UNDER_10000,0,0
20260717_奈良_1R,20260717,奈良,1,4,012319,5,NORMAL,,1-3-6,330,(2),UNDER_10000,0,0
20260717_奈良_1R,20260717,奈良,1,7,011431,6,NORMAL,,1-3-6,330,(2),UNDER_10000,0,0
20260717_奈良_1R,20260717,奈良,1,2,013216,,欠場,,1-3-6,330,(2),UNDER_10000,0,0
20260717_奈良_2R,20260717,奈良,2,2,013897,1,NORMAL,,2-3-6,29140,(70),20000_TO_49999,1,0
20260717_奈良_2R,20260717,奈良,2,3,012597,2,NORMAL,,2-3-6,29140,(70),20000_TO_49999,1,0
20260717_奈良_2R,20260717,奈良,2,6,014693,3,NORMAL,,2-3-6,29140,(70),20000_TO_49999,1,0
20260717_奈良_2R,20260717,奈良,2,4,015900,4,NORMAL,,2-3-6,29140,(70),20000_TO_49999,1,0
20260717_奈良_2R,20260717,奈良,2,7,012626,5,NORMAL,,2-3-6,29140,(70),20000_TO_49999,1,0
20260717_奈良_2R,20260717,奈良,2,5,013867,6,NORMAL,,2-3-6,29140,(70),20000_TO_49999,1,0
20260717_奈良_2R,20260717,奈良,2,1,014272,7,NORMAL,,2-3-6,29140,(70),20000_TO_49999,1,0
20260717_奈良_3R,20260717,奈良,3,1,015637,1,NORMAL,,1-3-2,1010,(2),UNDER_10000,0,0
20260717_奈良_3R,20260717,奈良,3,3,013214,2,NORMAL,,1-3-2,1010,(2),UNDER_10000,0,0
20260717_奈良_3R,20260717,奈良,3,2,013974,3,NORMAL,,1-3-2,1010,(2),UNDER_10000,0,0
20260717_奈良_3R,20260717,奈良,3,6,015472,4,NORMAL,,1-3-2,1010,(2),UNDER_10000,0,0
20260717_奈良_3R,20260717,奈良,3,4,016011,5,NORMAL,,1-3-2,1010,(2),UNDER_10000,0,0
20260717_奈良_3R,20260717,奈良,3,7,012753,6,NORMAL,,1-3-2,1010,(2),UNDER_10000,0,0
20260717_奈良_3R,20260717,奈良,3,5,015111,7,NORMAL,,1-3-2,1010,(2),UNDER_10000,0,0
20260717_奈良_4R,20260717,奈良,4,5,016008,1,NORMAL,,5-1-3,2970,(9),UNDER_10000,0,0
20260717_奈良_4R,20260717,奈良,4,1,013451,2,NORMAL,,5-1-3,2970,(9),UNDER_10000,0,0
20260717_奈良_4R,20260717,奈良,4,3,014778,3,NORMAL,,5-1-3,2970,(9),UNDER_10000,0,0
20260717_奈良_4R,20260717,奈良,4,6,012593,4,NORMAL,,5-1-3,2970,(9),UNDER_10000,0,0
20260717_奈良_4R,20260717,奈良,4,4,015999,5,NORMAL,,5-1-3,2970,(9),UNDER_10000,0,0
20260717_奈良_4R,20260717,奈良,4,7,015270,6,NORMAL,,5-1-3,2970,(9),UNDER_10000,0,0
20260717_奈良_4R,20260717,奈良,4,2,012529,7,NORMAL,,5-1-3,2970,(9),UNDER_10000,0,0
20260717_奈良_5R,20260717,奈良,5,3,014341,1,NORMAL,,3-6-2,1990,(4),UNDER_10000,0,0
20260717_奈良_5R,20260717,奈良,5,6,014492,2,NORMAL,,3-6-2,1990,(4),UNDER_10000,0,0
20260717_奈良_5R,20260717,奈良,5,2,013817,3,NORMAL,,3-6-2,1990,(4),UNDER_10000,0,0
20260717_奈良_5R,20260717,奈良,5,1,014747,4,NORMAL,,3-6-2,1990,(4),UNDER_10000,0,0
20260717_奈良_5R,20260717,奈良,5,4,013348,5,NORMAL,,3-6-2,1990,(4),UNDER_10000,0,0
20260717_奈良_5R,20260717,奈良,5,7,012681,6,NORMAL,,3-6-2,1990,(4),UNDER_10000,0,0
20260717_奈良_5R,20260717,奈良,5,5,015534,7,NORMAL,,3-6-2,1990,(4),UNDER_10000,0,0
20260717_奈良_6R,20260717,奈良,6,3,015538,1,NORMAL,,3-2-1,14410,(55),10000_TO_19999,0,0
20260717_奈良_6R,20260717,奈良,6,2,014336,2,NORMAL,,3-2-1,14410,(55),10000_TO_19999,0,0
20260717_奈良_6R,20260717,奈良,6,1,014549,3,NORMAL,,3-2-1,14410,(55),10000_TO_19999,0,0
20260717_奈良_6R,20260717,奈良,6,5,012216,4,NORMAL,,3-2-1,14410,(55),10000_TO_19999,0,0
20260717_奈良_6R,20260717,奈良,6,7,013358,5,NORMAL,,3-2-1,14410,(55),10000_TO_19999,0,0
20260717_奈良_6R,20260717,奈良,6,4,014393,6,NORMAL,,3-2-1,14410,(55),10000_TO_19999,0,0
20260717_奈良_6R,20260717,奈良,6,6,015012,7,NORMAL,,3-2-1,14410,(55),10000_TO_19999,0,0
20260717_奈良_7R,20260717,奈良,7,3,015922,1,NORMAL,,3-4-1,9460,(28),UNDER_10000,0,0
20260717_奈良_7R,20260717,奈良,7,4,014270,2,NORMAL,,3-4-1,9460,(28),UNDER_10000,0,0
20260717_奈良_7R,20260717,奈良,7,1,014326,3,NORMAL,,3-4-1,9460,(28),UNDER_10000,0,0
20260717_奈良_7R,20260717,奈良,7,2,015299,4,NORMAL,,3-4-1,9460,(28),UNDER_10000,0,0
20260717_奈良_7R,20260717,奈良,7,5,015057,5,NORMAL,,3-4-1,9460,(28),UNDER_10000,0,0
20260717_奈良_7R,20260717,奈良,7,7,014603,6,NORMAL,,3-4-1,9460,(28),UNDER_10000,0,0
20260717_奈良_7R,20260717,奈良,7,6,013969,7,NORMAL,,3-4-1,9460,(28),UNDER_10000,0,0
20260717_奈良_8R,20260717,奈良,8,1,015554,1,NORMAL,,1-3-2,890,(1),UNDER_10000,0,0
20260717_奈良_8R,20260717,奈良,8,3,013885,2,NORMAL,,1-3-2,890,(1),UNDER_10000,0,0
20260717_奈良_8R,20260717,奈良,8,2,015364,3,NORMAL,,1-3-2,890,(1),UNDER_10000,0,0
20260717_奈良_8R,20260717,奈良,8,4,013570,4,NORMAL,,1-3-2,890,(1),UNDER_10000,0,0
20260717_奈良_8R,20260717,奈良,8,5,014673,5,NORMAL,,1-3-2,890,(1),UNDER_10000,0,0
20260717_奈良_8R,20260717,奈良,8,7,012891,6,NORMAL,,1-3-2,890,(1),UNDER_10000,0,0
20260717_奈良_8R,20260717,奈良,8,6,014091,7,NORMAL,,1-3-2,890,(1),UNDER_10000,0,0
20260717_奈良_9R,20260717,奈良,9,2,015184,1,NORMAL,,2-1-5,2320,(3),UNDER_10000,0,0
20260717_奈良_9R,20260717,奈良,9,1,013955,2,NORMAL,,2-1-5,2320,(3),UNDER_10000,0,0
20260717_奈良_9R,20260717,奈良,9,5,014314,3,NORMAL,,2-1-5,2320,(3),UNDER_10000,0,0
20260717_奈良_9R,20260717,奈良,9,7,014166,4,NORMAL,,2-1-5,2320,(3),UNDER_10000,0,0
20260717_奈良_9R,20260717,奈良,9,3,014486,5,NORMAL,,2-1-5,2320,(3),UNDER_10000,0,0
20260717_奈良_9R,20260717,奈良,9,4,015812,6,NORMAL,,2-1-5,2320,(3),UNDER_10000,0,0
20260717_奈良_9R,20260717,奈良,9,6,015345,7,NORMAL,,2-1-5,2320,(3),UNDER_10000,0,0
