race_key,date,jo_code,jo_name,race_no,1-2-3,1-2-4,1-2-5,1-2-6,1-2-7,1-2-8,1-2-9,1-3-2,1-3-4,1-3-5,1-3-6,1-3-7,1-3-8,1-3-9,1-4-2,1-4-3,1-4-5,1-4-6,1-4-7,1-4-8,1-4-9,1-5-2,1-5-3,1-5-4,1-5-6,1-5-7,1-5-8,1-5-9,1-6-2,1-6-3,1-6-4,1-6-5,1-6-7,1-6-8,1-6-9,1-7-2,1-7-3,1-7-4,1-7-5,1-7-6,1-7-8,1-7-9,1-8-2,1-8-3,1-8-4,1-8-5,1-8-6,1-8-7,1-8-9,1-9-2,1-9-3,1-9-4,1-9-5,1-9-6,1-9-7,1-9-8,2-1-3,2-1-4,2-1-5,2-1-6,2-1-7,2-1-8,2-1-9,2-3-1,2-3-4,2-3-5,2-3-6,2-3-7,2-3-8,2-3-9,2-4-1,2-4-3,2-4-5,2-4-6,2-4-7,2-4-8,2-4-9,2-5-1,2-5-3,2-5-4,2-5-6,2-5-7,2-5-8,2-5-9,2-6-1,2-6-3,2-6-4,2-6-5,2-6-7,2-6-8,2-6-9,2-7-1,2-7-3,2-7-4,2-7-5,2-7-6,2-7-8,2-7-9,2-8-1,2-8-3,2-8-4,2-8-5,2-8-6,2-8-7,2-8-9,2-9-1,2-9-3,2-9-4,2-9-5,2-9-6,2-9-7,2-9-8,3-1-2,3-1-4,3-1-5,3-1-6,3-1-7,3-1-8,3-1-9,3-2-1,3-2-4,3-2-5,3-2-6,3-2-7,3-2-8,3-2-9,3-4-1,3-4-2,3-4-5,3-4-6,3-4-7,3-4-8,3-4-9,3-5-1,3-5-2,3-5-4,3-5-6,3-5-7,3-5-8,3-5-9,3-6-1,3-6-2,3-6-4,3-6-5,3-6-7,3-6-8,3-6-9,3-7-1,3-7-2,3-7-4,3-7-5,3-7-6,3-7-8,3-7-9,3-8-1,3-8-2,3-8-4,3-8-5,3-8-6,3-8-7,3-8-9,3-9-1,3-9-2,3-9-4,3-9-5,3-9-6,3-9-7,3-9-8,4-1-2,4-1-3,4-1-5,4-1-6,4-1-7,4-1-8,4-1-9,4-2-1,4-2-3,4-2-5,4-2-6,4-2-7,4-2-8,4-2-9,4-3-1,4-3-2,4-3-5,4-3-6,4-3-7,4-3-8,4-3-9,4-5-1,4-5-2,4-5-3,4-5-6,4-5-7,4-5-8,4-5-9,4-6-1,4-6-2,4-6-3,4-6-5,4-6-7,4-6-8,4-6-9,4-7-1,4-7-2,4-7-3,4-7-5,4-7-6,4-7-8,4-7-9,4-8-1,4-8-2,4-8-3,4-8-5,4-8-6,4-8-7,4-8-9,4-9-1,4-9-2,4-9-3,4-9-5,4-9-6,4-9-7,4-9-8,5-1-2,5-1-3,5-1-4,5-1-6,5-1-7,5-1-8,5-1-9,5-2-1,5-2-3,5-2-4,5-2-6,5-2-7,5-2-8,5-2-9,5-3-1,5-3-2,5-3-4,5-3-6,5-3-7,5-3-8,5-3-9,5-4-1,5-4-2,5-4-3,5-4-6,5-4-7,5-4-8,5-4-9,5-6-1,5-6-2,5-6-3,5-6-4,5-6-7,5-6-8,5-6-9,5-7-1,5-7-2,5-7-3,5-7-4,5-7-6,5-7-8,5-7-9,5-8-1,5-8-2,5-8-3,5-8-4,5-8-6,5-8-7,5-8-9,5-9-1,5-9-2,5-9-3,5-9-4,5-9-6,5-9-7,5-9-8,6-1-2,6-1-3,6-1-4,6-1-5,6-1-7,6-1-8,6-1-9,6-2-1,6-2-3,6-2-4,6-2-5,6-2-7,6-2-8,6-2-9,6-3-1,6-3-2,6-3-4,6-3-5,6-3-7,6-3-8,6-3-9,6-4-1,6-4-2,6-4-3,6-4-5,6-4-7,6-4-8,6-4-9,6-5-1,6-5-2,6-5-3,6-5-4,6-5-7,6-5-8,6-5-9,6-7-1,6-7-2,6-7-3,6-7-4,6-7-5,6-7-8,6-7-9,6-8-1,6-8-2,6-8-3,6-8-4,6-8-5,6-8-7,6-8-9,6-9-1,6-9-2,6-9-3,6-9-4,6-9-5,6-9-7,6-9-8,7-1-2,7-1-3,7-1-4,7-1-5,7-1-6,7-1-8,7-1-9,7-2-1,7-2-3,7-2-4,7-2-5,7-2-6,7-2-8,7-2-9,7-3-1,7-3-2,7-3-4,7-3-5,7-3-6,7-3-8,7-3-9,7-4-1,7-4-2,7-4-3,7-4-5,7-4-6,7-4-8,7-4-9,7-5-1,7-5-2,7-5-3,7-5-4,7-5-6,7-5-8,7-5-9,7-6-1,7-6-2,7-6-3,7-6-4,7-6-5,7-6-8,7-6-9,7-8-1,7-8-2,7-8-3,7-8-4,7-8-5,7-8-6,7-8-9,7-9-1,7-9-2,7-9-3,7-9-4,7-9-5,7-9-6,7-9-8,8-1-2,8-1-3,8-1-4,8-1-5,8-1-6,8-1-7,8-1-9,8-2-1,8-2-3,8-2-4,8-2-5,8-2-6,8-2-7,8-2-9,8-3-1,8-3-2,8-3-4,8-3-5,8-3-6,8-3-7,8-3-9,8-4-1,8-4-2,8-4-3,8-4-5,8-4-6,8-4-7,8-4-9,8-5-1,8-5-2,8-5-3,8-5-4,8-5-6,8-5-7,8-5-9,8-6-1,8-6-2,8-6-3,8-6-4,8-6-5,8-6-7,8-6-9,8-7-1,8-7-2,8-7-3,8-7-4,8-7-5,8-7-6,8-7-9,8-9-1,8-9-2,8-9-3,8-9-4,8-9-5,8-9-6,8-9-7,9-1-2,9-1-3,9-1-4,9-1-5,9-1-6,9-1-7,9-1-8,9-2-1,9-2-3,9-2-4,9-2-5,9-2-6,9-2-7,9-2-8,9-3-1,9-3-2,9-3-4,9-3-5,9-3-6,9-3-7,9-3-8,9-4-1,9-4-2,9-4-3,9-4-5,9-4-6,9-4-7,9-4-8,9-5-1,9-5-2,9-5-3,9-5-4,9-5-6,9-5-7,9-5-8,9-6-1,9-6-2,9-6-3,9-6-4,9-6-5,9-6-7,9-6-8,9-7-1,9-7-2,9-7-3,9-7-4,9-7-5,9-7-6,9-7-8,9-8-1,9-8-2,9-8-3,9-8-4,9-8-5,9-8-6,9-8-7
20260930_青森_1R,20260930,12,青森,1,6.8,13.5,20.0,25.5,301.5,,,20.5,82.9,119.3,186.5,1018.0,,,43.7,92.3,223.5,221.7,1277.2,,,75.0,179.1,266.8,450.7,1652.0,,,85.6,188.7,368.8,425.7,2652.7,,,1210.0,3031.7,4756.6,4926.5,4756.6,,,,,,,,,,,,,,,,,5.0,8.0,15.7,17.5,275.0,,,12.4,56.7,92.4,136.6,830.9,,,29.8,66.9,169.6,155.0,1204.7,,,55.8,153.0,227.0,403.3,1703.0,,,63.8,152.5,287.3,330.4,2338.0,,,856.7,1558.6,2904.0,2399.0,5869.9,,,,,,,,,,,,,,,,,30.6,133.7,188.8,269.9,1301.3,,,29.6,105.7,190.3,260.5,1254.0,,,244.3,244.1,862.1,1386.3,3678.4,,,463.6,484.8,928.9,1768.5,4676.0,,,643.0,652.2,2554.5,2652.7,6130.8,,,5630.3,7260.1,7074.0,9999.9,7882.4,,,,,,,,,,,,,,,,,433.7,928.9,1613.3,2106.0,5997.5,,,450.0,887.0,1768.5,2242.9,5747.6,,,1103.5,964.6,2934.9,5747.6,9196.2,,,2358.0,2358.0,3406.0,5109.0,9999.9,,,3998.3,3135.0,6728.9,6568.7,9999.9,,,9999.9,8621.4,9999.9,9999.9,9999.9,,,,,,,,,,,,,,,,,407.5,1006.8,1339.2,2155.3,5305.5,,,412.3,995.9,1386.3,2441.4,5869.9,,,1099.1,1226.1,2758.8,4598.1,9999.9,,,1779.9,2758.8,2028.5,4522.7,9999.9,,,4117.7,4057.1,5630.3,5205.4,9999.9,,,9999.9,8360.2,9999.9,9999.9,9999.9,,,,,,,,,,,,,,,,,1164.0,2155.3,2531.0,3728.1,9853.0,,,1121.4,1682.2,1594.7,3678.4,9999.9,,,2463.2,2652.7,4310.7,9196.2,9999.9,,,4449.7,3630.0,7663.5,6728.9,9999.9,,,3406.0,5305.5,7260.1,2090.0,9999.9,,,9999.9,9999.9,9999.9,9999.9,9999.9,,,,,,,,,,,,,,,,,5747.6,8621.4,9999.9,9999.9,9999.9,,,5997.5,9999.9,9999.9,9999.9,9999.9,,,9999.9,9999.9,9999.9,9999.9,9999.9,,,9999.9,9999.9,9999.9,9999.9,9999.9,,,9999.9,9999.9,9999.9,9999.9,9999.9,,,9999.9,9999.9,9999.9,9999.9,9513.3,,,,,,,,,,,,,,,,,,,,,,,,,,,,,,,,,,,,,,,,,,,,,,,,,,,,,,,,,,,,,,,,,,,,,,,,,,,,,,,,,,,,,,,,,,,,,,,,,,,,,,,,,,,,,,,,,,,,,,,,,,,,,,,,
20260930_青森_2R,20260930,12,青森,2,4.9,4.8,8.8,39.5,116.4,,,8.8,13.5,21.2,94.2,232.9,,,10.8,18.0,24.8,94.9,233.0,,,15.0,22.0,25.9,105.5,285.1,,,165.4,277.1,271.8,321.7,989.5,,,459.9,610.3,600.2,839.4,1070.6,,,,,,,,,,,,,,,,,72.4,79.5,127.7,308.6,642.7,,,198.1,517.4,816.3,2093.1,3710.6,,,373.1,696.2,1209.3,1898.4,4186.3,,,640.2,1511.7,1464.2,3753.2,4801.9,,,1585.1,4031.2,3588.2,5353.0,6279.5,,,3298.3,8372.6,7774.6,8163.3,9999.9,,,,,,,,,,,,,,,,,108.9,180.8,215.2,605.8,1074.1,,,212.4,657.0,892.1,2654.7,3982.1,,,574.8,859.3,1122.1,3710.6,7256.3,,,766.5,1484.2,1657.5,4473.0,9603.9,,,2251.9,6161.0,6279.5,6947.5,9999.9,,,5183.0,7774.6,9999.9,9999.9,9999.9,,,,,,,,,,,,,,,,,341.2,507.8,655.6,1290.6,2591.5,,,619.6,1349.3,2571.1,4081.6,7256.3,,,966.0,1491.0,2531.2,7593.8,9603.9,,,1608.5,3628.1,3887.3,8372.6,9999.9,,,4081.6,6279.5,9999.9,9999.9,9999.9,,,9895.0,9999.9,9999.9,9999.9,9999.9,,,,,,,,,,,,,,,,,256.7,310.0,312.7,1280.5,1814.0,,,804.2,1824.2,1592.8,4133.3,5534.4,,,1007.8,2079.8,2162.4,6161.0,9999.9,,,1251.0,2332.3,2299.5,5183.0,9999.9,,,6046.9,9999.9,9603.9,9999.9,9999.9,,,7421.2,6402.6,8825.2,9999.9,9999.9,,,,,,,,,,,,,,,,,2176.9,2814.9,2676.5,4133.3,7098.5,,,3023.4,7774.6,4081.6,9999.9,9999.9,,,5266.6,9999.9,7098.5,9999.9,9999.9,,,5183.0,7098.5,9603.9,9999.9,9999.9,,,6402.6,9999.9,9999.9,9999.9,9999.9,,,3588.2,9999.9,9999.9,9999.9,9999.9,,,,,,,,,,,,,,,,,3437.2,4473.0,5629.9,5937.0,9603.9,,,4599.0,9895.0,9999.9,9999.9,9999.9,,,6947.5,9999.9,9999.9,9999.9,9999.9,,,9999.9,9999.9,9999.9,9999.9,9999.9,,,9999.9,6161.0,9070.4,9999.9,9999.9,,,9999.9,9999.9,9999.9,9999.9,9999.9,,,,,,,,,,,,,,,,,,,,,,,,,,,,,,,,,,,,,,,,,,,,,,,,,,,,,,,,,,,,,,,,,,,,,,,,,,,,,,,,,,,,,,,,,,,,,,,,,,,,,,,,,,,,,,,,,,,,,,,,,,,,,,,,
20260930_青森_3R,20260930,12,青森,3,23.9,28.3,23.9,17.3,98.9,,,35.4,133.9,58.0,61.4,319.9,,,102.3,329.5,282.2,140.7,557.8,,,18.6,38.3,106.7,9.2,69.1,,,12.3,48.6,61.4,10.4,40.2,,,337.1,603.4,675.0,272.6,218.8,,,,,,,,,,,,,,,,,31.0,40.4,90.0,71.2,217.2,,,22.9,21.2,114.4,162.1,226.7,,,46.3,35.9,311.7,288.1,198.8,,,203.4,302.4,447.5,513.6,1164.0,,,242.0,482.0,540.9,621.4,1232.7,,,718.8,761.0,675.0,1852.1,1671.0,,,,,,,,,,,,,,,,,48.0,170.2,112.9,100.8,460.7,,,32.5,42.8,172.7,198.0,370.4,,,468.7,203.7,1149.7,1362.2,2032.3,,,243.3,379.7,876.4,852.5,1790.3,,,534.8,670.1,1480.2,992.0,2425.6,,,1870.5,1553.6,2937.3,3032.0,3836.5,,,,,,,,,,,,,,,,,365.0,903.7,1142.7,630.8,1852.1,,,190.2,142.6,1189.8,824.5,471.1,,,901.6,308.9,2506.5,2224.7,2425.6,,,1958.2,2185.9,2870.0,3356.9,5611.6,,,2032.3,1948.0,2983.9,3957.6,5150.3,,,4131.6,2540.3,3876.0,6713.8,5371.1,,,,,,,,,,,,,,,,,115.8,175.3,386.8,62.4,465.3,,,308.1,530.2,858.3,844.8,2278.6,,,305.1,552.0,1948.0,1156.8,2914.5,,,1402.9,2173.2,2647.7,3107.2,5874.6,,,213.6,841.1,1296.4,2065.8,1105.8,,,1928.0,3876.0,3876.0,5967.8,3356.9,,,,,,,,,,,,,,,,,150.6,358.4,394.5,98.5,239.9,,,333.6,914.7,880.5,835.5,1724.6,,,799.9,1129.0,2320.8,1620.5,3056.7,,,1509.9,2136.2,3387.1,3213.4,4699.7,,,225.4,756.4,1305.4,1408.1,1300.9,,,1319.2,2629.2,2870.0,3213.4,2292.5,,,,,,,,,,,,,,,,,1228.6,1843.0,2489.9,1167.6,905.9,,,1182.3,1553.6,1342.7,3999.7,3159.4,,,2666.5,2610.9,4699.7,4131.6,5150.3,,,3836.5,2914.5,4585.0,7372.1,5295.4,,,2010.5,4224.4,4131.6,6835.9,3387.1,,,1599.9,3449.3,4585.0,4759.2,3298.0,,,,,,,,,,,,,,,,,,,,,,,,,,,,,,,,,,,,,,,,,,,,,,,,,,,,,,,,,,,,,,,,,,,,,,,,,,,,,,,,,,,,,,,,,,,,,,,,,,,,,,,,,,,,,,,,,,,,,,,,,,,,,,,,
20260930_青森_4R,20260930,12,青森,4,3.3,23.8,38.7,56.9,316.9,,,7.8,36.1,29.5,147.9,500.5,,,90.3,89.4,306.6,325.0,676.6,,,168.3,156.6,402.7,890.9,1956.0,,,224.2,344.8,388.0,886.3,1791.3,,,1763.5,2331.2,2767.1,3180.9,3740.2,,,,,,,,,,,,,,,,,3.5,13.5,39.7,25.9,300.6,,,37.9,223.0,197.9,373.2,1190.0,,,87.3,222.1,668.6,109.6,472.7,,,297.5,463.0,1112.2,1087.4,2331.2,,,103.5,323.2,80.1,998.1,1361.4,,,1944.9,3272.6,1820.1,4363.5,2812.8,,,,,,,,,,,,,,,,,64.1,189.0,150.0,592.9,1350.6,,,133.1,712.0,541.1,1105.0,2722.8,,,375.2,1339.9,1533.1,2315.3,3437.9,,,481.4,830.1,1436.1,2315.3,3508.8,,,1279.5,2114.0,2638.4,3180.9,6302.9,,,4793.7,7915.3,6188.3,7241.6,8727.1,,,,,,,,,,,,,,,,,233.4,196.1,797.0,346.5,725.7,,,316.0,647.0,1727.7,414.0,1219.9,,,358.2,1009.9,1944.9,1173.6,2195.8,,,2413.8,4538.1,3066.3,3180.9,4727.2,,,262.4,297.7,521.2,1177.7,252.6,,,1031.3,1519.4,1628.5,3012.0,623.3,,,,,,,,,,,,,,,,,722.6,556.1,1644.2,2884.4,2934.1,,,898.0,1473.4,2559.0,2959.6,4004.2,,,580.8,1246.7,2100.9,3210.9,2836.3,,,2860.1,4932.7,3781.7,7563.5,7241.6,,,6302.9,5971.2,6302.9,6545.3,8508.9,,,9724.5,9999.9,9198.9,9999.9,9724.5,,,,,,,,,,,,,,,,,302.0,599.2,469.4,1890.8,2679.9,,,268.2,942.8,283.8,2100.9,2659.0,,,1246.7,1820.1,1829.8,3210.9,5156.9,,,235.5,231.8,599.2,1676.6,390.7,,,4363.5,5005.2,4363.5,4538.1,7090.8,,,3699.5,5005.2,5768.8,1356.0,6302.9,,,,,,,,,,,,,,,,,5318.1,4420.2,5489.6,7735.4,6807.1,,,5318.1,6188.3,8727.1,8956.8,8301.4,,,5079.9,7241.6,6673.7,7735.4,8103.8,,,4363.5,6188.3,5005.2,5971.2,1754.4,,,9999.9,9198.9,8727.1,9454.4,9999.9,,,7090.8,9454.4,8956.8,2181.7,8301.4,,,,,,,,,,,,,,,,,,,,,,,,,,,,,,,,,,,,,,,,,,,,,,,,,,,,,,,,,,,,,,,,,,,,,,,,,,,,,,,,,,,,,,,,,,,,,,,,,,,,,,,,,,,,,,,,,,,,,,,,,,,,,,,,
20260930_青森_5R,20260930,12,青森,5,27.5,23.8,102.4,145.1,30.2,,,40.9,71.9,211.7,446.0,245.9,,,70.4,73.6,130.2,783.7,445.1,,,402.7,494.4,509.4,1155.0,1294.0,,,811.0,1416.5,2035.3,2871.8,1471.1,,,269.2,711.8,820.5,1274.4,754.1,,,,,,,,,,,,,,,,,29.6,17.9,72.3,67.4,21.2,,,58.3,65.4,234.3,383.6,141.9,,,45.2,64.9,97.7,174.6,103.8,,,234.8,610.3,304.2,1106.3,733.0,,,312.6,845.3,555.3,931.7,380.8,,,51.6,223.8,123.9,469.5,127.6,,,,,,,,,,,,,,,,,28.3,40.8,122.0,386.0,242.9,,,41.5,55.4,183.1,309.4,106.7,,,29.4,21.3,16.7,240.9,181.7,,,414.7,341.7,144.7,703.5,921.5,,,1365.7,1130.1,1171.1,1486.8,1799.5,,,722.9,508.2,809.4,1335.3,1015.2,,,,,,,,,,,,,,,,,70.7,55.7,130.9,620.2,412.2,,,71.1,41.0,66.0,212.8,139.4,,,23.3,12.8,10.7,220.5,137.7,,,169.2,71.0,34.3,510.0,439.5,,,1950.1,886.4,919.4,1130.1,1807.2,,,938.0,505.1,557.5,871.7,1302.1,,,,,,,,,,,,,,,,,1558.6,1519.1,1174.4,4192.8,4607.5,,,1298.1,1255.3,935.9,2303.7,1897.2,,,1290.1,966.1,334.8,2075.6,2637.0,,,841.9,538.2,207.2,1968.4,1460.9,,,5307.4,3743.6,4192.8,4031.6,4322.5,,,6551.3,3408.8,5445.3,3743.6,4367.5,,,,,,,,,,,,,,,,,2025.5,3846.6,5051.6,7106.5,3777.3,,,1535.8,2911.7,2065.4,3846.6,1471.1,,,3677.9,2795.2,2637.0,5375.4,5445.3,,,5445.3,2852.3,3038.3,3743.6,3993.2,,,5905.4,5307.4,5743.6,5375.4,5590.5,,,3645.9,2423.6,5743.6,4508.4,5241.1,,,,,,,,,,,,,,,,,492.7,2316.5,2206.7,3918.5,1739.7,,,325.7,1181.0,716.7,1888.6,685.1,,,3200.6,1690.6,2266.4,5241.1,3523.4,,,1718.3,1012.7,1932.2,2218.4,2776.7,,,6655.3,4460.5,6655.3,3710.5,5113.2,,,2382.3,1435.9,3993.2,3327.6,4151.3,,,,,,,,,,,,,,,,,,,,,,,,,,,,,,,,,,,,,,,,,,,,,,,,,,,,,,,,,,,,,,,,,,,,,,,,,,,,,,,,,,,,,,,,,,,,,,,,,,,,,,,,,,,,,,,,,,,,,,,,,,,,,,,,
20260930_青森_6R,20260930,12,青森,6,10.6,3.9,49.1,34.8,113.6,,,69.5,224.9,209.5,149.9,370.1,,,42.6,183.9,376.6,394.7,709.0,,,357.6,456.6,860.6,1368.4,994.0,,,241.3,269.3,545.9,857.0,1049.9,,,610.9,888.6,1476.7,906.2,1368.4,,,,,,,,,,,,,,,,,11.6,2.6,50.6,39.0,114.3,,,82.4,135.2,409.3,341.2,882.8,,,11.5,62.7,195.4,173.5,484.1,,,331.0,658.9,563.9,1732.2,1232.8,,,263.6,472.9,433.0,1561.0,2195.4,,,751.9,1354.9,1537.6,2332.6,3873.0,,,,,,,,,,,,,,,,,184.2,523.6,794.0,410.9,1616.3,,,166.8,211.9,739.7,470.2,1282.9,,,1036.7,595.8,2473.1,1762.0,5131.8,,,1368.4,1031.5,2582.0,1537.6,2022.4,,,389.5,361.7,709.0,1003.7,1134.1,,,2518.6,2083.9,6037.4,1585.1,2149.4,,,,,,,,,,,,,,,,,66.4,278.9,700.5,628.7,1324.3,,,39.5,143.6,330.2,352.0,851.7,,,809.7,574.9,2243.4,1609.9,5263.4,,,1849.3,1572.9,2953.5,5782.3,5702.0,,,1616.3,982.1,1747.0,5006.6,5949.9,,,4612.8,4024.9,6516.6,4887.4,7078.4,,,,,,,,,,,,,,,,,792.5,1622.7,271.8,3232.6,1945.7,,,771.7,1211.0,879.1,2932.4,1696.4,,,2063.0,1762.0,3041.0,3365.1,3601.2,,,2138.2,2094.6,3985.9,7602.7,6316.1,,,4773.8,5006.6,3947.5,6316.1,4718.9,,,2052.7,1648.7,2042.5,3284.3,3449.9,,,,,,,,,,,,,,,,,577.4,811.3,1425.5,3258.3,2582.0,,,613.6,837.8,698.2,3110.2,4462.4,,,695.8,641.4,1016.2,1609.9,2002.6,,,2345.9,1415.6,2473.1,5702.0,5623.9,,,5131.8,6842.4,4276.5,9123.2,5473.9,,,5006.6,7331.2,3732.2,7895.1,5782.3,,,,,,,,,,,,,,,,,2094.6,3947.5,5401.9,3063.7,5331.7,,,2094.6,3698.6,3041.0,3698.6,7746.1,,,4146.9,4665.3,8735.0,3421.2,3766.4,,,8049.9,5949.9,9999.9,8049.9,9999.9,,,2549.9,2063.0,1841.0,3947.5,3665.6,,,5782.3,9547.6,5196.8,9999.9,4462.4,,,,,,,,,,,,,,,,,,,,,,,,,,,,,,,,,,,,,,,,,,,,,,,,,,,,,,,,,,,,,,,,,,,,,,,,,,,,,,,,,,,,,,,,,,,,,,,,,,,,,,,,,,,,,,,,,,,,,,,,,,,,,,,,
20260930_青森_7R,20260930,12,青森,7,11.4,23.6,24.9,24.9,9.4,,,30.0,96.8,72.1,40.4,156.2,,,117.8,199.5,131.0,293.2,452.8,,,69.3,98.8,95.0,161.4,306.1,,,84.6,63.7,192.9,186.2,294.9,,,131.1,349.3,742.4,632.1,544.5,,,,,,,,,,,,,,,,,26.2,43.7,31.1,46.5,11.2,,,77.3,388.3,338.0,241.4,252.2,,,202.1,594.1,280.4,713.8,602.6,,,105.3,425.3,224.9,501.4,233.0,,,190.5,319.1,491.5,523.2,524.0,,,60.8,325.1,344.3,267.7,363.5,,,,,,,,,,,,,,,,,43.9,110.7,119.0,39.9,244.6,,,71.9,288.9,247.5,127.7,243.5,,,204.0,377.6,366.6,194.7,982.5,,,166.0,297.8,189.3,152.1,829.2,,,38.0,71.2,80.1,87.0,198.3,,,685.4,873.3,1632.3,1572.0,595.6,,,,,,,,,,,,,,,,,363.0,578.0,322.2,854.7,1187.3,,,394.5,1012.7,477.6,1024.2,1136.9,,,704.1,1028.6,756.4,941.5,2295.6,,,203.7,290.1,357.9,341.2,680.9,,,1146.0,1326.8,1144.1,991.9,2528.4,,,2739.1,2835.7,3727.4,2083.9,3443.4,,,,,,,,,,,,,,,,,102.9,127.6,97.2,165.8,525.5,,,123.6,390.4,189.8,486.6,343.5,,,207.6,377.2,197.1,216.6,1019.9,,,75.6,123.0,134.7,130.4,285.3,,,218.0,505.3,233.4,221.2,987.8,,,1288.9,1621.3,1907.9,1253.2,2238.7,,,,,,,,,,,,,,,,,160.7,114.0,350.1,313.0,464.7,,,216.2,248.7,453.0,493.2,501.4,,,86.3,161.6,201.7,212.1,389.1,,,857.8,1015.6,688.6,955.2,2178.0,,,514.3,832.1,497.6,631.5,1902.9,,,1949.1,2231.8,1965.0,3427.1,3090.2,,,,,,,,,,,,,,,,,437.1,1153.3,2537.2,1918.1,1943.8,,,375.2,1366.9,2204.6,2197.9,2089.9,,,1401.4,1812.3,4605.8,2975.8,2708.3,,,3510.3,3805.9,4788.9,4491.4,4853.1,,,2824.7,3332.3,2915.8,3866.9,3746.7,,,3199.6,3394.9,2975.8,4952.9,3826.0,,,,,,,,,,,,,,,,,,,,,,,,,,,,,,,,,,,,,,,,,,,,,,,,,,,,,,,,,,,,,,,,,,,,,,,,,,,,,,,,,,,,,,,,,,,,,,,,,,,,,,,,,,,,,,,,,,,,,,,,,,,,,,,,
20260930_前橋_1R,20260930,22,前橋,1,49.9,41.5,53.2,46.7,51.4,,,57.4,91.1,27.8,214.9,71.3,,,66.1,88.5,76.6,165.9,25.5,,,68.1,29.1,75.3,159.0,82.5,,,188.5,580.3,496.0,450.3,514.2,,,26.3,48.0,9.1,39.5,164.7,,,,,,,,,,,,,,,,,132.9,138.9,151.2,131.6,135.0,,,184.2,486.9,134.2,303.6,725.0,,,282.8,572.4,579.1,415.9,616.9,,,222.2,144.7,508.0,332.5,686.0,,,127.2,270.1,169.2,234.3,292.7,,,262.4,881.8,401.1,678.1,707.5,,,,,,,,,,,,,,,,,67.6,111.8,43.5,292.7,86.2,,,127.0,319.5,93.9,222.6,418.3,,,298.1,469.8,336.3,1095.7,475.9,,,29.6,31.1,105.7,112.8,93.7,,,853.6,678.1,1768.9,655.4,2191.4,,,180.9,480.6,245.3,257.5,1112.3,,,,,,,,,,,,,,,,,149.1,257.8,224.1,521.5,74.0,,,276.5,645.3,413.5,315.4,536.8,,,451.0,728.6,581.4,2127.8,929.2,,,501.1,914.7,665.8,1483.0,1087.5,,,1310.9,758.7,2531.4,1894.5,2011.2,,,83.4,310.0,598.0,560.4,1041.3,,,,,,,,,,,,,,,,,126.9,53.9,249.9,472.1,178.2,,,171.9,97.5,535.8,460.9,626.1,,,36.7,37.6,123.7,139.3,126.1,,,460.2,747.2,456.6,1244.2,914.7,,,923.4,858.6,712.7,1233.8,1385.1,,,271.3,735.9,294.5,589.6,1460.9,,,,,,,,,,,,,,,,,714.4,1737.5,1425.4,1604.6,1587.2,,,392.5,822.5,471.3,735.9,843.8,,,2039.2,1570.3,2694.0,1768.9,4022.5,,,1870.3,1418.5,3058.8,2598.6,2850.9,,,1823.9,1659.0,1970.8,2598.6,3123.9,,,1882.3,1970.8,3625.3,1498.2,2796.6,,,,,,,,,,,,,,,,,62.1,117.4,16.0,123.9,261.4,,,211.1,995.4,317.4,985.4,992.0,,,287.0,1099.8,472.1,616.9,2509.8,,,36.7,147.5,308.1,340.2,489.4,,,418.3,1328.7,714.4,808.9,2387.3,,,1075.6,1944.7,3091.0,1737.5,2744.3,,,,,,,,,,,,,,,,,,,,,,,,,,,,,,,,,,,,,,,,,,,,,,,,,,,,,,,,,,,,,,,,,,,,,,,,,,,,,,,,,,,,,,,,,,,,,,,,,,,,,,,,,,,,,,,,,,,,,,,,,,,,,,,,
20260930_前橋_2R,20260930,22,前橋,2,9.4,28.2,92.5,360.7,122.6,,,6.7,22.5,28.9,95.4,30.6,,,106.5,101.2,404.0,769.5,515.2,,,331.0,199.8,785.2,662.1,360.7,,,1430.9,700.9,2263.2,1401.9,1934.5,,,308.6,125.0,721.4,297.7,930.8,,,,,,,,,,,,,,,,,11.3,17.9,91.1,201.3,108.9,,,15.1,47.6,93.7,229.7,120.8,,,16.3,26.2,66.9,93.3,92.1,,,242.8,248.4,260.3,236.2,216.1,,,938.4,1092.3,756.0,756.0,1027.5,,,249.3,317.9,295.7,142.9,652.1,,,,,,,,,,,,,,,,,13.1,49.5,38.0,78.1,28.5,,,40.1,125.7,255.9,469.2,265.3,,,183.5,241.6,738.3,1689.1,908.8,,,266.5,468.5,1227.9,338.1,275.7,,,874.4,2048.9,2748.2,1146.6,1766.7,,,177.8,435.5,1000.8,175.5,673.6,,,,,,,,,,,,,,,,,266.7,386.0,1120.6,2177.8,1390.6,,,133.9,217.1,386.9,746.2,538.5,,,429.0,432.3,1574.0,3037.5,1832.1,,,2061.1,1625.7,3148.0,2603.6,3683.8,,,7066.9,3607.0,6183.5,6075.0,9358.9,,,1923.7,1812.9,3683.8,3119.6,5327.3,,,,,,,,,,,,,,,,,816.6,657.0,1990.1,870.0,870.0,,,1099.3,1374.1,1625.7,1015.4,724.4,,,669.7,865.7,2643.3,809.0,776.4,,,3064.4,2371.7,3890.7,2491.2,3329.6,,,913.6,1058.9,1068.7,1625.7,305.3,,,513.7,482.9,548.7,1219.2,166.5,,,,,,,,,,,,,,,,,4809.4,3462.8,6412.5,6789.8,6659.2,,,4946.8,4743.5,3683.8,6075.0,7367.6,,,2838.3,3805.2,5018.5,4439.4,7695.1,,,8878.9,5410.6,7214.1,6296.0,9999.9,,,3361.9,3569.8,3723.4,4556.3,938.4,,,6075.0,5092.3,5676.7,6533.5,1127.9,,,,,,,,,,,,,,,,,591.9,423.3,1117.0,629.6,1714.2,,,809.0,1150.4,1181.8,590.9,2036.9,,,420.2,1062.2,1956.3,484.3,1625.7,,,2036.9,2150.8,3236.2,3176.8,5246.6,,,408.8,416.2,411.7,1039.8,129.1,,,2061.1,2959.6,2909.9,3847.5,506.2,,,,,,,,,,,,,,,,,,,,,,,,,,,,,,,,,,,,,,,,,,,,,,,,,,,,,,,,,,,,,,,,,,,,,,,,,,,,,,,,,,,,,,,,,,,,,,,,,,,,,,,,,,,,,,,,,,,,,,,,,,,,,,,,
20260930_前橋_3R,20260930,22,前橋,3,42.5,36.2,150.1,311.2,358.5,,,53.9,52.1,216.9,352.4,439.1,,,8.9,10.3,25.4,10.8,54.9,,,175.1,198.8,89.1,299.4,134.0,,,766.1,645.9,212.0,864.8,1456.3,,,713.0,708.1,328.8,277.4,1087.1,,,,,,,,,,,,,,,,,58.6,58.7,292.3,462.2,566.5,,,21.5,24.8,86.4,151.8,177.6,,,70.4,83.5,433.0,305.9,655.5,,,536.9,377.4,651.3,2253.6,565.4,,,1135.1,1156.3,1135.1,3958.3,4979.8,,,1114.6,850.5,1275.8,1039.5,3765.2,,,,,,,,,,,,,,,,,88.5,108.3,317.6,579.2,648.6,,,39.9,40.5,113.2,311.8,257.5,,,78.9,109.9,475.0,470.6,818.9,,,596.0,536.9,955.8,2450.4,1250.0,,,1477.2,1442.7,1826.9,4348.6,7916.6,,,1616.4,1139.3,1754.2,1687.1,3765.2,,,,,,,,,,,,,,,,,13.9,13.1,42.7,11.4,73.9,,,51.6,85.5,279.1,237.1,538.8,,,48.2,95.3,418.3,313.4,637.9,,,171.3,533.2,640.5,545.4,656.9,,,72.5,316.0,283.5,632.6,918.9,,,375.6,1169.5,924.4,827.7,1130.9,,,,,,,,,,,,,,,,,572.8,501.2,171.4,848.2,239.8,,,704.9,430.0,793.7,2912.7,709.7,,,654.1,590.3,832.2,2450.4,843.5,,,203.7,860.0,713.0,425.2,577.1,,,2616.5,5416.6,4410.7,2551.6,3118.6,,,165.4,353.2,316.9,232.8,690.7,,,,,,,,,,,,,,,,,3118.6,2858.8,747.5,4540.4,5825.4,,,2885.5,2431.1,1805.5,7916.6,7916.6,,,3284.5,2968.7,3284.5,9080.9,9648.4,,,640.5,1882.6,2393.4,4009.7,3508.5,,,3958.3,9080.9,7718.7,4900.8,9080.9,,,6711.9,9999.9,9999.9,6175.0,8821.4,,,,,,,,,,,,,,,,,2321.4,1991.9,857.6,719.6,3319.9,,,2431.1,1991.9,2912.7,1816.1,8125.0,,,2287.0,2004.8,2470.0,1795.0,7718.7,,,989.5,2997.5,2189.7,1192.0,2661.6,,,503.6,773.8,742.1,590.3,1599.7,,,6301.0,9959.7,8344.6,7180.2,5613.6,,,,,,,,,,,,,,,,,,,,,,,,,,,,,,,,,,,,,,,,,,,,,,,,,,,,,,,,,,,,,,,,,,,,,,,,,,,,,,,,,,,,,,,,,,,,,,,,,,,,,,,,,,,,,,,,,,,,,,,,,,,,,,,,
20260930_前橋_4R,20260930,22,前橋,4,11.9,14.5,3.5,22.4,152.7,,,97.0,312.3,326.8,175.7,1325.3,,,75.6,252.5,283.4,387.5,449.3,,,61.8,339.1,360.0,410.1,1185.8,,,120.7,152.2,390.8,357.6,1099.0,,,854.8,2503.5,1147.0,2205.8,3391.8,,,,,,,,,,,,,,,,,14.3,16.5,2.6,21.5,166.9,,,127.3,688.7,511.2,544.8,3123.1,,,114.1,556.3,438.7,718.5,1634.4,,,39.2,309.2,344.3,364.2,1185.8,,,152.9,432.1,825.7,540.1,3428.7,,,1130.6,6857.4,3894.3,2407.9,8301.0,,,,,,,,,,,,,,,,,338.4,1027.4,815.0,630.8,3544.2,,,361.3,1251.7,1080.2,919.6,3992.9,,,1742.7,2048.3,3504.9,1802.5,4708.0,,,1714.3,2389.7,3584.5,2696.0,8762.2,,,483.0,486.7,964.6,1232.1,1911.7,,,6711.5,9857.5,5951.7,9999.9,8088.2,,,,,,,,,,,,,,,,,118.4,674.0,552.4,911.6,1091.4,,,174.5,955.8,655.8,1383.5,2048.3,,,1593.1,1723.7,3218.7,2543.8,5257.3,,,1617.6,1553.8,3320.4,4779.4,6185.1,,,1569.3,1593.1,1487.9,4506.3,2650.7,,,1298.1,1625.9,2145.8,2628.6,2791.5,,,,,,,,,,,,,,,,,215.9,1823.3,1298.1,1812.8,3625.7,,,212.7,1833.9,1440.3,2022.0,3355.7,,,2483.7,3186.2,5841.5,5438.6,9999.9,,,2407.9,2048.3,5346.4,9999.9,9558.8,,,2628.6,3755.2,5346.4,8525.4,9999.9,,,5951.7,8762.2,9999.9,9999.9,9999.9,,,,,,,,,,,,,,,,,185.8,391.8,1080.2,745.7,2816.4,,,235.7,495.1,1151.2,841.1,4096.6,,,319.2,289.9,688.7,967.6,1585.1,,,1959.2,1823.3,1420.9,4638.8,2948.0,,,1877.6,2371.7,2407.9,6185.1,9999.9,,,9999.9,9999.9,7693.6,6066.1,9999.9,,,,,,,,,,,,,,,,,3504.9,8525.4,3251.9,5171.1,9857.5,,,3504.9,9999.9,5438.6,4044.1,9999.9,,,9857.5,9999.9,7886.0,9999.9,9999.9,,,2543.8,3544.2,4044.1,5632.8,6185.1,,,7693.6,9012.6,9999.9,9999.9,9999.9,,,9999.9,9999.9,9999.9,9012.6,9999.9,,,,,,,,,,,,,,,,,,,,,,,,,,,,,,,,,,,,,,,,,,,,,,,,,,,,,,,,,,,,,,,,,,,,,,,,,,,,,,,,,,,,,,,,,,,,,,,,,,,,,,,,,,,,,,,,,,,,,,,,,,,,,,,,
20260930_前橋_5R,20260930,22,前橋,5,68.3,37.8,51.1,124.5,33.2,,,93.7,65.3,49.6,216.6,182.0,,,9.4,19.1,15.7,3.1,27.4,,,60.9,27.8,35.8,129.8,97.1,,,194.4,240.7,36.3,215.4,302.3,,,37.5,143.4,62.3,113.8,215.5,,,,,,,,,,,,,,,,,600.4,321.2,500.3,850.2,309.8,,,1012.7,1528.2,1373.5,2803.8,1646.9,,,519.5,1739.8,1623.2,1182.1,1018.8,,,739.1,955.6,1638.9,2950.1,1003.7,,,1592.7,3426.9,1757.8,3991.3,3002.3,,,244.4,638.9,446.9,606.9,980.5,,,,,,,,,,,,,,,,,303.1,276.0,222.6,1190.4,939.7,,,1134.6,1514.5,1314.9,3326.1,1884.8,,,885.8,1843.8,1097.9,2671.3,3359.0,,,258.9,468.5,517.9,1270.6,726.4,,,2406.1,4294.4,4778.3,3461.8,7218.3,,,1592.7,2107.2,3687.6,1739.8,5140.3,,,,,,,,,,,,,,,,,65.2,104.9,85.5,27.3,98.5,,,337.5,1063.5,1094.4,712.7,966.5,,,670.4,1592.7,1169.8,2031.5,3392.6,,,392.2,1146.1,867.6,1247.2,1843.8,,,128.8,599.4,977.7,1165.8,1083.9,,,422.4,831.5,2174.7,1972.4,1216.0,,,,,,,,,,,,,,,,,178.0,79.4,100.5,461.5,277.4,,,488.1,336.5,549.8,1456.0,446.4,,,52.2,162.4,182.0,493.1,315.0,,,304.2,488.1,350.1,899.9,569.2,,,1521.3,2714.1,2217.4,1972.4,2476.3,,,442.3,554.3,475.8,846.0,1663.0,,,,,,,,,,,,,,,,,883.5,1843.8,184.7,1824.0,1528.2,,,1833.8,4188.4,1475.0,5301.0,3326.1,,,3497.5,6282.6,4846.6,7068.0,8928.0,,,245.6,1425.4,2736.0,2924.6,2232.0,,,3293.8,5952.0,6058.2,4240.8,5385.1,,,2356.0,3326.1,7218.3,2692.5,5561.7,,,,,,,,,,,,,,,,,86.8,374.8,87.4,335.2,400.0,,,59.4,212.0,132.1,312.6,410.7,,,969.3,1031.1,1776.2,1280.2,2827.2,,,182.4,258.1,1431.4,1261.2,709.7,,,573.0,718.7,776.3,1309.9,2160.9,,,1325.2,1713.4,4240.8,1722.1,3056.4,,,,,,,,,,,,,,,,,,,,,,,,,,,,,,,,,,,,,,,,,,,,,,,,,,,,,,,,,,,,,,,,,,,,,,,,,,,,,,,,,,,,,,,,,,,,,,,,,,,,,,,,,,,,,,,,,,,,,,,,,,,,,,,,
20260930_前橋_6R,20260930,22,前橋,6,20.1,10.6,79.2,126.9,48.0,,,4.0,5.2,20.9,19.6,28.8,,,9.1,17.8,68.4,148.4,66.5,,,177.9,158.5,259.8,248.1,419.6,,,444.5,250.0,547.7,263.4,905.3,,,264.8,511.6,501.3,863.9,1283.3,,,,,,,,,,,,,,,,,148.4,118.2,487.1,758.2,383.5,,,260.3,359.1,969.5,1313.0,905.3,,,92.8,164.7,344.2,453.2,131.9,,,1308.7,2054.6,1220.1,2716.1,2143.5,,,2033.6,2679.4,1687.4,2266.0,4357.7,,,845.5,1231.5,496.3,1762.4,2661.4,,,,,,,,,,,,,,,,,48.7,57.1,108.7,123.3,286.5,,,224.9,358.5,850.9,1209.0,1223.9,,,222.4,400.9,1066.0,1339.7,2044.0,,,657.6,1631.9,1716.6,1485.2,4506.2,,,662.0,2155.1,2773.1,1194.4,7343.5,,,2447.8,4558.0,5831.6,5918.7,8437.3,,,,,,,,,,,,,,,,,36.5,53.9,287.3,452.6,279.6,,,50.1,99.5,241.8,380.5,28.6,,,188.9,274.2,979.1,1295.9,1104.6,,,1060.3,869.6,1555.1,1709.2,2734.8,,,1485.2,1479.6,2575.0,1537.0,4357.7,,,1129.7,415.6,1786.2,2591.8,2915.8,,,,,,,,,,,,,,,,,1335.1,1180.2,1431.6,1943.8,4357.7,,,2002.7,2873.5,1731.6,3926.2,4174.2,,,1694.6,3887.7,5665.0,5287.3,8437.3,,,2023.2,1897.3,4406.1,3813.0,9441.7,,,1513.5,1631.9,2374.5,2253.1,3389.3,,,7343.5,8812.3,9999.9,9012.5,9012.5,,,,,,,,,,,,,,,,,2575.0,1231.5,2143.5,1870.5,6609.2,,,4218.6,4264.0,2109.3,4406.1,4777.7,,,1479.6,5150.0,4174.2,5287.3,9999.9,,,2792.6,2120.6,4895.7,3671.7,8092.9,,,1271.0,1411.2,1992.7,1746.9,3147.2,,,8812.3,9672.0,9913.8,7081.3,9222.1,,,,,,,,,,,,,,,,,2403.3,3572.5,3671.7,7210.0,9222.1,,,2643.6,4455.6,1198.0,5507.6,8437.3,,,4836.0,8620.7,8620.7,9999.9,9999.9,,,3850.0,1266.9,6609.2,9672.0,9999.9,,,9672.0,9672.0,9999.9,9999.9,8812.3,,,9999.9,9999.9,9999.9,9999.9,9441.7,,,,,,,,,,,,,,,,,,,,,,,,,,,,,,,,,,,,,,,,,,,,,,,,,,,,,,,,,,,,,,,,,,,,,,,,,,,,,,,,,,,,,,,,,,,,,,,,,,,,,,,,,,,,,,,,,,,,,,,,,,,,,,,,
20260930_前橋_7R,20260930,22,前橋,7,5.0,6.5,16.2,20.7,3.4,,,27.5,37.1,25.8,80.0,199.1,,,42.2,44.0,71.3,33.5,181.2,,,92.9,70.7,135.5,220.3,303.3,,,112.9,170.2,77.3,207.7,451.4,,,132.6,547.2,323.6,547.7,670.1,,,,,,,,,,,,,,,,,42.9,42.5,69.2,79.9,22.8,,,263.8,909.5,770.7,1481.1,1180.8,,,306.1,1074.0,1863.9,908.2,1973.2,,,529.5,1628.4,2817.6,3403.3,2588.8,,,584.7,2692.3,1573.4,3239.5,2622.4,,,341.8,2074.6,1858.2,2482.7,2668.6,,,,,,,,,,,,,,,,,92.6,276.2,103.3,488.1,929.1,,,260.8,901.4,720.3,1422.0,1585.8,,,642.4,1185.4,913.7,966.1,3959.4,,,137.4,409.5,458.5,536.5,1581.6,,,1204.3,1711.2,1602.6,1267.3,6057.8,,,4624.3,5939.1,6057.8,5609.1,7387.6,,,,,,,,,,,,,,,,,201.4,452.0,729.8,342.0,1138.7,,,420.6,1499.4,1899.0,1046.2,1881.3,,,761.9,1481.1,1473.9,1735.7,4696.0,,,1340.2,3122.6,2357.1,2716.5,6057.8,,,432.3,625.1,1167.2,1174.0,1824.6,,,3346.8,4149.2,6963.0,8779.5,5408.8,,,,,,,,,,,,,,,,,589.8,323.0,876.6,1459.7,1499.4,,,1119.7,2235.3,3671.4,5507.1,4454.3,,,308.2,919.2,1004.6,1432.1,3563.4,,,1249.0,2452.5,1881.3,4177.8,9999.9,,,1960.4,5457.5,3155.1,4885.3,8413.7,,,2338.9,9615.6,9930.9,9999.9,9999.9,,,,,,,,,,,,,,,,,471.0,973.9,651.3,1218.8,2656.9,,,1011.3,2534.6,1395.8,4121.0,3716.4,,,1316.9,1701.6,1428.7,1911.0,8532.2,,,603.3,695.5,1370.5,1529.7,2830.7,,,1776.5,4659.9,3834.1,3716.4,9615.6,,,7970.9,8186.3,9615.6,8779.5,9999.9,,,,,,,,,,,,,,,,,846.0,4093.1,3542.6,2110.7,5408.8,,,1018.1,5661.5,4624.3,7211.7,7572.3,,,8654.1,9465.4,9999.9,7572.3,9999.9,,,5939.1,7668.2,9999.9,9999.9,9999.9,,,2588.8,9999.9,8298.4,9999.9,9999.9,,,9930.9,9999.9,9999.9,9999.9,9999.9,,,,,,,,,,,,,,,,,,,,,,,,,,,,,,,,,,,,,,,,,,,,,,,,,,,,,,,,,,,,,,,,,,,,,,,,,,,,,,,,,,,,,,,,,,,,,,,,,,,,,,,,,,,,,,,,,,,,,,,,,,,,,,,,
20260930_平塚_1R,20260930,35,平塚,1,76.4,163.3,171.6,144.8,,,,35.8,71.7,18.3,102.1,,,,228.4,224.3,296.2,454.7,,,,85.0,47.8,171.8,397.0,,,,1401.6,999.0,1243.8,1091.9,,,,,,,,,,,,,,,,,,,,,,,,,40.3,62.7,74.1,343.9,,,,32.2,35.5,64.1,176.6,,,,25.8,21.8,36.6,26.3,,,,88.3,95.6,109.6,359.1,,,,795.8,596.2,245.1,611.7,,,,,,,,,,,,,,,,,,,,,,,,,15.3,26.5,7.9,136.4,,,,26.0,27.0,43.6,145.9,,,,105.1,69.5,165.9,178.8,,,,13.0,54.2,82.7,195.6,,,,588.7,727.9,632.3,703.4,,,,,,,,,,,,,,,,,,,,,,,,,199.3,290.2,328.3,500.8,,,,67.3,56.3,79.0,41.7,,,,243.2,93.6,230.1,248.4,,,,414.6,246.8,337.1,581.4,,,,420.1,85.0,447.1,345.8,,,,,,,,,,,,,,,,,,,,,,,,,155.4,34.1,155.8,401.3,,,,172.1,128.1,171.3,442.9,,,,18.5,107.4,134.1,346.5,,,,310.9,229.8,334.1,496.8,,,,1104.7,730.7,742.3,865.5,,,,,,,,,,,,,,,,,,,,,,,,,1998.0,1370.9,1455.9,1565.1,,,,1647.5,1269.0,482.8,1173.8,,,,1351.1,1422.8,1313.3,1552.1,,,,1004.3,438.8,1061.1,555.6,,,,1502.5,1152.2,1591.6,1351.1,,,,,,,,,,,,,,,,,,,,,,,,,,,,,,,,,,,,,,,,,,,,,,,,,,,,,,,,,,,,,,,,,,,,,,,,,,,,,,,,,,,,,,,,,,,,,,,,,,,,,,,,,,,,,,,,,,,,,,,,,,,,,,,,,,,,,,,,,,,,,,,,,,,,,,,,,,,,,,,,,,,,,,,,,,,,,,,,,,,,,,,,,,,,,,,,
20260930_平塚_2R,20260930,35,平塚,2,616.8,257.0,525.2,413.7,375.5,,,920.9,1233.6,946.9,902.4,1003.4,,,437.9,1139.5,1358.2,819.8,594.9,,,840.3,679.1,1169.2,1211.3,1545.5,,,307.6,413.7,417.5,814.9,560.2,,,572.1,1620.0,730.7,1527.9,1159.1,,,,,,,,,,,,,,,,,93.3,65.2,102.4,89.6,84.4,,,82.2,33.0,30.2,165.1,47.9,,,20.9,18.7,23.3,45.8,3.4,,,86.6,34.9,61.5,155.0,84.0,,,75.7,130.8,87.2,204.3,167.6,,,66.0,73.3,13.9,95.8,188.0,,,,,,,,,,,,,,,,,689.5,914.7,424.1,856.4,777.2,,,476.8,221.5,139.9,814.9,298.8,,,1344.6,515.1,476.8,2241.0,579.5,,,215.8,107.0,219.7,331.1,247.1,,,689.5,1139.5,1769.2,679.1,1920.9,,,1415.4,649.5,810.0,594.9,3361.5,,,,,,,,,,,,,,,,,276.6,946.9,967.3,781.7,460.4,,,67.5,95.1,83.6,131.8,14.2,,,1102.1,527.3,715.2,1920.9,747.0,,,908.5,337.8,631.2,1189.9,655.9,,,819.8,454.2,1600.7,1430.4,861.9,,,252.7,44.7,380.9,346.5,422.8,,,,,,,,,,,,,,,,,730.7,574.6,1211.3,1129.9,1256.6,,,314.9,146.9,162.1,572.1,317.8,,,268.9,107.5,227.9,531.4,296.1,,,763.9,322.4,408.7,1581.9,535.7,,,1050.4,1169.2,1358.2,2168.7,2318.3,,,1702.0,703.9,1129.9,810.0,2318.3,,,,,,,,,,,,,,,,,159.6,191.8,235.4,535.7,263.1,,,210.0,380.9,258.0,686.0,662.3,,,560.2,719.0,1084.3,755.4,1510.8,,,417.5,363.4,711.4,1075.7,490.7,,,1318.2,1139.5,814.9,1893.8,1920.9,,,1268.5,1358.2,3279.5,1415.4,2401.1,,,,,,,,,,,,,,,,,582.0,1358.2,790.9,1746.2,1769.2,,,217.9,316.3,62.2,377.7,631.2,,,1746.2,1149.2,1268.5,1386.2,3447.7,,,376.6,72.8,525.2,622.5,734.7,,,2204.3,830.0,1563.5,1233.6,2860.9,,,2006.9,1477.6,3127.0,1660.0,2401.1,,,,,,,,,,,,,,,,,,,,,,,,,,,,,,,,,,,,,,,,,,,,,,,,,,,,,,,,,,,,,,,,,,,,,,,,,,,,,,,,,,,,,,,,,,,,,,,,,,,,,,,,,,,,,,,,,,,,,,,,,,,,,,,,
20260930_平塚_3R,20260930,35,平塚,3,434.4,486.3,520.1,317.3,539.7,,,573.5,290.8,404.1,594.1,800.4,,,520.1,221.6,226.9,459.2,578.5,,,589.9,373.0,248.6,520.1,404.1,,,181.1,266.5,218.2,404.1,134.8,,,547.7,739.3,581.6,448.0,260.4,,,,,,,,,,,,,,,,,211.1,200.3,410.6,176.3,457.3,,,227.7,124.6,232.0,364.7,783.2,,,164.8,77.5,124.2,235.5,390.7,,,247.5,199.7,119.6,392.5,348.9,,,106.9,238.7,222.9,420.6,220.2,,,402.1,637.8,601.7,559.8,358.4,,,,,,,,,,,,,,,,,373.4,193.0,253.2,434.4,724.7,,,395.8,170.5,297.8,537.9,923.7,,,61.6,71.7,20.6,154.8,247.2,,,181.1,230.4,39.6,488.5,490.7,,,450.5,800.4,484.9,727.9,1014.6,,,1060.3,1391.4,697.1,852.1,1253.8,,,,,,,,,,,,,,,,,403.6,132.4,143.8,318.3,524.2,,,368.4,145.5,142.9,567.5,557.0,,,50.6,45.9,12.3,107.6,156.8,,,41.0,49.0,7.1,98.1,68.2,,,227.5,489.9,244.2,282.8,480.0,,,482.8,545.9,283.7,205.3,608.4,,,,,,,,,,,,,,,,,359.2,184.5,123.2,221.0,204.0,,,321.0,249.0,197.1,549.6,374.3,,,142.1,185.0,28.6,312.5,296.5,,,33.1,61.4,8.6,77.6,75.8,,,204.9,605.0,454.8,289.0,235.0,,,141.2,267.6,267.8,174.1,128.8,,,,,,,,,,,,,,,,,118.9,160.2,138.4,202.5,54.1,,,201.2,487.8,394.9,1149.0,495.1,,,342.4,881.7,457.3,849.9,830.6,,,221.3,642.8,286.2,378.6,544.1,,,248.8,1117.8,650.4,433.3,546.8,,,59.0,302.8,319.2,259.0,409.1,,,,,,,,,,,,,,,,,595.2,826.4,518.5,358.4,205.8,,,964.2,1498.9,1081.2,886.4,884.0,,,987.3,1268.3,615.2,732.8,990.2,,,537.9,701.6,315.8,243.9,586.7,,,248.6,408.6,408.6,224.4,256.2,,,82.3,387.5,411.1,307.3,275.2,,,,,,,,,,,,,,,,,,,,,,,,,,,,,,,,,,,,,,,,,,,,,,,,,,,,,,,,,,,,,,,,,,,,,,,,,,,,,,,,,,,,,,,,,,,,,,,,,,,,,,,,,,,,,,,,,,,,,,,,,,,,,,,,
20260930_平塚_4R,20260930,35,平塚,4,879.6,764.1,204.3,455.9,1413.9,,,800.9,688.8,201.1,415.2,1679.0,,,638.4,580.1,196.9,271.1,1160.2,,,108.0,117.5,128.9,55.1,363.7,,,277.3,312.9,182.0,72.2,519.6,,,2042.3,2494.5,1720.3,709.8,1137.5,,,,,,,,,,,,,,,,,1951.0,1338.0,774.3,949.0,2910.2,,,1655.1,1781.8,1036.3,1130.2,3600.3,,,1455.1,2297.5,909.4,866.5,2686.4,,,605.2,902.4,709.8,421.7,1425.4,,,759.2,870.9,594.9,395.5,1380.3,,,4258.9,4595.1,4420.6,2816.4,2984.9,,,,,,,,,,,,,,,,,491.1,436.5,193.9,232.8,1000.6,,,721.5,578.2,408.4,348.5,1279.2,,,375.5,382.9,166.6,183.1,747.8,,,161.0,179.3,115.8,64.1,395.9,,,179.4,180.5,127.7,65.5,370.3,,,1525.0,1828.4,1566.0,900.0,893.1,,,,,,,,,,,,,,,,,444.3,495.3,177.7,229.9,1003.5,,,683.4,520.4,359.6,360.0,1511.8,,,444.8,498.1,224.4,272.2,1179.8,,,105.7,149.7,153.9,41.0,371.5,,,130.2,162.7,174.7,41.8,385.0,,,1687.1,2103.8,1898.0,897.7,1024.1,,,,,,,,,,,,,,,,,81.6,105.3,57.1,30.6,276.9,,,164.4,207.2,165.7,93.9,400.4,,,135.6,141.7,103.7,58.4,364.9,,,45.6,89.9,72.6,19.7,184.3,,,19.0,43.1,35.4,11.7,81.0,,,548.2,640.7,646.7,466.2,261.0,,,,,,,,,,,,,,,,,136.7,140.1,89.3,40.4,271.5,,,156.2,150.2,133.2,69.0,311.5,,,100.3,96.8,79.3,36.1,228.7,,,61.9,86.0,85.5,21.4,180.1,,,21.7,37.6,34.2,12.6,81.8,,,418.7,488.4,442.6,348.8,207.0,,,,,,,,,,,,,,,,,3637.8,3036.8,2665.9,1772.7,2103.8,,,4207.6,4918.7,4595.1,3010.6,3263.8,,,3600.3,4989.0,4365.4,2886.2,2984.9,,,2910.2,4014.1,3968.5,1887.7,2030.4,,,1473.5,2155.7,2018.6,1467.3,802.8,,,1695.3,1847.8,2182.7,1385.8,714.1,,,,,,,,,,,,,,,,,,,,,,,,,,,,,,,,,,,,,,,,,,,,,,,,,,,,,,,,,,,,,,,,,,,,,,,,,,,,,,,,,,,,,,,,,,,,,,,,,,,,,,,,,,,,,,,,,,,,,,,,,,,,,,,,
20260930_平塚_5R,20260930,35,平塚,5,248.1,206.8,67.9,140.8,153.7,,,424.5,672.5,200.5,713.4,257.3,,,233.9,445.1,56.5,653.7,315.6,,,16.4,45.5,6.4,48.3,22.7,,,182.6,551.0,493.1,168.1,329.1,,,182.8,146.3,285.5,88.8,331.8,,,,,,,,,,,,,,,,,847.1,227.3,119.7,383.7,423.5,,,605.2,1090.9,750.5,1154.6,922.0,,,328.6,2194.6,312.2,1340.2,2452.7,,,107.7,603.3,153.6,377.9,609.2,,,299.5,604.3,491.1,268.6,511.9,,,579.1,716.1,1242.6,889.2,837.6,,,,,,,,,,,,,,,,,1460.2,1804.2,551.0,1924.4,594.7,,,684.8,1144.1,897.7,1631.6,1137.2,,,3026.4,3540.3,1914.6,4690.9,2220.5,,,475.0,1242.6,793.3,1839.5,744.5,,,2759.3,2108.2,5140.7,3235.1,2468.9,,,440.4,526.3,712.1,362.9,1230.4,,,,,,,,,,,,,,,,,778.5,1985.5,110.7,2194.6,1501.1,,,887.1,2220.5,552.6,2345.4,2436.8,,,2954.9,4415.0,1405.5,5003.6,2552.9,,,40.0,216.1,399.2,758.1,379.8,,,3643.4,2661.5,6052.8,1904.9,4467.5,,,1610.6,2552.9,1660.5,800.1,4937.8,,,,,,,,,,,,,,,,,16.9,38.5,4.7,49.3,20.7,,,78.7,374.5,107.0,338.6,319.3,,,166.7,595.6,259.1,1234.4,428.3,,,10.7,66.2,119.3,285.8,93.7,,,187.8,373.7,1054.1,400.9,698.8,,,76.6,346.1,206.9,132.4,621.3,,,,,,,,,,,,,,,,,391.3,1410.8,1008.8,312.2,796.7,,,289.1,714.8,436.8,265.2,547.0,,,2518.6,1705.8,3540.3,2017.6,2132.2,,,2006.8,1507.1,3909.1,1745.4,4750.3,,,258.8,399.6,1563.6,466.7,1057.1,,,1340.2,1312.1,1638.7,2680.5,1795.5,,,,,,,,,,,,,,,,,394.6,194.2,277.1,113.4,781.8,,,461.0,433.3,591.9,488.6,964.7,,,118.6,228.2,145.9,75.8,593.7,,,514.7,942.9,539.9,286.4,3076.0,,,68.1,384.8,116.2,73.0,786.7,,,1110.2,1090.9,1501.1,2485.2,1617.5,,,,,,,,,,,,,,,,,,,,,,,,,,,,,,,,,,,,,,,,,,,,,,,,,,,,,,,,,,,,,,,,,,,,,,,,,,,,,,,,,,,,,,,,,,,,,,,,,,,,,,,,,,,,,,,,,,,,,,,,,,,,,,,,
20260930_平塚_6R,20260930,35,平塚,6,1426.9,1543.0,1813.5,1842.9,981.0,,,883.8,299.4,656.8,1094.2,1068.5,,,1164.2,333.2,981.0,1580.5,1152.4,,,1468.4,842.9,1138.0,1164.2,1704.8,,,2473.9,2370.8,3034.7,2127.1,2571.7,,,1164.2,1543.0,1463.6,1792.1,2395.8,,,,,,,,,,,,,,,,,1247.1,1185.4,1445.1,1383.6,870.3,,,733.0,318.1,482.7,897.8,284.6,,,662.6,220.6,268.2,447.5,133.4,,,687.6,332.5,279.9,326.0,144.2,,,1032.2,981.0,711.2,473.1,186.7,,,254.7,123.2,91.0,86.6,53.9,,,,,,,,,,,,,,,,,450.2,131.5,244.0,482.7,478.6,,,564.7,254.8,401.0,788.9,352.0,,,32.7,53.0,48.3,181.9,57.2,,,138.2,264.5,78.1,223.0,218.1,,,1110.2,1250.5,847.6,811.4,1497.3,,,402.1,310.7,155.9,324.6,915.9,,,,,,,,,,,,,,,,,420.7,126.0,403.1,502.9,368.2,,,196.4,73.3,103.7,177.7,33.9,,,17.5,20.8,26.2,99.1,23.5,,,211.5,103.9,62.0,181.9,88.9,,,758.6,437.2,392.0,510.8,418.3,,,170.4,24.8,52.0,72.6,147.2,,,,,,,,,,,,,,,,,501.3,264.9,382.8,447.1,677.3,,,220.3,97.8,99.2,109.0,61.8,,,65.1,83.9,31.7,96.6,127.3,,,178.5,56.4,36.6,110.5,51.5,,,226.1,126.5,149.4,176.9,121.5,,,239.9,29.9,101.8,61.2,89.0,,,,,,,,,,,,,,,,,2543.0,2299.0,3034.7,1953.6,3075.7,,,2147.2,1750.7,1409.3,1143.7,919.6,,,1842.9,1580.5,1233.6,1323.2,2242.4,,,2434.2,1482.7,1223.6,1379.4,1558.9,,,1027.5,680.4,709.0,989.5,903.1,,,2631.2,678.4,2792.6,1785.1,1454.3,,,,,,,,,,,,,,,,,504.6,741.3,625.2,915.9,774.1,,,129.3,75.6,31.8,43.4,28.5,,,305.5,163.8,119.2,268.4,691.8,,,256.4,49.3,73.4,96.8,182.0,,,467.3,59.5,230.2,119.1,181.7,,,774.1,175.5,882.1,442.3,389.7,,,,,,,,,,,,,,,,,,,,,,,,,,,,,,,,,,,,,,,,,,,,,,,,,,,,,,,,,,,,,,,,,,,,,,,,,,,,,,,,,,,,,,,,,,,,,,,,,,,,,,,,,,,,,,,,,,,,,,,,,,,,,,,,
20260930_平塚_7R,20260930,35,平塚,7,115.2,182.3,127.2,121.9,147.3,,,69.0,34.2,174.1,109.9,18.4,,,205.6,99.5,401.8,373.2,120.0,,,115.0,178.2,403.9,186.2,131.1,,,112.5,163.2,262.6,213.6,202.3,,,53.0,21.6,57.0,75.5,122.6,,,,,,,,,,,,,,,,,307.0,733.0,455.0,244.3,288.3,,,632.7,1270.5,1331.5,1047.5,572.0,,,1362.3,1834.1,2561.8,2023.1,1752.3,,,526.0,800.3,1863.1,460.3,807.1,,,204.6,480.5,1022.5,304.7,474.7,,,605.1,720.7,1374.2,1020.3,927.9,,,,,,,,,,,,,,,,,158.9,70.2,266.6,288.6,36.6,,,454.5,564.5,829.8,917.0,387.9,,,66.5,251.9,368.8,376.8,25.3,,,572.7,874.5,626.0,946.5,378.3,,,719.6,779.1,969.9,1141.3,674.3,,,21.6,81.3,8.9,113.7,137.2,,,,,,,,,,,,,,,,,592.1,253.5,1018.1,1270.5,300.6,,,1358.4,1172.5,2192.4,2380.7,1525.5,,,163.9,405.6,742.3,725.2,55.9,,,1799.1,2085.7,1587.1,3206.6,1980.5,,,2480.9,2356.9,1863.1,4028.9,3273.4,,,276.3,672.4,87.6,982.0,1411.3,,,,,,,,,,,,,,,,,308.4,454.5,759.0,561.1,336.7,,,394.7,505.2,1015.9,233.4,511.8,,,708.8,529.0,632.7,1187.3,342.3,,,1463.9,1545.5,1398.7,3185.0,1520.5,,,555.8,167.7,736.5,1739.4,606.6,,,305.6,309.7,242.7,786.9,412.7,,,,,,,,,,,,,,,,,391.1,624.3,1320.3,702.5,864.9,,,198.5,431.6,807.1,232.4,430.4,,,1109.1,1040.5,1181.4,1597.9,1253.6,,,3080.9,2132.9,2277.2,3863.7,4621.3,,,619.4,287.7,812.7,1701.7,933.4,,,1106.5,1020.3,1199.4,2356.9,1250.3,,,,,,,,,,,,,,,,,66.1,24.8,71.2,97.8,154.5,,,169.0,125.1,425.8,208.2,255.7,,,16.0,24.8,8.7,43.4,91.9,,,137.2,269.3,45.4,496.7,819.7,,,118.9,120.8,85.7,280.0,138.0,,,416.0,328.4,360.9,1054.5,407.4,,,,,,,,,,,,,,,,,,,,,,,,,,,,,,,,,,,,,,,,,,,,,,,,,,,,,,,,,,,,,,,,,,,,,,,,,,,,,,,,,,,,,,,,,,,,,,,,,,,,,,,,,,,,,,,,,,,,,,,,,,,,,,,,
20260930_平塚_8R,20260930,35,平塚,8,750.9,761.2,926.5,728.7,420.6,,,402.3,988.4,135.6,734.7,101.4,,,1562.7,2133.7,2465.6,2610.6,1243.1,,,519.6,134.7,1305.3,642.2,149.8,,,818.8,1041.8,2186.2,1061.7,779.9,,,95.6,37.4,274.6,51.2,172.0,,,,,,,,,,,,,,,,,1046.7,960.6,1286.4,1161.8,604.6,,,821.8,627.7,276.1,640.4,469.1,,,749.6,557.5,675.5,230.4,547.2,,,1209.3,314.0,682.7,754.7,582.4,,,673.4,417.5,156.9,571.9,417.9,,,459.9,385.9,593.3,589.3,560.3,,,,,,,,,,,,,,,,,256.6,659.4,57.9,511.9,71.4,,,301.3,375.1,109.9,364.9,185.7,,,1551.8,903.9,567.5,1674.7,934.3,,,21.4,20.1,106.0,83.3,8.3,,,814.3,525.8,1336.8,364.6,590.9,,,45.5,88.3,287.2,24.8,239.9,,,,,,,,,,,,,,,,,2626.1,3893.1,3413.9,2919.8,2335.8,,,1585.0,1222.6,1386.9,516.6,1271.6,,,4308.9,1929.6,1631.6,2673.6,2507.4,,,3893.1,2230.2,1579.4,3103.6,2722.8,,,4438.1,677.5,3103.6,4109.4,3192.9,,,2103.4,1608.0,2175.5,2479.4,2287.7,,,,,,,,,,,,,,,,,410.1,77.2,821.8,534.0,77.5,,,601.3,174.1,398.4,562.5,311.2,,,22.1,30.0,116.5,78.2,10.2,,,1796.8,1171.0,721.6,2311.5,1316.9,,,1069.4,455.1,548.6,1826.4,687.0,,,48.9,115.9,26.2,376.7,250.0,,,,,,,,,,,,,,,,,1608.0,2035.8,2641.7,1706.9,777.2,,,866.8,517.8,181.0,700.0,439.8,,,1573.8,1006.3,1637.7,909.4,1098.5,,,2808.9,550.6,2083.6,3550.5,2438.5,,,1921.2,1226.0,936.3,2939.1,1369.8,,,621.5,541.2,868.5,1222.6,979.7,,,,,,,,,,,,,,,,,44.6,22.3,150.6,27.8,94.5,,,79.6,104.5,178.5,138.1,161.1,,,31.8,67.7,214.0,23.4,182.7,,,409.8,468.1,603.0,802.5,1039.3,,,33.1,100.8,23.3,328.9,219.8,,,144.3,164.1,268.3,549.9,253.0,,,,,,,,,,,,,,,,,,,,,,,,,,,,,,,,,,,,,,,,,,,,,,,,,,,,,,,,,,,,,,,,,,,,,,,,,,,,,,,,,,,,,,,,,,,,,,,,,,,,,,,,,,,,,,,,,,,,,,,,,,,,,,,,
20260930_平塚_9R,20260930,35,平塚,9,294.7,34.2,37.3,88.0,37.0,,,929.3,929.3,563.2,1250.1,1223.7,,,56.4,344.6,44.6,314.5,123.0,,,64.0,166.2,61.8,252.8,132.5,,,275.7,1031.6,538.0,526.9,374.3,,,99.4,524.3,224.8,188.9,200.1,,,,,,,,,,,,,,,,,327.4,43.2,43.5,106.7,51.5,,,914.7,820.5,769.0,1562.6,1174.1,,,36.3,224.1,15.6,120.7,28.1,,,50.4,136.2,28.3,172.3,85.9,,,226.6,1101.1,324.7,269.3,142.9,,,48.1,337.1,33.1,57.7,26.5,,,,,,,,,,,,,,,,,3236.3,3080.0,1435.9,4113.3,4035.2,,,3220.0,2490.4,2405.9,4521.7,3960.0,,,3706.7,3065.2,1076.9,6375.6,5496.2,,,993.0,1482.7,817.3,2821.0,1630.6,,,4866.9,5592.6,7245.0,5060.0,6505.7,,,5743.8,4904.3,5796.0,3622.5,6250.6,,,,,,,,,,,,,,,,,60.8,355.1,47.1,352.2,194.9,,,43.6,169.7,14.5,132.7,34.8,,,778.4,731.1,396.9,1848.0,1322.7,,,27.0,13.1,28.6,181.8,65.5,,,752.7,458.6,2063.3,642.0,631.8,,,312.6,126.2,808.0,198.0,378.3,,,,,,,,,,,,,,,,,116.2,134.5,86.3,534.8,284.6,,,102.1,197.9,56.0,444.9,184.9,,,147.8,331.8,140.9,806.0,446.4,,,58.6,40.8,53.8,292.5,109.3,,,1309.1,1093.5,1723.1,1033.3,1035.0,,,460.3,305.9,647.2,306.9,642.7,,,,,,,,,,,,,,,,,1082.4,4086.9,2965.4,2760.0,1410.5,,,1028.3,4035.2,1146.7,1790.9,669.7,,,5544.0,5796.0,5403.0,6130.4,6711.2,,,3483.9,1320.0,5449.2,2076.7,2612.9,,,3203.8,2011.2,4586.8,2268.9,2833.6,,,1219.0,662.7,3911.4,2043.4,1826.8,,,,,,,,,,,,,,,,,279.7,1262.5,541.2,565.7,564.2,,,149.6,615.4,147.8,165.9,137.4,,,3391.3,2560.5,3911.4,2520.0,4113.3,,,629.3,287.1,1660.3,445.8,712.3,,,696.0,388.0,925.3,503.2,904.3,,,649.9,324.1,2036.9,858.0,768.1,,,,,,,,,,,,,,,,,,,,,,,,,,,,,,,,,,,,,,,,,,,,,,,,,,,,,,,,,,,,,,,,,,,,,,,,,,,,,,,,,,,,,,,,,,,,,,,,,,,,,,,,,,,,,,,,,,,,,,,,,,,,,,,,
20260930_平塚_10R,20260930,35,平塚,10,197.5,77.4,604.5,378.4,116.4,,,123.2,27.9,270.3,128.9,31.7,,,31.5,11.7,45.1,13.5,4.4,,,951.8,809.1,401.9,1188.4,399.9,,,304.6,187.8,52.5,503.4,75.9,,,47.6,15.7,5.3,94.0,32.9,,,,,,,,,,,,,,,,,872.2,675.6,2598.7,2026.8,814.4,,,2020.3,3705.9,7368.2,5133.6,3842.3,,,956.1,2446.4,3727.9,3818.8,1538.8,,,5352.9,8133.7,5010.3,6456.6,6807.6,,,4505.7,5853.2,6200.9,7637.7,8240.7,,,1164.1,2899.5,1605.8,5133.6,4970.6,,,,,,,,,,,,,,,,,1047.3,397.3,2495.2,1324.1,382.3,,,2066.9,4147.6,6882.4,5050.8,3641.2,,,589.7,2746.9,4970.6,2968.2,727.4,,,6662.7,7368.2,7828.7,8698.6,6807.6,,,2577.3,4505.7,4817.6,7455.9,4040.6,,,562.2,2872.9,793.7,4605.1,2699.5,,,,,,,,,,,,,,,,,93.6,46.5,164.1,50.2,19.2,,,315.9,590.8,1969.4,1764.2,412.0,,,158.6,484.3,1501.9,718.2,197.4,,,1042.0,2746.9,2771.2,3228.3,1565.7,,,257.5,1477.1,868.6,1921.1,400.9,,,32.8,194.8,99.7,484.0,190.0,,,,,,,,,,,,,,,,,5908.4,5693.6,4040.6,6080.5,4231.7,,,5263.0,9210.2,4349.3,6807.6,8133.7,,,7545.7,9999.9,8463.5,8821.1,9999.9,,,4410.5,7637.7,8029.4,6958.8,7037.0,,,7545.7,8579.4,4066.8,7198.8,9999.9,,,4379.7,8579.4,7282.5,7037.0,9635.3,,,,,,,,,,,,,,,,,3313.7,2723.0,1892.1,6262.9,2073.8,,,4817.6,6807.6,6140.1,9999.9,9785.9,,,3795.7,6592.6,5493.8,9999.9,5799.0,,,2456.0,5908.4,5050.8,9076.8,3518.5,,,8240.7,9941.2,9999.9,9785.9,9999.9,,,2080.7,6200.9,4473.5,3367.2,9076.8,,,,,,,,,,,,,,,,,118.5,51.7,17.9,222.9,114.8,,,450.2,1142.8,658.5,2182.2,1720.6,,,175.0,725.7,243.4,1225.6,649.6,,,30.7,242.0,111.8,447.9,202.7,,,992.5,3331.3,2795.9,1665.6,3011.0,,,438.8,1512.8,974.0,625.6,1734.9,,,,,,,,,,,,,,,,,,,,,,,,,,,,,,,,,,,,,,,,,,,,,,,,,,,,,,,,,,,,,,,,,,,,,,,,,,,,,,,,,,,,,,,,,,,,,,,,,,,,,,,,,,,,,,,,,,,,,,,,,,,,,,,,
20260930_平塚_11R,20260930,35,平塚,11,1338.2,694.3,512.7,605.1,998.2,,,2142.8,1759.7,1750.5,1890.2,2701.8,,,809.0,1090.2,766.0,562.0,760.7,,,587.2,1033.5,821.7,814.9,1412.3,,,498.1,809.6,281.9,341.6,339.3,,,1013.5,1769.1,653.7,840.4,485.9,,,,,,,,,,,,,,,,,438.7,127.2,141.2,105.1,248.9,,,386.8,153.0,45.9,335.3,330.8,,,128.0,128.6,47.1,106.4,152.2,,,37.6,6.4,14.6,19.7,22.0,,,69.1,248.0,100.2,64.3,85.3,,,108.9,211.6,126.0,61.6,47.2,,,,,,,,,,,,,,,,,2180.4,1957.2,1629.9,2390.1,3336.5,,,979.5,505.7,173.7,888.5,970.0,,,1593.4,720.4,568.1,1464.3,2616.5,,,654.9,116.1,327.4,573.7,883.8,,,2229.3,1848.1,1980.6,1470.8,3440.4,,,3766.2,2008.6,3136.5,1855.0,3589.4,,,,,,,,,,,,,,,,,390.9,408.4,333.2,338.3,747.5,,,196.6,225.0,74.7,159.9,231.6,,,655.8,483.1,324.8,802.4,1432.6,,,175.2,63.5,119.8,159.3,490.5,,,191.3,227.1,422.5,220.8,498.8,,,876.0,470.7,1244.4,787.8,515.7,,,,,,,,,,,,,,,,,246.1,472.3,452.5,509.1,816.3,,,50.9,7.8,17.0,30.4,44.9,,,207.4,31.4,73.2,185.1,255.2,,,264.7,55.2,98.9,216.4,418.6,,,267.1,137.8,302.3,252.2,393.3,,,641.4,184.0,393.1,515.7,430.7,,,,,,,,,,,,,,,,,257.3,511.2,157.8,202.8,174.9,,,276.0,792.2,326.6,261.3,383.3,,,1520.3,1603.6,1284.6,1296.3,2517.1,,,309.5,462.8,816.3,387.7,639.8,,,404.1,291.0,538.0,416.8,641.8,,,151.3,338.7,930.9,424.0,377.4,,,,,,,,,,,,,,,,,722.0,1744.3,695.7,848.3,297.8,,,268.1,670.0,353.4,201.0,134.6,,,2367.3,1329.2,2280.4,1447.2,2436.9,,,991.3,632.4,2190.0,1205.1,617.5,,,1119.6,271.2,541.5,1044.4,638.5,,,105.8,168.8,1009.4,350.4,249.6,,,,,,,,,,,,,,,,,,,,,,,,,,,,,,,,,,,,,,,,,,,,,,,,,,,,,,,,,,,,,,,,,,,,,,,,,,,,,,,,,,,,,,,,,,,,,,,,,,,,,,,,,,,,,,,,,,,,,,,,,,,,,,,,
20260930_奈良_1R,20260930,53,奈良,1,20.5,13.3,67.1,79.9,473.1,,,40.4,83.7,247.0,227.3,695.6,,,20.7,41.2,18.9,64.4,507.6,,,362.0,512.7,172.8,391.1,2709.5,,,257.9,384.1,215.5,417.1,2127.2,,,1812.6,2738.3,2109.8,3526.0,3386.8,,,,,,,,,,,,,,,,,19.1,9.0,33.6,63.4,310.4,,,11.1,25.6,71.9,53.2,116.8,,,28.3,77.5,72.4,192.9,754.8,,,241.0,537.3,336.9,462.9,2709.5,,,189.6,260.0,312.7,348.3,1361.9,,,1414.3,872.5,2298.2,3177.8,1920.9,,,,,,,,,,,,,,,,,49.7,96.0,260.2,236.3,794.4,,,22.3,49.5,126.1,72.3,178.0,,,125.3,152.6,302.8,417.8,860.8,,,846.7,809.4,971.3,1347.6,2109.8,,,369.3,327.4,525.3,939.4,1550.6,,,1950.0,792.0,2548.5,2574.0,1995.3,,,,,,,,,,,,,,,,,45.0,47.8,13.0,58.4,614.3,,,81.8,176.7,196.0,397.2,1588.9,,,142.7,245.8,288.8,478.4,1293.4,,,57.0,361.5,339.1,173.4,1995.3,,,237.2,575.8,537.3,340.9,2925.0,,,2574.0,4219.7,4362.7,2181.3,4950.0,,,,,,,,,,,,,,,,,1219.9,1361.9,460.4,1054.9,5476.6,,,982.4,1523.0,1618.8,2318.9,5362.5,,,1462.5,2092.7,1704.6,2626.5,8303.3,,,394.7,1496.5,1267.9,878.5,5986.1,,,1608.7,3300.0,2523.5,1414.3,6773.7,,,9999.9,8875.9,9533.4,9999.9,9999.9,,,,,,,,,,,,,,,,,278.2,369.3,261.5,502.7,1775.1,,,240.7,283.1,373.5,763.8,1255.6,,,262.3,224.2,236.8,452.3,967.6,,,195.1,275.5,260.2,281.6,1414.3,,,794.4,1144.0,1219.9,809.4,2828.6,,,3526.0,3258.2,2767.7,3730.4,3730.4,,,,,,,,,,,,,,,,,3841.8,6278.1,4766.7,8875.9,7354.3,,,3478.4,2092.7,6773.7,8580.1,6600.0,,,5362.5,1995.3,7354.3,8043.8,5850.0,,,5986.1,4950.0,9999.9,9999.9,9192.9,,,9533.4,8875.9,9533.4,9999.9,9533.4,,,7354.3,6773.7,6956.8,8580.1,8303.3,,,,,,,,,,,,,,,,,,,,,,,,,,,,,,,,,,,,,,,,,,,,,,,,,,,,,,,,,,,,,,,,,,,,,,,,,,,,,,,,,,,,,,,,,,,,,,,,,,,,,,,,,,,,,,,,,,,,,,,,,,,,,,,,
20260930_奈良_2R,20260930,53,奈良,2,26.8,7.0,31.4,28.5,18.2,,,202.0,186.5,477.8,511.8,1021.7,,,23.4,36.3,97.2,56.7,292.5,,,136.4,342.2,196.1,107.6,724.3,,,71.9,278.5,134.2,58.0,580.1,,,358.8,1504.4,810.1,1711.3,1813.3,,,,,,,,,,,,,,,,,44.5,15.7,66.8,65.2,37.9,,,282.8,350.1,677.7,934.5,1233.4,,,51.8,140.2,246.9,217.6,325.9,,,296.9,883.2,669.4,436.7,1175.1,,,175.8,459.4,268.9,257.1,800.6,,,278.2,1069.5,691.4,1216.9,1610.6,,,,,,,,,,,,,,,,,440.9,508.9,1061.3,1131.4,2794.0,,,620.9,587.5,1160.2,1755.2,1504.4,,,264.5,238.5,376.1,460.9,1082.2,,,1837.7,1555.7,1057.2,1279.5,4978.5,,,1426.1,1941.9,1057.2,872.0,5368.9,,,3856.5,6223.1,3968.3,6678.4,9779.1,,,,,,,,,,,,,,,,,53.6,75.2,201.6,206.1,462.5,,,71.7,150.4,314.3,340.5,416.7,,,70.9,69.2,74.5,112.8,302.8,,,315.0,256.8,173.4,162.5,1131.4,,,225.1,323.2,105.8,105.8,1195.7,,,1250.3,1591.9,1369.0,2320.4,3183.9,,,,,,,,,,,,,,,,,323.2,903.6,448.1,147.6,1700.7,,,418.6,1073.7,645.7,200.0,1355.5,,,1108.5,1206.2,586.3,396.2,2401.9,,,477.8,481.2,327.1,141.8,1397.0,,,63.3,73.3,118.7,63.8,374.0,,,4086.8,3911.6,5265.7,3339.2,2043.4,,,,,,,,,,,,,,,,,60.6,258.3,124.7,48.3,616.7,,,129.0,400.3,281.1,133.0,464.0,,,530.6,693.2,291.6,242.1,1875.4,,,158.6,198.8,68.2,64.6,1155.3,,,23.0,37.9,35.5,16.2,148.9,,,2090.2,2423.1,3299.0,3339.2,1273.5,,,,,,,,,,,,,,,,,957.4,4720.9,2882.2,5952.5,4086.8,,,853.0,4563.6,3259.7,4563.6,5704.5,,,6223.1,8832.8,5588.1,7020.9,8297.5,,,3221.3,3422.7,3911.6,4086.8,6678.4,,,7606.0,6845.4,6223.1,5588.1,6084.8,,,4416.4,7400.4,6678.4,8053.4,4803.8,,,,,,,,,,,,,,,,,,,,,,,,,,,,,,,,,,,,,,,,,,,,,,,,,,,,,,,,,,,,,,,,,,,,,,,,,,,,,,,,,,,,,,,,,,,,,,,,,,,,,,,,,,,,,,,,,,,,,,,,,,,,,,,,
20260930_奈良_3R,20260930,53,奈良,3,14.7,11.6,7.1,54.9,64.1,,,23.4,38.8,53.6,154.8,30.6,,,6.1,9.9,16.6,69.1,37.5,,,32.7,85.6,68.3,120.0,207.6,,,289.9,428.2,435.1,336.2,601.4,,,162.1,104.7,149.1,274.2,413.0,,,,,,,,,,,,,,,,,72.5,25.2,42.1,123.0,177.9,,,170.4,344.8,231.5,523.7,189.9,,,103.2,394.1,278.5,567.0,725.3,,,102.5,206.8,206.9,32.3,460.6,,,619.5,919.7,922.8,208.7,1565.1,,,579.3,513.7,1092.4,669.0,1233.3,,,,,,,,,,,,,,,,,167.7,101.4,349.8,660.8,154.2,,,247.3,573.1,418.1,922.8,344.8,,,354.4,791.8,1495.1,2347.7,735.2,,,932.5,1006.1,1808.3,1858.6,1062.0,,,1262.4,2524.9,4248.2,2847.2,2676.3,,,142.4,167.5,308.3,495.6,691.5,,,,,,,,,,,,,,,,,55.0,86.8,102.5,325.5,170.5,,,152.2,613.8,594.7,1454.5,1148.6,,,401.2,913.4,1820.6,3475.8,1211.0,,,646.4,1163.6,1898.1,1693.9,2759.1,,,2158.3,3994.6,5575.8,5247.8,5947.5,,,926.0,2623.9,1538.1,3717.2,4460.6,,,,,,,,,,,,,,,,,403.6,1006.1,578.0,994.9,1662.3,,,285.9,573.1,552.9,302.7,1049.5,,,1662.3,1462.5,3521.5,3007.1,2703.4,,,1129.2,1470.5,3521.5,1953.5,5462.0,,,1438.9,691.5,2598.4,3304.1,2598.4,,,2676.3,3148.7,3769.5,6372.3,2368.4,,,,,,,,,,,,,,,,,1503.5,2433.0,2389.6,2389.6,4387.5,,,1486.8,3112.0,2573.4,1057.8,4316.7,,,2909.1,3666.2,4866.1,5575.8,5462.0,,,3666.2,4695.4,7233.5,8110.2,8921.3,,,2573.4,1148.6,4866.1,4866.1,4866.1,,,6690.9,8110.2,6082.7,7871.7,5694.4,,,,,,,,,,,,,,,,,849.6,521.7,711.8,1262.4,2175.9,,,1057.8,745.5,2027.5,1318.4,2548.9,,,325.9,310.4,554.1,818.4,1053.6,,,1268.4,2676.3,1438.9,3666.2,5947.5,,,3345.4,3007.1,2759.1,4387.5,2455.4,,,5146.9,6690.9,4536.2,6862.5,2193.7,,,,,,,,,,,,,,,,,,,,,,,,,,,,,,,,,,,,,,,,,,,,,,,,,,,,,,,,,,,,,,,,,,,,,,,,,,,,,,,,,,,,,,,,,,,,,,,,,,,,,,,,,,,,,,,,,,,,,,,,,,,,,,,,
20260930_奈良_4R,20260930,53,奈良,4,67.4,127.6,46.5,59.4,188.5,,,125.7,211.1,164.7,297.6,751.5,,,385.9,356.6,421.1,678.5,1191.4,,,47.8,100.5,145.8,97.7,297.8,,,131.5,316.9,515.5,256.8,356.2,,,601.7,1576.3,1656.9,986.8,852.2,,,,,,,,,,,,,,,,,28.6,51.0,22.1,28.2,82.1,,,34.2,21.3,78.6,42.7,167.4,,,83.9,49.6,147.2,130.3,347.2,,,28.7,125.2,173.0,87.0,277.0,,,13.0,26.2,32.7,41.9,7.6,,,190.9,436.5,415.6,571.8,76.8,,,,,,,,,,,,,,,,,157.9,240.3,238.6,342.8,1106.3,,,108.8,83.6,228.8,107.8,468.1,,,110.6,82.3,239.5,202.4,494.7,,,381.8,463.8,471.8,736.0,1979.1,,,493.4,257.2,478.1,875.3,706.8,,,2199.0,2024.1,1957.4,3789.9,1460.0,,,,,,,,,,,,,,,,,638.4,526.2,915.8,1344.3,2491.2,,,465.0,195.2,904.1,574.5,1583.3,,,236.5,165.4,441.9,417.6,1000.7,,,1096.1,1656.9,947.4,2440.0,4453.1,,,1855.4,809.6,1009.2,2678.5,1746.3,,,4880.1,4567.3,3044.8,6038.1,5317.1,,,,,,,,,,,,,,,,,18.4,71.8,65.1,46.7,148.5,,,44.6,250.0,299.1,115.9,370.7,,,252.6,401.1,460.8,715.3,1466.0,,,484.0,734.5,828.4,1672.5,3180.8,,,350.9,308.4,1047.7,1295.4,730.0,,,1590.4,2047.4,3492.6,3492.6,1990.2,,,,,,,,,,,,,,,,,169.6,471.8,873.1,441.4,506.7,,,58.5,88.3,136.3,116.2,43.7,,,532.5,261.7,520.0,965.4,1032.6,,,1754.9,565.4,1026.6,2562.9,1339.2,,,678.5,442.5,1179.6,1957.4,1349.4,,,614.2,191.6,937.5,1113.2,1029.6,,,,,,,,,,,,,,,,,1562.5,4002.8,4626.6,2920.0,2240.5,,,1241.2,2269.1,2698.8,2456.9,412.3,,,4626.6,3329.4,3492.6,6361.6,4398.1,,,5937.5,5317.1,4626.6,6477.3,5089.3,,,3914.8,3672.6,5317.1,6985.3,4142.4,,,1548.9,404.3,2658.5,2719.4,2212.7,,,,,,,,,,,,,,,,,,,,,,,,,,,,,,,,,,,,,,,,,,,,,,,,,,,,,,,,,,,,,,,,,,,,,,,,,,,,,,,,,,,,,,,,,,,,,,,,,,,,,,,,,,,,,,,,,,,,,,,,,,,,,,,,
20260930_奈良_5R,20260930,53,奈良,5,10.3,28.7,121.1,129.2,207.7,,,4.8,19.9,59.8,8.8,82.2,,,100.1,105.2,429.5,554.7,718.3,,,671.2,408.4,1033.7,1658.9,1030.7,,,550.3,231.4,975.8,1777.4,2307.1,,,631.1,486.5,1276.1,504.9,1935.4,,,,,,,,,,,,,,,,,10.8,28.2,158.7,145.2,240.5,,,14.4,42.7,230.8,120.4,378.6,,,27.4,31.2,124.5,194.0,196.3,,,727.3,873.1,691.2,1759.5,1180.9,,,765.6,800.8,981.3,2163.8,2721.7,,,782.8,904.8,742.8,611.2,2049.3,,,,,,,,,,,,,,,,,9.8,28.8,72.7,13.4,87.0,,,33.9,83.9,389.2,180.3,642.7,,,136.4,197.8,770.7,459.6,1562.2,,,461.4,1555.2,1843.3,1643.3,2488.4,,,213.7,483.1,696.7,1824.0,2369.9,,,692.6,1469.9,2204.9,1528.0,3056.0,,,,,,,,,,,,,,,,,278.2,370.2,1334.8,1534.7,1691.1,,,165.8,191.9,481.8,699.5,739.6,,,410.8,374.6,1627.9,1304.8,2952.4,,,2700.6,2124.2,3382.3,5199.7,6451.5,,,3554.9,2488.4,3667.2,4976.9,8709.6,,,4004.4,2402.6,4354.8,4584.0,8709.6,,,,,,,,,,,,,,,,,2470.8,1421.9,2659.4,4906.8,3554.9,,,2191.0,2764.9,2292.0,5359.7,3591.5,,,1457.6,3349.8,3415.5,2879.2,4004.4,,,4301.0,3786.7,4772.3,9999.9,8101.9,,,9168.0,9999.9,8294.8,9677.3,9999.9,,,1990.7,2927.6,1990.7,3554.9,5049.0,,,,,,,,,,,,,,,,,2721.7,765.6,4050.9,9168.0,9677.3,,,3286.6,2903.2,2832.3,9999.9,8294.8,,,742.8,2619.4,4147.4,8497.1,9677.3,,,5619.1,4409.9,6699.7,9999.9,9999.9,,,8294.8,9999.9,9168.0,9999.9,9999.9,,,9999.9,9999.9,9999.9,9999.9,9999.9,,,,,,,,,,,,,,,,,1786.5,853.8,3415.5,1280.8,4976.9,,,1914.2,2292.0,1674.9,1903.7,7573.5,,,1521.3,2659.4,5049.0,2721.7,4772.3,,,4838.6,3003.3,6573.2,6112.0,9999.9,,,1222.4,1612.8,1197.1,2233.2,2419.3,,,7573.5,9677.3,9415.8,9999.9,9999.9,,,,,,,,,,,,,,,,,,,,,,,,,,,,,,,,,,,,,,,,,,,,,,,,,,,,,,,,,,,,,,,,,,,,,,,,,,,,,,,,,,,,,,,,,,,,,,,,,,,,,,,,,,,,,,,,,,,,,,,,,,,,,,,,
20260930_奈良_6R,20260930,53,奈良,6,12.0,7.8,101.8,52.1,94.3,,,9.5,13.6,107.5,70.1,21.6,,,18.3,42.4,155.6,56.1,201.7,,,553.5,550.9,579.0,782.8,1326.4,,,272.6,352.2,226.3,576.2,1078.2,,,410.1,247.1,476.2,970.9,968.3,,,,,,,,,,,,,,,,,15.7,14.1,152.4,64.9,177.6,,,76.2,124.4,303.5,280.3,300.9,,,14.1,45.5,53.2,11.8,290.4,,,700.1,1091.6,489.5,774.2,2043.5,,,266.2,490.9,110.2,419.9,1301.8,,,779.3,944.8,968.3,1840.2,1784.2,,,,,,,,,,,,,,,,,83.1,94.2,361.6,251.7,101.2,,,177.5,271.4,1098.4,765.7,674.6,,,307.2,399.8,1357.1,704.4,894.3,,,1434.6,2196.8,2642.8,3905.5,4286.5,,,1030.7,1534.9,1464.5,3347.5,2267.7,,,385.8,1156.2,1115.8,2267.7,2238.8,,,,,,,,,,,,,,,,,53.7,137.5,355.0,104.3,617.7,,,41.3,80.8,100.4,33.1,384.5,,,240.5,229.8,894.3,417.9,898.9,,,960.3,530.1,1311.5,499.9,2424.1,,,138.8,81.8,323.9,268.1,1024.7,,,1714.6,1681.8,2183.2,2642.8,1627.2,,,,,,,,,,,,,,,,,1869.6,2374.9,2374.9,3514.9,4950.6,,,1879.6,2767.6,1301.8,2020.0,5094.1,,,2834.6,3905.5,3994.2,6390.8,6509.1,,,2953.7,1541.6,3412.5,1627.2,7173.3,,,5169.0,2528.7,6632.0,1963.6,6276.7,,,4506.3,6390.8,7478.6,8174.3,8174.3,,,,,,,,,,,,,,,,,973.6,1605.0,1152.4,3254.5,5858.2,,,908.2,1428.8,425.5,1367.6,3412.5,,,1889.7,2117.4,1931.2,5669.2,6632.0,,,894.3,410.1,1160.0,932.3,3195.4,,,3412.5,1997.1,4393.7,1495.7,6060.2,,,7173.3,6632.0,8573.0,6390.8,7478.6,,,,,,,,,,,,,,,,,1910.3,853.1,2391.1,3480.1,4686.6,,,2156.4,2746.0,3623.6,4624.9,5762.2,,,992.9,3195.4,2881.1,4686.6,5492.1,,,3195.4,4040.1,3779.5,5407.6,6060.2,,,5021.3,6276.7,5957.5,7811.0,7811.0,,,8573.0,8368.9,9999.9,8787.4,8573.0,,,,,,,,,,,,,,,,,,,,,,,,,,,,,,,,,,,,,,,,,,,,,,,,,,,,,,,,,,,,,,,,,,,,,,,,,,,,,,,,,,,,,,,,,,,,,,,,,,,,,,,,,,,,,,,,,,,,,,,,,,,,,,,,
20260930_奈良_7R,20260930,53,奈良,7,15.0,8.5,32.8,9.7,14.2,,,7.6,14.2,3.8,56.2,111.4,,,18.1,30.3,55.6,53.4,83.3,,,106.8,28.0,127.3,376.4,489.3,,,31.9,135.2,99.3,323.0,213.2,,,201.7,521.0,334.0,800.4,446.3,,,,,,,,,,,,,,,,,132.3,172.1,239.0,151.3,237.1,,,296.0,552.2,1006.9,643.1,1386.5,,,361.4,752.9,1454.0,504.4,805.5,,,1537.8,2054.5,3428.9,3933.9,2743.1,,,198.7,604.1,333.6,1353.2,383.2,,,794.1,1685.9,1091.3,2550.1,825.1,,,,,,,,,,,,,,,,,99.3,128.8,78.2,288.6,615.1,,,396.4,882.5,938.0,1182.9,1997.9,,,587.3,1148.1,1401.8,2743.1,5024.5,,,419.7,1470.9,1311.3,3873.8,3338.6,,,1166.6,1944.3,2819.3,4228.9,5702.0,,,3548.8,5126.0,6343.4,4300.6,9999.9,,,,,,,,,,,,,,,,,143.5,143.0,340.5,280.2,683.0,,,277.6,748.4,1488.2,403.4,950.3,,,422.5,953.9,1259.2,2216.0,2867.1,,,1528.5,2021.8,2306.7,2216.0,5231.7,,,565.7,372.8,2216.0,2123.3,2196.8,,,2499.8,2563.0,5286.2,5638.6,4264.5,,,,,,,,,,,,,,,,,1019.0,605.5,2576.0,5341.8,6423.7,,,2168.7,3171.7,5456.7,8055.2,8319.3,,,941.5,3191.6,5178.3,9759.2,9950.5,,,3650.9,4926.9,5638.6,7354.7,8185.1,,,9999.9,9999.9,9999.9,9999.9,9999.9,,,9999.9,9999.9,9999.9,9999.9,9999.9,,,,,,,,,,,,,,,,,383.5,750.7,867.4,3152.0,1900.6,,,390.6,993.1,644.8,2159.4,530.2,,,1483.8,2338.6,2499.8,5074.7,6766.3,,,1470.9,1256.1,4125.8,5341.8,4125.8,,,7354.7,9999.9,9999.9,9999.9,9999.9,,,3787.1,1621.3,8055.2,3933.9,9999.9,,,,,,,,,,,,,,,,,2371.3,4655.7,3524.1,7462.9,5970.3,,,2235.5,5900.9,3731.4,7689.0,2105.7,,,7249.7,9999.9,9999.9,9999.9,9999.9,,,4879.6,4264.5,9999.9,9999.9,8601.3,,,9999.9,9999.9,9999.9,9999.9,9999.9,,,7689.0,2306.7,9999.9,8319.3,9999.9,,,,,,,,,,,,,,,,,,,,,,,,,,,,,,,,,,,,,,,,,,,,,,,,,,,,,,,,,,,,,,,,,,,,,,,,,,,,,,,,,,,,,,,,,,,,,,,,,,,,,,,,,,,,,,,,,,,,,,,,,,,,,,,,
20260930_広島_1R,20260930,62,広島,1,1544.7,480.2,998.9,2341.2,886.6,,,1896.7,2938.0,1594.0,1427.0,2081.1,,,960.5,3058.0,942.4,2938.0,1005.6,,,1055.2,1498.4,886.6,1971.6,488.0,,,3188.1,1702.7,2938.0,2341.2,3405.5,,,881.4,2024.8,966.7,554.9,2881.5,,,,,,,,,,,,,,,,,1070.3,585.3,643.1,1513.5,619.1,,,415.0,32.6,117.1,92.3,56.9,,,58.8,15.0,22.6,80.4,12.4,,,277.4,194.0,93.4,589.9,83.3,,,1427.0,290.9,315.4,1026.3,449.9,,,248.4,52.9,25.4,40.1,289.2,,,,,,,,,,,,,,,,,973.0,1362.2,1047.8,1047.8,1400.3,,,578.5,45.7,129.7,108.8,60.3,,,626.9,68.3,220.0,280.6,118.2,,,497.8,257.9,325.0,468.2,223.3,,,578.5,187.3,220.3,370.8,224.9,,,643.1,96.9,126.1,124.7,250.5,,,,,,,,,,,,,,,,,535.1,1427.0,866.1,1387.4,768.4,,,125.0,31.7,32.7,103.5,17.4,,,657.2,89.6,252.2,394.3,141.8,,,347.6,120.2,266.1,559.1,130.6,,,2024.8,344.4,484.9,1179.8,506.2,,,272.4,32.0,89.5,59.5,332.9,,,,,,,,,,,,,,,,,480.2,866.1,614.1,1152.6,211.3,,,546.8,425.6,210.4,891.9,183.1,,,629.5,480.2,492.9,696.9,297.8,,,433.0,189.1,436.8,823.3,165.9,,,1827.3,2378.4,1513.5,1805.3,998.9,,,54.5,92.2,140.8,80.6,336.7,,,,,,,,,,,,,,,,,2996.8,1628.7,3188.1,2628.8,3188.1,,,2827.2,727.3,674.9,2081.1,1783.8,,,902.6,430.5,434.3,690.5,578.5,,,2628.8,760.6,1047.8,1921.0,1702.7,,,1827.3,2675.7,1413.6,2140.6,1683.6,,,2539.7,1400.3,1062.7,1529.0,1440.7,,,,,,,,,,,,,,,,,504.5,734.5,509.6,275.9,1152.6,,,217.1,67.9,26.9,45.2,322.9,,,320.8,117.5,112.0,96.2,257.4,,,184.9,27.2,75.5,41.7,287.6,,,35.7,41.1,53.9,39.1,183.1,,,1152.6,846.5,557.0,861.1,606.6,,,,,,,,,,,,,,,,,,,,,,,,,,,,,,,,,,,,,,,,,,,,,,,,,,,,,,,,,,,,,,,,,,,,,,,,,,,,,,,,,,,,,,,,,,,,,,,,,,,,,,,,,,,,,,,,,,,,,,,,,,,,,,,,
20260930_広島_2R,20260930,62,広島,2,43.1,163.7,35.2,152.2,31.0,,,89.7,84.0,186.9,223.4,86.3,,,661.8,400.1,902.7,1056.4,607.8,,,83.4,203.5,526.5,419.6,131.4,,,463.2,461.3,816.8,920.0,272.7,,,31.8,31.5,70.5,62.8,51.6,,,,,,,,,,,,,,,,,21.2,86.6,15.5,67.6,12.5,,,36.0,45.7,47.5,166.2,56.1,,,387.6,223.7,360.5,596.9,444.7,,,12.9,17.7,65.0,38.5,16.2,,,161.4,228.7,494.6,150.0,231.2,,,23.2,51.6,157.7,52.0,113.4,,,,,,,,,,,,,,,,,129.5,173.6,296.1,554.4,181.0,,,104.0,157.8,119.3,363.2,177.9,,,339.3,330.6,435.5,441.2,413.4,,,418.6,231.7,479.8,812.8,445.3,,,951.4,1040.0,1123.8,1419.0,1389.6,,,224.1,302.2,477.7,483.2,816.8,,,,,,,,,,,,,,,,,1572.3,1419.0,2017.5,2188.9,1481.8,,,1318.5,1170.9,1231.2,1947.1,1753.4,,,1083.8,888.3,951.4,1139.1,1200.3,,,2054.6,1449.8,1550.4,2325.7,2080.1,,,3220.2,2912.2,1970.0,2887.1,3189.5,,,1850.3,2537.1,1924.7,2232.7,2616.4,,,,,,,,,,,,,,,,,152.9,442.4,1005.7,525.7,266.2,,,72.9,104.9,191.1,143.2,89.5,,,633.0,261.8,654.1,839.3,606.7,,,1870.9,922.6,1334.2,1389.6,1226.7,,,1449.8,647.7,1543.3,1913.7,1303.1,,,387.6,280.7,793.6,1231.2,1123.8,,,,,,,,,,,,,,,,,812.8,843.5,1355.8,1383.9,499.8,,,579.4,750.9,1249.6,506.6,930.2,,,1226.7,1389.6,1002.7,1902.8,2093.1,,,2862.4,2722.8,1700.0,3044.5,3562.8,,,1771.9,956.8,1902.8,2426.8,1810.2,,,683.4,1840.1,1717.4,2518.0,1726.3,,,,,,,,,,,,,,,,,66.1,56.1,130.7,114.4,83.6,,,90.7,227.2,481.1,189.4,524.1,,,174.5,420.7,466.4,639.1,826.9,,,786.1,1543.3,1240.3,1536.2,1820.1,,,295.5,310.3,616.7,1005.7,927.7,,,362.8,1323.7,1298.0,1508.5,1278.2,,,,,,,,,,,,,,,,,,,,,,,,,,,,,,,,,,,,,,,,,,,,,,,,,,,,,,,,,,,,,,,,,,,,,,,,,,,,,,,,,,,,,,,,,,,,,,,,,,,,,,,,,,,,,,,,,,,,,,,,,,,,,,,,
20260930_広島_3R,20260930,62,広島,3,93.2,99.4,230.8,248.3,27.2,,,293.9,337.3,1095.5,467.2,526.3,,,273.4,457.4,858.6,929.4,358.8,,,1176.7,2198.0,1323.8,2961.7,1027.9,,,638.9,495.7,720.5,1381.3,939.4,,,81.7,462.8,259.4,303.6,748.3,,,,,,,,,,,,,,,,,51.0,35.3,85.5,125.5,7.1,,,99.6,57.0,299.2,155.3,48.2,,,70.1,67.8,201.7,342.9,38.7,,,366.7,726.5,439.6,1328.8,173.4,,,320.9,385.3,484.7,862.9,253.2,,,5.3,21.0,12.9,16.4,94.6,,,,,,,,,,,,,,,,,183.3,320.0,1149.6,310.6,465.3,,,122.7,128.8,593.3,167.6,98.4,,,319.4,152.5,410.6,178.5,200.1,,,2170.7,1747.4,1257.1,1672.1,1713.1,,,337.0,193.9,184.2,814.6,403.1,,,563.6,225.1,314.8,780.1,548.6,,,,,,,,,,,,,,,,,242.7,519.2,787.1,944.5,311.2,,,144.1,129.5,246.1,480.7,72.1,,,428.8,181.3,346.0,313.4,228.4,,,1299.2,875.9,900.7,2008.5,880.3,,,1027.9,677.3,482.0,1444.1,907.7,,,212.3,111.0,316.5,342.9,756.4,,,,,,,,,,,,,,,,,1920.2,4598.5,2284.2,5460.7,1409.2,,,1648.5,3177.1,1403.5,2254.7,692.0,,,4659.8,4538.8,3206.3,4262.0,3236.0,,,2667.8,2157.3,2377.4,2647.6,1618.0,,,6594.1,6131.3,6025.6,5460.7,4922.3,,,1414.9,743.5,2751.8,1625.5,3426.3,,,,,,,,,,,,,,,,,820.3,952.2,1450.1,3236.0,1721.6,,,771.4,685.2,934.4,2329.9,638.9,,,551.2,408.7,320.6,1252.6,749.9,,,1664.2,832.1,693.4,2284.2,1403.5,,,5065.0,4480.6,4423.8,4659.8,4423.8,,,1889.1,1127.3,1610.5,1664.2,2551.0,,,,,,,,,,,,,,,,,60.5,435.7,199.7,233.6,944.5,,,16.5,50.1,28.6,32.6,239.2,,,663.1,236.9,270.0,776.6,838.1,,,175.3,88.3,194.4,280.4,719.1,,,433.0,183.2,641.2,389.1,1432.3,,,1560.2,675.9,1381.3,1164.9,1730.1,,,,,,,,,,,,,,,,,,,,,,,,,,,,,,,,,,,,,,,,,,,,,,,,,,,,,,,,,,,,,,,,,,,,,,,,,,,,,,,,,,,,,,,,,,,,,,,,,,,,,,,,,,,,,,,,,,,,,,,,,,,,,,,,
20260930_広島_4R,20260930,62,広島,4,421.1,395.7,918.5,1162.8,600.6,,,346.8,282.3,502.2,303.4,358.2,,,386.0,382.5,606.0,855.3,208.9,,,794.8,501.7,466.0,765.1,568.8,,,1489.3,489.7,1132.2,1304.2,1368.4,,,584.3,479.3,318.1,613.1,776.5,,,,,,,,,,,,,,,,,403.5,454.8,772.7,1297.0,541.4,,,230.8,100.7,371.1,210.4,183.9,,,173.0,84.1,274.9,259.2,42.4,,,882.4,755.4,715.3,1448.2,901.0,,,1435.0,498.0,834.1,1735.7,1279.4,,,377.7,238.5,110.5,612.3,856.8,,,,,,,,,,,,,,,,,136.8,64.3,147.1,64.8,69.1,,,84.0,30.7,155.5,81.0,72.3,,,41.7,19.3,76.7,46.9,14.7,,,154.3,276.0,103.5,106.6,168.3,,,22.4,53.3,17.0,35.0,31.1,,,76.8,84.9,30.9,187.2,112.4,,,,,,,,,,,,,,,,,150.7,202.8,322.4,495.9,83.5,,,77.0,49.4,136.8,176.4,19.9,,,129.1,64.4,227.4,154.6,62.8,,,378.6,281.3,406.3,755.4,258.9,,,890.8,598.3,352.5,1189.2,452.6,,,38.6,22.7,55.3,123.3,175.0,,,,,,,,,,,,,,,,,325.8,239.5,180.5,425.7,267.3,,,451.3,376.1,276.2,689.2,510.9,,,191.8,313.0,134.9,162.5,255.4,,,285.2,288.9,280.6,307.5,118.8,,,768.9,1532.8,401.1,816.8,1010.9,,,504.4,731.9,577.8,314.7,877.5,,,,,,,,,,,,,,,,,1829.9,415.2,1210.5,1307.8,1430.6,,,1508.3,477.8,852.2,2035.0,1837.0,,,94.8,211.1,93.7,172.3,195.5,,,1118.7,884.1,351.0,1380.4,745.8,,,1126.7,2237.5,521.1,1439.4,1735.7,,,1851.4,2291.8,863.1,1110.8,2280.8,,,,,,,,,,,,,,,,,475.4,402.4,184.3,579.2,730.8,,,445.8,284.0,115.5,730.8,1008.8,,,362.0,267.7,172.1,568.1,522.2,,,91.3,53.2,122.6,239.0,336.5,,,863.1,961.5,755.4,545.8,1656.5,,,1761.6,1844.2,927.5,998.1,2098.3,,,,,,,,,,,,,,,,,,,,,,,,,,,,,,,,,,,,,,,,,,,,,,,,,,,,,,,,,,,,,,,,,,,,,,,,,,,,,,,,,,,,,,,,,,,,,,,,,,,,,,,,,,,,,,,,,,,,,,,,,,,,,,,,
20260930_広島_5R,20260930,62,広島,5,716.8,425.1,553.9,745.5,928.5,,,599.9,167.4,534.8,304.8,371.9,,,180.7,88.9,275.2,82.2,132.9,,,1088.4,1299.2,710.5,1200.9,1162.3,,,501.0,176.0,105.0,410.4,372.3,,,767.5,356.4,250.3,1021.8,789.9,,,,,,,,,,,,,,,,,1044.7,633.7,1065.3,1108.8,1198.7,,,1063.5,384.2,748.1,1286.3,611.1,,,306.0,169.1,130.9,376.8,251.0,,,555.8,266.5,139.7,585.3,478.6,,,2008.9,1754.4,1139.9,1854.4,2830.0,,,1166.4,705.9,491.6,820.8,2079.5,,,,,,,,,,,,,,,,,746.4,252.5,1068.8,641.2,346.7,,,757.7,329.2,785.1,1294.0,501.4,,,124.3,151.9,260.1,318.2,60.2,,,1421.1,899.0,627.0,1712.9,785.1,,,1007.5,1931.4,1056.6,2593.2,1301.8,,,170.5,209.9,67.1,333.2,384.9,,,,,,,,,,,,,,,,,45.6,22.5,69.4,19.7,31.5,,,61.1,46.6,36.0,103.8,60.5,,,25.5,31.2,53.7,86.8,10.7,,,97.9,33.4,49.0,106.3,46.2,,,66.5,155.4,132.2,231.2,165.1,,,25.9,30.5,7.0,35.8,68.3,,,,,,,,,,,,,,,,,1198.7,1735.7,865.5,1538.7,1527.9,,,617.5,329.9,160.1,779.5,533.0,,,1778.4,906.5,671.7,2162.4,1026.6,,,412.4,150.9,230.7,641.2,287.3,,,2120.2,2079.5,2817.7,1603.2,2332.9,,,1396.7,892.8,948.8,621.6,2410.7,,,,,,,,,,,,,,,,,989.2,692.4,376.2,1160.2,1152.0,,,1914.4,1954.6,1097.6,2401.8,3070.3,,,1356.0,2401.8,989.2,2793.5,2267.9,,,379.3,573.9,520.7,794.7,529.1,,,2283.8,2635.2,3144.4,1886.6,3013.4,,,2184.2,3013.4,2120.2,1358.8,3114.3,,,,,,,,,,,,,,,,,626.4,233.0,200.7,888.0,582.2,,,738.8,347.7,318.1,571.4,1336.5,,,102.6,153.1,35.5,195.4,209.4,,,80.2,89.6,25.7,119.5,186.8,,,1114.5,703.6,599.9,436.8,1966.4,,,1209.8,2127.1,1170.6,838.7,2092.9,,,,,,,,,,,,,,,,,,,,,,,,,,,,,,,,,,,,,,,,,,,,,,,,,,,,,,,,,,,,,,,,,,,,,,,,,,,,,,,,,,,,,,,,,,,,,,,,,,,,,,,,,,,,,,,,,,,,,,,,,,,,,,,,
20260930_広島_6R,20260930,62,広島,6,85.3,96.4,54.6,46.7,288.8,,,88.9,96.8,43.7,35.6,235.0,,,143.5,131.7,129.2,92.3,306.4,,,47.3,35.2,81.9,17.8,194.9,,,34.0,19.3,43.7,11.5,82.6,,,385.0,360.1,394.5,372.5,269.6,,,,,,,,,,,,,,,,,353.9,276.3,205.6,197.0,636.7,,,473.3,800.0,812.0,616.8,1869.0,,,557.3,1389.7,1445.3,959.3,2282.1,,,302.3,788.3,983.2,466.7,1605.9,,,300.7,605.6,674.3,493.8,1431.0,,,2369.4,3871.5,3941.9,3496.8,3335.4,,,,,,,,,,,,,,,,,51.5,63.8,64.6,43.2,135.0,,,79.0,227.4,170.0,142.6,407.9,,,125.7,284.3,223.5,176.7,511.9,,,74.8,164.9,178.0,101.6,314.2,,,54.4,112.6,107.7,91.2,229.6,,,332.0,928.5,903.3,650.0,531.3,,,,,,,,,,,,,,,,,489.9,747.6,576.6,437.5,1264.1,,,552.3,1403.2,1129.2,1214.6,2212.3,,,648.1,1032.4,1037.3,786.9,2477.7,,,702.7,1359.2,1129.2,924.5,2660.2,,,467.2,1001.4,855.2,843.6,1885.2,,,2506.4,3706.1,3906.4,3554.2,2612.1,,,,,,,,,,,,,,,,,82.9,59.5,135.3,31.6,145.9,,,169.0,360.1,389.9,210.5,762.0,,,125.5,291.0,316.7,157.0,428.8,,,293.3,533.3,456.4,335.6,895.8,,,32.6,119.2,71.9,157.9,216.2,,,668.1,1228.3,930.5,1228.3,698.2,,,,,,,,,,,,,,,,,57.6,26.6,65.6,16.2,119.1,,,144.7,277.0,325.2,237.3,677.5,,,61.4,196.0,171.6,105.2,357.7,,,160.2,321.1,247.9,257.1,590.7,,,31.6,146.4,74.1,160.2,301.9,,,327.7,815.0,489.9,710.8,519.2,,,,,,,,,,,,,,,,,1655.0,1224.8,1385.3,1334.1,848.5,,,2710.0,3053.6,3674.6,3142.1,3188.3,,,1141.0,2969.9,2969.9,2168.0,1806.7,,,2929.8,3978.1,3284.9,3643.8,3284.9,,,1505.6,2535.7,1655.0,2535.7,1440.5,,,912.8,2026.2,1459.9,1918.6,1201.1,,,,,,,,,,,,,,,,,,,,,,,,,,,,,,,,,,,,,,,,,,,,,,,,,,,,,,,,,,,,,,,,,,,,,,,,,,,,,,,,,,,,,,,,,,,,,,,,,,,,,,,,,,,,,,,,,,,,,,,,,,,,,,,,
20260930_広島_7R,20260930,62,広島,7,1142.9,2121.2,526.6,1157.9,429.7,,,1107.1,1429.4,316.0,828.6,319.8,,,2897.9,1779.6,1077.8,1835.0,828.6,,,193.1,150.1,341.2,148.6,35.4,,,917.5,694.1,1809.9,294.4,264.1,,,222.2,164.4,326.9,46.3,183.7,,,,,,,,,,,,,,,,,5050.6,7798.8,2443.8,6389.4,2996.1,,,4143.1,9820.7,4456.4,9143.4,5303.2,,,7576.0,9999.9,8838.7,5958.6,7576.0,,,1907.6,3194.7,5003.0,4735.0,1253.7,,,7685.8,9143.4,9143.4,7166.5,8158.8,,,2897.9,4017.5,5099.2,1448.9,6467.3,,,,,,,,,,,,,,,,,2478.1,3788.0,714.7,2455.1,678.1,,,4111.0,6467.3,2315.8,5467.2,4017.5,,,5892.4,8838.7,5003.0,7915.2,6313.3,,,684.2,1498.0,2410.5,1402.9,338.0,,,3156.6,6467.3,6026.3,2443.8,2929.9,,,894.3,2851.1,3559.2,502.6,2388.8,,,,,,,,,,,,,,,,,6095.6,7070.9,5411.4,6547.1,3987.3,,,7365.5,9999.9,9470.0,8417.8,8035.1,,,6389.4,7685.8,7264.6,9470.0,8158.8,,,3815.2,5892.4,5250.7,4910.3,2079.6,,,9470.0,9820.7,9999.9,8286.2,6389.4,,,3734.6,7264.6,6239.0,2285.8,6547.1,,,,,,,,,,,,,,,,,76.7,44.8,131.6,55.1,12.4,,,175.6,334.3,562.9,299.9,102.2,,,75.6,210.6,300.9,148.0,43.0,,,316.7,669.5,617.3,608.1,181.9,,,60.6,170.8,101.8,239.4,28.7,,,4.8,26.4,10.5,38.6,13.0,,,,,,,,,,,,,,,,,2164.5,1550.6,2537.4,601.9,606.0,,,4276.7,5582.3,5148.7,2946.2,5050.6,,,2549.6,5099.2,3928.3,2200.5,2399.6,,,5199.2,6799.0,5411.4,4143.1,3083.2,,,364.4,855.3,645.9,1224.7,218.0,,,548.9,1342.5,930.3,1597.3,270.4,,,,,,,,,,,,,,,,,127.7,100.7,216.7,31.7,132.8,,,201.3,473.0,487.4,145.8,500.7,,,137.3,374.5,423.9,69.6,260.7,,,395.1,620.9,761.9,260.4,804.7,,,8.5,36.2,17.5,56.6,24.3,,,145.9,390.5,234.3,537.3,62.2,,,,,,,,,,,,,,,,,,,,,,,,,,,,,,,,,,,,,,,,,,,,,,,,,,,,,,,,,,,,,,,,,,,,,,,,,,,,,,,,,,,,,,,,,,,,,,,,,,,,,,,,,,,,,,,,,,,,,,,,,,,,,,,,
20260930_広島_8R,20260930,62,広島,8,355.8,172.0,418.3,,,,,333.2,167.4,397.6,,,,,115.8,117.4,161.6,,,,,602.7,595.5,342.8,,,,,,,,,,,,,,,,,,,,,,,,,,,,,,,,,191.2,74.6,174.9,,,,,180.5,57.4,126.6,,,,,13.2,11.4,11.5,,,,,130.3,101.4,38.2,,,,,,,,,,,,,,,,,,,,,,,,,,,,,,,,,298.8,161.7,314.6,,,,,322.2,134.6,260.5,,,,,72.1,69.5,73.2,,,,,448.5,346.4,224.8,,,,,,,,,,,,,,,,,,,,,,,,,,,,,,,,,23.4,15.5,24.2,,,,,9.4,8.8,7.9,,,,,15.4,22.5,32.4,,,,,15.2,21.9,20.0,,,,,,,,,,,,,,,,,,,,,,,,,,,,,,,,,535.9,544.1,400.2,,,,,290.1,218.3,106.9,,,,,482.4,379.7,295.1,,,,,126.2,79.8,104.1,,,,,,,,,,,,,,,,,,,,,,,,,,,,,,,,,,,,,,,,,,,,,,,,,,,,,,,,,,,,,,,,,,,,,,,,,,,,,,,,,,,,,,,,,,,,,,,,,,,,,,,,,,,,,,,,,,,,,,,,,,,,,,,,,,,,,,,,,,,,,,,,,,,,,,,,,,,,,,,,,,,,,,,,,,,,,,,,,,,,,,,,,,,,,,,,,,,,,,,,,,,,,,,,,,,,,,,,,,,,,,,,,,,,,,,,,,,,,,,,,,,,,,,,,,,,,,,,
20260930_広島_9R,20260930,62,広島,9,280.3,178.7,123.1,,,,,335.2,106.0,166.5,,,,,51.5,29.0,22.8,,,,,123.9,117.4,62.9,,,,,,,,,,,,,,,,,,,,,,,,,,,,,,,,,381.4,263.7,240.3,,,,,382.6,304.2,215.3,,,,,113.6,194.5,91.2,,,,,85.4,49.3,55.1,,,,,,,,,,,,,,,,,,,,,,,,,,,,,,,,,394.8,133.3,331.1,,,,,388.4,343.7,240.1,,,,,117.1,238.8,137.4,,,,,157.7,121.6,109.1,,,,,,,,,,,,,,,,,,,,,,,,,,,,,,,,,22.9,17.1,7.8,,,,,61.6,61.7,26.8,,,,,61.3,73.6,44.1,,,,,13.6,8.0,23.8,,,,,,,,,,,,,,,,,,,,,,,,,,,,,,,,,61.9,112.7,38.0,,,,,31.5,17.6,12.9,,,,,114.4,48.6,76.3,,,,,21.0,13.0,32.4,,,,,,,,,,,,,,,,,,,,,,,,,,,,,,,,,,,,,,,,,,,,,,,,,,,,,,,,,,,,,,,,,,,,,,,,,,,,,,,,,,,,,,,,,,,,,,,,,,,,,,,,,,,,,,,,,,,,,,,,,,,,,,,,,,,,,,,,,,,,,,,,,,,,,,,,,,,,,,,,,,,,,,,,,,,,,,,,,,,,,,,,,,,,,,,,,,,,,,,,,,,,,,,,,,,,,,,,,,,,,,,,,,,,,,,,,,,,,,,,,,,,,,,,,,,,,,,,
20260930_広島_10R,20260930,62,広島,10,1171.0,693.5,765.1,1617.0,673.4,,,780.1,211.1,301.3,1035.8,301.9,,,187.3,116.1,41.1,132.6,26.3,,,295.1,310.7,142.6,570.5,196.7,,,1121.5,1318.1,329.5,700.5,443.2,,,218.9,174.7,44.1,84.1,177.0,,,,,,,,,,,,,,,,,1860.4,1110.3,998.6,2252.0,1110.3,,,1411.8,1103.7,251.4,1267.1,544.8,,,1176.0,1308.8,672.6,1685.6,730.9,,,463.9,96.8,341.8,393.3,112.7,,,2472.2,2091.2,2575.3,1082.2,1204.0,,,742.6,412.6,457.8,157.7,374.5,,,,,,,,,,,,,,,,,635.0,318.0,267.3,887.1,183.7,,,901.5,600.7,146.0,910.4,303.9,,,251.4,330.1,168.2,851.8,195.3,,,124.7,22.9,80.5,260.0,50.1,,,1483.3,1503.4,2022.7,981.0,1013.2,,,145.7,161.1,178.8,101.3,437.3,,,,,,,,,,,,,,,,,123.2,109.0,31.1,123.3,21.5,,,394.2,533.8,207.9,658.3,296.0,,,224.5,330.5,125.8,743.6,189.6,,,92.0,64.9,107.0,268.4,67.0,,,599.4,1156.4,1426.3,827.7,675.0,,,47.5,170.5,179.6,59.8,122.6,,,,,,,,,,,,,,,,,208.1,204.4,200.2,481.6,177.5,,,141.3,23.6,105.1,146.9,29.3,,,85.1,11.0,66.3,157.5,27.0,,,132.3,103.0,120.6,390.6,112.7,,,991.5,460.4,568.7,1043.6,409.9,,,104.6,29.9,38.5,98.5,168.8,,,,,,,,,,,,,,,,,1800.2,1650.6,882.9,1015.0,618.7,,,2216.2,2289.1,2022.7,1287.6,1460.0,,,2198.6,2279.7,2075.6,1575.8,1571.3,,,1030.1,2164.4,2022.7,1670.4,1123.7,,,1275.8,959.0,1103.7,1471.6,674.2,,,565.8,653.6,1011.3,777.9,458.9,,,,,,,,,,,,,,,,,150.2,153.4,46.6,75.6,116.0,,,364.7,313.5,335.9,146.7,283.5,,,227.4,213.0,207.2,98.8,403.6,,,68.8,229.3,202.5,119.1,239.2,,,102.7,60.3,57.3,108.3,156.2,,,191.7,222.3,342.3,217.8,159.0,,,,,,,,,,,,,,,,,,,,,,,,,,,,,,,,,,,,,,,,,,,,,,,,,,,,,,,,,,,,,,,,,,,,,,,,,,,,,,,,,,,,,,,,,,,,,,,,,,,,,,,,,,,,,,,,,,,,,,,,,,,,,,,,
20260930_広島_11R,20260930,62,広島,11,155.7,141.4,100.3,140.4,501.6,,,336.6,353.9,202.5,343.2,746.9,,,98.6,167.0,37.7,32.9,309.0,,,56.1,72.8,42.9,41.3,291.7,,,61.7,75.6,40.6,70.2,228.6,,,1446.1,1553.9,935.0,935.0,763.8,,,,,,,,,,,,,,,,,220.9,341.5,136.9,325.9,676.2,,,123.1,248.4,64.6,240.8,271.2,,,531.1,300.6,448.1,344.3,1710.7,,,38.3,20.7,111.7,155.9,148.8,,,831.7,1176.3,1609.2,760.6,2453.9,,,1916.3,347.6,1850.9,860.8,434.8,,,,,,,,,,,,,,,,,546.6,1210.5,564.9,1111.3,1553.9,,,211.7,866.3,136.5,697.9,475.3,,,2126.7,2001.1,1590.3,2915.6,3190.1,,,416.5,229.2,815.5,860.8,690.8,,,1710.7,2213.5,3171.4,2135.1,2582.4,,,2102.0,1258.2,2410.3,1419.6,2177.9,,,,,,,,,,,,,,,,,167.8,322.4,44.7,65.8,541.7,,,401.1,536.4,461.5,697.9,2368.2,,,1279.0,1205.1,1034.9,1850.9,2658.4,,,61.1,221.3,454.5,402.6,1134.5,,,408.9,1019.3,1042.9,804.6,1909.5,,,2947.3,4171.6,3714.5,3029.7,3664.3,,,,,,,,,,,,,,,,,18.0,29.0,12.5,15.8,103.5,,,8.8,8.2,32.5,56.6,67.3,,,85.6,42.8,210.8,178.5,164.8,,,23.2,86.1,167.2,141.6,414.6,,,91.6,218.5,375.8,261.3,492.5,,,559.6,467.5,488.5,993.2,923.8,,,,,,,,,,,,,,,,,189.8,426.3,279.9,324.1,716.4,,,279.6,1387.0,1246.7,844.7,2619.8,,,1383.4,1950.7,1950.7,1929.9,2752.8,,,507.7,1113.5,1221.4,1044.9,2582.4,,,379.5,603.9,1258.2,893.4,2269.1,,,2558.1,3929.8,3958.5,4108.4,3792.4,,,,,,,,,,,,,,,,,3714.5,3664.3,3190.1,2931.4,3987.6,,,3389.4,1964.9,2931.4,1614.0,3347.6,,,3208.9,2062.0,4975.3,1979.2,4519.3,,,4409.0,6456.1,5959.5,5265.2,6162.7,,,2594.8,1876.5,1838.3,4077.5,4017.1,,,4557.2,6306.0,5708.6,5831.3,4373.5,,,,,,,,,,,,,,,,,,,,,,,,,,,,,,,,,,,,,,,,,,,,,,,,,,,,,,,,,,,,,,,,,,,,,,,,,,,,,,,,,,,,,,,,,,,,,,,,,,,,,,,,,,,,,,,,,,,,,,,,,,,,,,,,
20260930_広島_12R,20260930,62,広島,12,792.5,1032.8,419.1,1344.0,1685.8,,,791.2,524.4,202.4,1685.8,1547.5,,,925.6,583.3,394.8,2023.0,1468.8,,,152.6,113.2,149.6,569.1,293.7,,,1851.2,2347.2,2937.6,1511.8,3124.7,,,1803.6,2100.9,1916.3,620.9,2194.9,,,,,,,,,,,,,,,,,553.7,839.3,332.1,830.0,1457.8,,,249.7,82.8,74.4,134.0,405.6,,,405.1,100.0,120.1,177.7,501.8,,,95.1,77.2,105.1,124.8,195.0,,,385.6,141.3,170.1,111.4,394.9,,,1147.5,960.9,1016.7,479.7,781.8,,,,,,,,,,,,,,,,,260.3,213.3,92.1,442.5,788.0,,,157.8,55.7,50.7,117.1,313.6,,,57.5,32.1,14.6,144.6,144.4,,,26.1,37.7,22.9,142.4,101.1,,,462.1,197.2,369.8,240.1,945.2,,,909.3,631.7,358.7,272.1,1189.2,,,,,,,,,,,,,,,,,516.4,271.4,222.8,1227.9,1063.0,,,311.4,83.3,88.0,218.6,442.7,,,81.0,44.4,22.9,195.4,192.6,,,49.4,69.9,41.9,257.3,182.8,,,1202.4,366.2,502.3,444.5,1073.4,,,1227.9,834.3,438.9,424.9,1309.9,,,,,,,,,,,,,,,,,41.4,29.8,37.7,177.5,49.7,,,54.8,54.3,60.0,107.1,108.2,,,31.6,44.2,25.9,188.7,85.7,,,37.8,57.4,34.7,229.1,121.2,,,321.2,207.1,353.6,379.8,384.1,,,39.0,89.1,84.1,97.3,239.7,,,,,,,,,,,,,,,,,1202.4,1927.6,2142.2,1065.3,2509.3,,,432.9,222.5,216.1,135.1,570.1,,,1218.8,398.3,482.3,540.2,1432.3,,,1253.0,387.6,521.8,478.3,1306.4,,,436.4,223.8,438.8,402.4,571.4,,,1876.0,1146.2,1950.6,1748.9,668.8,,,,,,,,,,,,,,,,,2364.2,2114.5,1982.1,654.5,2733.0,,,1865.3,1274.2,1605.8,662.4,1249.8,,,1800.2,1473.2,654.5,680.4,2541.8,,,2128.3,1736.5,692.4,846.5,2434.6,,,244.6,358.6,317.1,382.2,738.8,,,2658.9,1660.1,2364.2,2358.5,1269.2,,,,,,,,,,,,,,,,,,,,,,,,,,,,,,,,,,,,,,,,,,,,,,,,,,,,,,,,,,,,,,,,,,,,,,,,,,,,,,,,,,,,,,,,,,,,,,,,,,,,,,,,,,,,,,,,,,,,,,,,,,,,,,,,
20260930_防府_1R,20260930,63,防府,1,275.5,438.9,243.6,315.0,797.1,,,415.1,527.2,928.3,716.8,1651.5,,,1087.0,705.0,2075.9,846.8,3180.1,,,597.8,1079.1,1811.7,1403.4,821.2,,,418.0,346.7,365.8,727.3,1037.9,,,1396.8,2090.4,3285.0,2061.6,2410.7,,,,,,,,,,,,,,,,,51.5,78.9,81.4,66.9,210.6,,,25.9,14.0,11.6,57.9,36.9,,,93.7,27.8,36.3,87.7,266.6,,,20.5,6.9,11.0,46.1,13.6,,,171.5,142.4,175.3,270.5,630.6,,,207.0,98.1,288.2,66.1,437.0,,,,,,,,,,,,,,,,,281.7,350.0,509.2,440.9,1016.7,,,88.3,41.0,34.3,134.7,108.8,,,138.1,42.0,64.1,72.2,448.8,,,307.5,79.3,168.1,386.2,222.0,,,521.7,448.1,256.5,828.0,1479.8,,,952.0,293.9,739.9,418.0,1365.0,,,,,,,,,,,,,,,,,955.0,730.8,1891.9,1063.8,2669.0,,,444.1,101.2,136.6,370.4,807.9,,,303.4,91.6,144.4,169.2,958.1,,,1383.9,288.5,387.7,1383.9,1718.0,,,1371.2,1205.3,548.5,2622.2,3736.6,,,3601.6,1822.7,2047.5,2989.3,4332.4,,,,,,,,,,,,,,,,,424.0,738.1,1642.5,1365.0,1123.8,,,92.1,38.6,46.9,173.6,51.5,,,469.2,116.4,267.3,708.3,300.1,,,1953.8,288.8,435.1,1992.9,1660.7,,,2120.1,1091.0,1540.9,2470.5,1509.7,,,674.7,135.6,346.7,788.7,1235.2,,,,,,,,,,,,,,,,,751.0,673.2,756.7,1240.3,1779.3,,,1052.5,837.3,1071.4,1272.0,2335.4,,,905.8,825.7,651.2,1737.9,3019.5,,,1299.7,1430.3,797.1,2820.1,4332.4,,,2264.6,1698.4,2135.2,3050.3,1891.9,,,4210.3,3249.3,5066.7,6100.7,4332.4,,,,,,,,,,,,,,,,,1167.7,1565.1,2512.0,1598.5,2512.0,,,828.0,379.8,949.0,206.8,1487.2,,,441.5,581.5,1727.9,821.2,2820.1,,,3436.0,2033.5,2693.1,2533.3,4095.0,,,1200.5,221.7,549.5,1581.6,1868.3,,,4151.8,2847.0,3783.9,4900.5,1633.5,,,,,,,,,,,,,,,,,,,,,,,,,,,,,,,,,,,,,,,,,,,,,,,,,,,,,,,,,,,,,,,,,,,,,,,,,,,,,,,,,,,,,,,,,,,,,,,,,,,,,,,,,,,,,,,,,,,,,,,,,,,,,,,,
20260930_防府_2R,20260930,63,防府,2,90.4,29.4,109.3,68.7,52.1,,,208.2,172.5,594.7,260.7,614.3,,,23.8,74.9,11.5,76.6,46.0,,,334.1,812.8,121.3,667.1,684.3,,,113.2,232.9,149.6,422.1,449.6,,,143.4,608.3,188.2,574.5,549.1,,,,,,,,,,,,,,,,,54.3,12.6,70.9,35.9,32.5,,,147.9,189.9,476.0,125.4,152.0,,,27.4,107.0,71.4,95.6,49.6,,,212.4,602.4,222.3,334.7,344.7,,,45.6,72.9,62.9,168.6,84.0,,,17.1,47.4,17.0,62.4,29.6,,,,,,,,,,,,,,,,,361.4,264.4,788.7,426.9,1045.7,,,368.6,484.7,1022.7,322.0,379.1,,,541.1,622.5,534.9,823.6,1577.5,,,1807.2,2270.1,2023.3,1477.3,2863.8,,,281.6,226.4,340.3,610.3,533.3,,,1880.2,861.7,2091.5,2737.4,1193.2,,,,,,,,,,,,,,,,,50.0,145.4,21.0,153.5,103.5,,,79.2,325.4,175.2,294.5,191.7,,,409.1,545.8,664.8,869.8,1283.7,,,71.9,205.0,459.6,522.8,297.8,,,466.5,478.5,908.0,637.4,631.0,,,391.0,406.4,1200.9,565.8,890.6,,,,,,,,,,,,,,,,,1034.1,2417.5,470.0,1632.8,1939.0,,,873.9,2242.7,785.4,1185.6,1329.6,,,4046.7,3447.1,3447.1,2549.9,4230.6,,,384.6,769.2,2001.5,1789.8,1477.3,,,2326.8,1329.6,2515.5,2091.5,2164.5,,,3051.6,2001.5,3960.6,2621.8,2585.3,,,,,,,,,,,,,,,,,111.1,180.0,127.2,417.3,471.2,,,83.6,95.1,137.2,297.8,169.3,,,133.7,103.8,131.6,262.9,241.4,,,240.1,286.8,424.9,300.7,418.3,,,756.7,715.9,935.4,578.1,1378.8,,,916.9,417.3,715.9,729.9,1329.6,,,,,,,,,,,,,,,,,296.8,1292.6,433.9,1240.9,1193.2,,,104.0,226.1,102.2,230.9,199.7,,,1513.4,782.1,1807.2,2621.8,1292.6,,,435.9,334.7,1420.9,990.1,1028.4,,,2216.0,1017.2,2908.5,1880.2,1980.3,,,1454.2,386.2,1240.9,1232.7,2164.5,,,,,,,,,,,,,,,,,,,,,,,,,,,,,,,,,,,,,,,,,,,,,,,,,,,,,,,,,,,,,,,,,,,,,,,,,,,,,,,,,,,,,,,,,,,,,,,,,,,,,,,,,,,,,,,,,,,,,,,,,,,,,,,,
20260930_防府_3R,20260930,63,防府,3,91.8,80.7,288.9,115.2,76.0,,,106.2,42.1,323.2,75.0,77.4,,,61.9,27.6,107.8,19.9,46.1,,,975.0,590.0,308.5,270.9,701.2,,,80.7,55.0,14.3,108.6,92.5,,,134.1,151.6,98.0,242.7,194.5,,,,,,,,,,,,,,,,,71.2,58.7,160.9,105.4,40.6,,,100.9,228.7,254.6,247.7,76.9,,,229.0,371.3,796.1,584.3,258.2,,,379.8,363.9,920.8,796.1,143.3,,,141.3,268.1,412.5,434.1,152.5,,,14.6,23.0,57.1,16.1,84.9,,,,,,,,,,,,,,,,,206.2,86.9,247.7,137.9,171.5,,,186.0,372.0,332.1,313.8,108.4,,,224.2,591.9,615.9,484.9,502.2,,,406.9,723.5,741.1,939.8,492.7,,,171.0,534.6,509.2,803.2,609.7,,,203.7,140.4,399.8,241.1,544.2,,,,,,,,,,,,,,,,,290.3,82.3,293.6,94.6,163.3,,,482.3,876.5,1613.5,1078.8,756.5,,,220.2,813.9,916.2,665.4,417.2,,,959.6,2250.9,1458.6,2120.1,1981.8,,,241.4,1391.8,885.0,1613.5,1231.9,,,520.9,1035.9,1012.9,1098.3,1424.4,,,,,,,,,,,,,,,,,2003.6,1532.1,990.9,985.5,1293.1,,,1545.1,1139.5,2196.7,1302.3,303.8,,,1098.3,782.5,1627.9,1613.5,817.6,,,1787.5,2848.8,1939.6,2721.3,2431.0,,,1018.5,1494.4,1805.2,3198.7,1413.4,,,720.6,245.3,559.2,1435.6,1447.0,,,,,,,,,,,,,,,,,192.5,144.8,35.3,271.3,198.8,,,293.6,603.7,685.4,898.1,288.0,,,365.3,750.3,756.5,1223.6,828.7,,,235.2,1111.7,902.6,1494.4,1391.8,,,1105.0,2399.0,1770.1,2279.1,2279.1,,,525.4,655.8,1091.7,1066.2,964.7,,,,,,,,,,,,,,,,,106.4,210.5,104.0,111.9,244.7,,,26.1,29.0,81.7,18.7,141.0,,,168.1,97.7,354.0,175.6,467.5,,,235.8,432.0,517.9,335.1,796.1,,,107.3,67.4,111.4,204.6,442.5,,,359.6,432.0,680.3,663.0,515.0,,,,,,,,,,,,,,,,,,,,,,,,,,,,,,,,,,,,,,,,,,,,,,,,,,,,,,,,,,,,,,,,,,,,,,,,,,,,,,,,,,,,,,,,,,,,,,,,,,,,,,,,,,,,,,,,,,,,,,,,,,,,,,,,
20260930_防府_4R,20260930,63,防府,4,554.9,574.9,1102.9,932.7,659.2,,,203.9,157.4,228.6,399.4,163.7,,,918.1,463.9,1096.0,2248.2,947.8,,,1486.1,588.4,963.5,1096.0,827.1,,,1089.2,1551.8,1184.8,3076.5,2740.0,,,1131.3,366.8,847.1,1131.3,1702.5,,,,,,,,,,,,,,,,,765.7,958.2,1425.7,2469.8,1654.3,,,364.5,191.0,348.6,633.0,456.6,,,679.6,285.6,762.4,1234.9,827.1,,,1551.8,677.0,953.0,1753.6,1594.1,,,3076.5,1461.3,947.8,3076.5,2972.2,,,1486.1,913.3,1328.4,1927.0,2541.4,,,,,,,,,,,,,,,,,26.4,22.2,24.5,75.5,20.3,,,33.5,19.1,42.0,88.2,45.7,,,20.0,7.8,27.8,29.0,26.3,,,19.0,17.9,23.3,7.6,24.6,,,134.1,123.8,140.7,79.0,152.4,,,32.7,55.9,48.9,48.6,118.8,,,,,,,,,,,,,,,,,621.8,340.5,712.8,1473.6,932.7,,,406.8,180.5,461.4,872.4,537.9,,,115.7,71.5,135.4,339.1,169.2,,,908.6,563.8,360.8,1359.3,996.3,,,2192.0,1594.1,1138.7,2740.0,2656.9,,,1096.0,872.4,588.4,1243.6,2402.2,,,,,,,,,,,,,,,,,1623.7,654.3,1370.0,2656.9,1402.8,,,1511.7,584.5,1019.5,2469.8,1789.4,,,164.8,164.0,144.6,68.9,212.0,,,968.8,808.1,463.9,1686.1,1789.4,,,2922.6,2541.4,580.6,2578.8,2922.6,,,1551.8,2338.1,749.4,2740.0,3023.4,,,,,,,,,,,,,,,,,3985.4,2740.0,4739.4,5656.8,3653.3,,,3731.0,1927.0,2219.7,5313.9,4078.1,,,1771.3,1807.8,1670.1,996.3,2740.0,,,4871.1,2828.4,2164.9,4614.7,6046.9,,,5010.3,5313.9,1328.4,3188.3,6046.9,,,5480.0,4384.0,3812.2,7306.7,5845.3,,,,,,,,,,,,,,,,,1252.5,400.3,942.8,1318.5,2015.6,,,1461.3,1037.6,1623.7,2338.1,2828.4,,,246.6,410.6,428.7,404.9,903.9,,,1414.2,1579.8,872.4,2112.7,3438.4,,,1885.6,2277.4,647.0,2617.3,3731.0,,,3578.8,4175.2,2307.3,4277.1,5313.9,,,,,,,,,,,,,,,,,,,,,,,,,,,,,,,,,,,,,,,,,,,,,,,,,,,,,,,,,,,,,,,,,,,,,,,,,,,,,,,,,,,,,,,,,,,,,,,,,,,,,,,,,,,,,,,,,,,,,,,,,,,,,,,,
20260930_防府_5R,20260930,63,防府,5,159.4,99.0,325.9,579.3,46.9,,,119.6,38.3,75.9,413.4,39.0,,,29.5,10.9,41.4,29.9,7.3,,,524.2,168.1,182.2,1076.3,198.8,,,1204.6,1033.5,376.6,1515.8,999.4,,,34.6,40.0,26.5,123.8,316.3,,,,,,,,,,,,,,,,,310.4,186.9,767.5,1421.1,104.0,,,346.4,622.9,437.2,1716.0,229.9,,,260.9,492.9,1021.9,878.7,283.7,,,1581.7,1166.0,1466.9,2562.0,671.2,,,3638.1,3031.7,2273.8,3368.6,2636.3,,,68.8,103.6,114.1,292.4,627.2,,,,,,,,,,,,,,,,,222.3,70.7,110.8,588.6,67.0,,,368.9,476.1,378.9,1432.3,218.8,,,72.7,310.9,89.0,384.5,122.5,,,57.6,154.8,48.1,303.6,58.7,,,1337.5,2715.0,1337.5,1410.1,1914.7,,,93.6,134.4,122.9,125.2,801.3,,,,,,,,,,,,,,,,,47.1,19.4,61.8,38.4,17.9,,,169.0,497.0,823.1,551.2,269.4,,,88.3,428.0,206.2,492.9,239.3,,,305.2,952.3,432.0,870.3,563.1,,,310.9,1102.4,739.4,1102.4,780.7,,,84.4,271.0,226.5,397.1,551.2,,,,,,,,,,,,,,,,,1421.1,398.0,519.7,2332.1,770.7,,,1837.4,994.0,1638.7,4134.2,1063.7,,,205.0,393.7,206.2,616.6,194.9,,,718.9,1624.1,564.9,1410.1,1070.0,,,3248.3,4916.3,2140.0,3248.3,4331.0,,,1016.2,1272.0,596.4,1057.5,2982.0,,,,,,,,,,,,,,,,,4331.0,2526.4,1051.4,4436.7,3368.6,,,5052.9,4042.3,2021.1,6496.6,3712.3,,,2756.1,4664.2,2067.1,3712.3,4664.2,,,1016.2,1856.1,1595.6,2562.0,2302.6,,,4916.3,6272.6,4664.2,4916.3,4331.0,,,4230.3,3954.4,4916.3,2842.2,4664.2,,,,,,,,,,,,,,,,,61.7,86.5,53.9,217.3,581.1,,,46.5,68.3,74.1,156.8,467.6,,,104.7,112.9,164.1,157.9,1095.8,,,96.9,177.6,211.0,358.7,596.4,,,608.3,444.7,407.8,636.0,2218.3,,,2067.1,1716.0,2393.4,1732.4,2982.0,,,,,,,,,,,,,,,,,,,,,,,,,,,,,,,,,,,,,,,,,,,,,,,,,,,,,,,,,,,,,,,,,,,,,,,,,,,,,,,,,,,,,,,,,,,,,,,,,,,,,,,,,,,,,,,,,,,,,,,,,,,,,,,,
20260930_防府_6R,20260930,63,防府,6,165.1,103.6,38.8,165.1,26.0,,,379.8,935.8,349.1,341.2,501.5,,,268.9,828.9,400.7,772.5,341.8,,,24.9,118.9,139.7,108.5,34.6,,,259.7,329.4,832.7,249.3,349.8,,,49.4,283.6,148.0,69.9,231.5,,,,,,,,,,,,,,,,,150.0,84.9,39.0,161.2,29.9,,,384.6,532.3,476.5,278.0,212.3,,,200.6,479.0,265.0,422.2,65.1,,,72.5,272.5,208.9,307.7,74.2,,,257.5,313.5,434.3,292.3,144.6,,,11.8,46.8,5.1,13.7,48.1,,,,,,,,,,,,,,,,,726.1,1681.0,574.5,551.8,894.3,,,615.4,997.5,832.7,465.5,328.2,,,2298.0,1665.5,2669.8,1551.6,2111.0,,,965.6,1418.3,2709.6,1107.0,1779.8,,,313.5,243.3,650.7,349.1,270.5,,,970.8,494.6,1031.5,1278.5,648.3,,,,,,,,,,,,,,,,,578.1,1852.5,1278.5,1833.8,889.9,,,535.5,1385.8,986.6,1178.8,245.3,,,2928.1,2669.8,3362.0,2357.7,2557.0,,,1620.9,1712.7,3946.6,3630.9,2086.7,,,2557.0,2017.2,2161.2,3300.8,2017.2,,,814.1,230.9,1315.5,1113.7,1325.1,,,,,,,,,,,,,,,,,85.7,282.7,331.8,309.8,94.3,,,132.0,655.4,655.4,935.8,203.7,,,759.6,1218.4,2420.6,1344.8,1252.0,,,1074.2,1385.8,2017.2,2557.0,1745.6,,,986.6,1375.3,1681.0,2420.6,1488.0,,,235.1,341.2,1218.4,921.5,1429.5,,,,,,,,,,,,,,,,,322.4,346.4,1113.7,345.1,415.4,,,226.0,193.9,560.3,363.8,110.0,,,202.3,137.2,450.4,264.2,175.4,,,1592.5,1156.3,1269.5,1995.0,1565.0,,,706.4,709.1,986.6,1911.0,810.4,,,349.1,181.9,307.1,637.0,591.3,,,,,,,,,,,,,,,,,72.7,421.2,201.4,121.1,589.4,,,26.5,87.0,12.5,31.3,85.9,,,555.1,313.0,540.3,621.7,555.1,,,220.8,66.7,511.4,228.9,304.1,,,220.5,203.3,926.2,489.3,916.9,,,723.2,314.0,769.2,720.4,806.8,,,,,,,,,,,,,,,,,,,,,,,,,,,,,,,,,,,,,,,,,,,,,,,,,,,,,,,,,,,,,,,,,,,,,,,,,,,,,,,,,,,,,,,,,,,,,,,,,,,,,,,,,,,,,,,,,,,,,,,,,,,,,,,,
20260930_防府_7R,20260930,63,防府,7,958.7,638.0,742.3,1616.8,1907.8,,,785.1,273.7,154.3,1128.8,871.1,,,311.7,171.1,43.2,98.9,528.4,,,373.3,106.5,60.1,561.1,337.6,,,1688.3,1783.0,703.9,1372.5,2980.9,,,2414.9,1799.8,1478.9,1238.8,3533.0,,,,,,,,,,,,,,,,,1142.4,522.6,935.2,1502.2,1688.3,,,1122.2,1170.4,461.9,1589.8,711.8,,,473.4,859.3,389.3,651.1,926.1,,,599.9,278.1,378.5,621.4,438.5,,,2578.1,2445.9,1551.0,1907.8,1031.2,,,2051.4,1630.6,1750.3,1207.4,2355.3,,,,,,,,,,,,,,,,,429.6,132.6,99.8,1083.9,494.2,,,529.9,571.2,356.6,930.6,1222.9,,,191.7,633.8,120.9,426.8,733.7,,,37.2,84.2,20.0,230.6,31.4,,,2298.5,3599.6,2384.7,1343.5,2847.5,,,1184.9,1115.6,1048.2,353.3,2935.1,,,,,,,,,,,,,,,,,143.1,129.7,41.0,82.0,417.4,,,259.2,683.8,269.4,429.6,983.4,,,237.8,633.8,162.7,514.2,537.4,,,49.3,116.1,89.2,107.9,211.7,,,137.2,246.4,518.4,185.7,472.2,,,1177.6,1514.1,1306.7,798.2,1334.1,,,,,,,,,,,,,,,,,145.5,30.5,26.7,326.6,109.3,,,172.4,70.8,104.5,255.7,132.0,,,10.3,19.1,6.0,83.6,6.3,,,26.5,63.4,24.9,83.0,75.2,,,424.9,397.4,217.2,275.3,274.5,,,161.4,77.6,27.7,72.7,179.4,,,,,,,,,,,,,,,,,3347.0,3974.6,1334.1,3179.7,6578.7,,,3599.6,4335.9,1589.8,3468.7,5450.9,,,4436.8,5611.2,2847.5,2764.9,6154.3,,,963.5,1324.8,1927.1,1177.6,2384.7,,,2980.9,3077.1,1987.3,1603.2,4239.6,,,9539.1,6578.7,7949.3,3974.6,4891.8,,,,,,,,,,,,,,,,,4335.9,3893.5,2384.7,2384.7,6813.6,,,3127.5,3077.1,3233.6,1907.8,4059.2,,,2613.4,2725.4,2578.1,625.5,3668.9,,,2192.9,3289.3,3028.3,1966.8,3028.3,,,1230.8,921.6,354.6,988.5,1987.3,,,7066.0,5961.9,5781.3,3974.6,6154.3,,,,,,,,,,,,,,,,,,,,,,,,,,,,,,,,,,,,,,,,,,,,,,,,,,,,,,,,,,,,,,,,,,,,,,,,,,,,,,,,,,,,,,,,,,,,,,,,,,,,,,,,,,,,,,,,,,,,,,,,,,,,,,,,
20260930_佐世保_1R,20260930,85,佐世保,1,234.2,757.7,1015.2,448.9,1765.1,,,40.6,17.5,23.7,4.2,181.2,,,821.8,77.1,378.8,153.3,964.8,,,1056.7,103.3,409.8,153.6,1386.9,,,217.8,12.7,64.9,79.5,339.1,,,2505.4,844.2,2465.6,2876.5,1049.5,,,,,,,,,,,,,,,,,1871.5,3883.4,4707.1,3106.7,8175.5,,,2251.2,5177.8,4568.7,3045.8,9999.9,,,5547.7,9999.9,6753.7,6213.4,9708.5,,,6472.3,8629.7,8175.5,4568.7,5010.8,,,2876.5,2773.8,7060.7,5547.7,9708.5,,,8629.7,9708.5,9999.9,5974.4,9999.9,,,,,,,,,,,,,,,,,29.3,16.0,19.8,3.8,149.0,,,186.7,1042.5,1585.0,311.2,1991.4,,,50.6,636.6,224.4,81.2,702.8,,,61.9,1008.6,265.9,84.1,839.6,,,8.7,158.0,47.1,46.8,282.4,,,655.4,2678.2,1785.4,1941.7,678.3,,,,,,,,,,,,,,,,,4087.7,647.2,2318.4,1150.6,3883.4,,,3451.9,5177.8,6213.4,5356.4,9708.5,,,693.4,4854.2,2546.4,1204.1,4854.2,,,3883.4,7060.7,4854.2,5010.8,9137.4,,,1522.9,8629.7,1374.6,4854.2,9137.4,,,9999.9,9708.5,7060.7,8629.7,9999.9,,,,,,,,,,,,,,,,,3530.3,533.8,858.2,719.1,5974.4,,,7766.8,9999.9,4854.2,6472.3,5177.8,,,533.8,7060.7,3045.8,784.5,5356.4,,,4707.1,9708.5,5010.8,4438.1,9999.9,,,908.3,8175.5,853.4,4314.8,3883.4,,,9708.5,8175.5,6472.3,9999.9,6213.4,,,,,,,,,,,,,,,,,433.9,39.7,185.1,177.5,669.5,,,1327.6,1028.7,2251.2,3883.4,5547.7,,,40.5,431.4,151.5,150.9,644.5,,,531.9,2632.8,463.6,1063.9,3305.0,,,431.4,2546.4,416.4,1117.5,2187.8,,,1242.6,3883.4,1725.9,4707.1,2824.2,,,,,,,,,,,,,,,,,5547.7,2930.8,8629.7,8175.5,3982.9,,,9999.9,9999.9,9999.9,6213.4,9999.9,,,4198.2,9999.9,8175.5,7396.9,6213.4,,,9999.9,9999.9,9137.4,9999.9,9999.9,,,9999.9,8175.5,5974.4,9999.9,9999.9,,,5177.8,9137.4,4854.2,9999.9,6753.7,,,,,,,,,,,,,,,,,,,,,,,,,,,,,,,,,,,,,,,,,,,,,,,,,,,,,,,,,,,,,,,,,,,,,,,,,,,,,,,,,,,,,,,,,,,,,,,,,,,,,,,,,,,,,,,,,,,,,,,,,,,,,,,,
20260930_佐世保_2R,20260930,85,佐世保,2,5603.9,1559.8,1609.6,4585.0,4323.0,,,7205.0,2225.0,3782.6,5043.5,4728.3,,,995.4,2017.4,108.6,917.0,546.2,,,453.0,1293.2,89.0,575.3,338.4,,,5403.7,5217.4,1468.9,1304.3,4450.1,,,2801.9,1681.1,752.7,700.4,2364.1,,,,,,,,,,,,,,,,,7205.0,5217.4,3981.7,6877.5,8405.8,,,9999.9,9999.9,7565.2,7963.4,9999.9,,,2909.7,6877.5,1050.7,4585.0,6304.4,,,2131.0,3981.7,764.1,1250.4,2654.4,,,9456.6,7963.4,9999.9,4202.9,6578.5,,,8405.8,9999.9,9456.6,4880.8,7205.0,,,,,,,,,,,,,,,,,8900.3,4202.9,3879.6,4880.8,7205.0,,,9999.9,5819.4,6578.5,8900.3,6578.5,,,4450.1,5819.4,1822.9,7963.4,5403.7,,,4585.0,5603.9,1965.0,3782.6,5819.4,,,7565.2,7205.0,8900.3,5217.4,9999.9,,,7565.2,9999.9,7963.4,7565.2,9999.9,,,,,,,,,,,,,,,,,179.6,441.1,16.4,155.0,96.4,,,254.7,1230.1,77.0,507.7,367.2,,,895.3,2225.0,289.3,2364.1,1719.3,,,7.7,17.8,73.3,16.1,12.5,,,178.4,405.6,939.7,55.5,296.0,,,148.1,307.5,963.7,38.0,312.6,,,,,,,,,,,,,,,,,96.4,300.2,18.4,106.4,66.8,,,82.5,402.4,44.9,167.1,160.7,,,610.1,681.5,198.0,635.7,649.3,,,4.7,18.6,57.7,14.4,8.9,,,94.8,140.2,365.4,37.5,130.6,,,88.9,166.0,398.1,39.4,169.8,,,,,,,,,,,,,,,,,6578.5,6052.2,2801.9,2101.4,7205.0,,,9999.9,5819.4,4728.3,4880.8,6877.5,,,9999.9,8405.8,7963.4,7963.4,9999.9,,,2101.4,874.5,4728.3,554.2,859.6,,,1250.4,764.1,3362.3,481.8,738.0,,,6877.5,6578.5,9999.9,5819.4,3690.3,,,,,,,,,,,,,,,,,5217.4,3087.8,1029.2,562.4,4323.0,,,6052.2,9999.9,6304.4,3087.8,8405.8,,,6877.5,9999.9,4880.8,4202.9,7205.0,,,879.6,2909.7,3289.2,396.0,2701.8,,,638.4,1626.9,2292.5,340.7,1662.7,,,5603.9,4728.3,6052.2,5217.4,2564.5,,,,,,,,,,,,,,,,,,,,,,,,,,,,,,,,,,,,,,,,,,,,,,,,,,,,,,,,,,,,,,,,,,,,,,,,,,,,,,,,,,,,,,,,,,,,,,,,,,,,,,,,,,,,,,,,,,,,,,,,,,,,,,,,
20260930_佐世保_3R,20260930,85,佐世保,3,90.9,52.5,344.1,324.6,77.2,,,92.4,32.7,53.7,298.0,20.5,,,27.7,34.8,115.8,130.0,26.0,,,799.3,219.5,310.4,665.6,305.4,,,1148.0,971.9,676.1,1402.1,877.2,,,54.5,13.2,18.3,108.0,276.8,,,,,,,,,,,,,,,,,128.1,83.4,557.2,566.4,108.8,,,512.1,709.8,1474.7,2138.3,1049.4,,,31.3,142.1,400.6,51.8,85.5,,,1800.6,2086.1,1437.5,2591.9,2479.2,,,1437.5,2221.6,550.0,4073.0,2409.3,,,78.7,583.8,249.3,1213.2,1075.8,,,,,,,,,,,,,,,,,430.8,171.7,166.2,591.9,175.8,,,579.8,647.9,1583.9,988.8,1613.8,,,394.1,1055.9,1305.8,1781.9,914.7,,,490.1,1966.2,781.1,909.9,1613.8,,,3354.2,3801.4,2553.2,5183.8,3718.8,,,425.5,1922.0,939.9,1230.6,2553.2,,,,,,,,,,,,,,,,,15.3,41.0,117.4,53.0,27.1,,,8.0,45.9,150.0,14.6,25.5,,,141.8,214.6,663.0,608.7,419.2,,,462.3,846.8,635.9,806.9,1196.2,,,78.6,46.7,199.6,504.6,108.7,,,39.2,42.6,132.9,363.1,76.6,,,,,,,,,,,,,,,,,2804.3,1449.7,1693.7,5183.8,1413.7,,,3289.7,6109.5,2804.3,9503.6,5345.8,,,1629.2,4386.3,4073.0,5183.8,3054.7,,,2375.9,3563.8,5345.8,5898.8,4501.7,,,9503.6,5183.8,9999.9,9999.9,9999.9,,,1629.2,7437.6,5345.8,3978.2,9999.9,,,,,,,,,,,,,,,,,2899.4,3421.3,1390.7,6109.5,3639.7,,,2899.4,4623.4,731.0,9999.9,5898.8,,,4751.8,6335.7,3718.8,9503.6,9503.6,,,1179.7,657.9,2311.7,4623.4,2553.2,,,9003.4,9999.9,9999.9,9999.9,9999.9,,,4276.6,5702.2,9503.6,5518.2,9999.9,,,,,,,,,,,,,,,,,85.2,43.7,49.0,272.3,579.8,,,137.5,767.1,322.1,1527.3,1500.5,,,311.0,1336.4,727.9,1315.8,3110.2,,,78.2,121.9,309.9,859.6,226.2,,,1346.9,4501.7,1900.7,2375.9,7437.6,,,2759.1,2375.9,2804.3,2280.8,5345.8,,,,,,,,,,,,,,,,,,,,,,,,,,,,,,,,,,,,,,,,,,,,,,,,,,,,,,,,,,,,,,,,,,,,,,,,,,,,,,,,,,,,,,,,,,,,,,,,,,,,,,,,,,,,,,,,,,,,,,,,,,,,,,,,
20260930_佐世保_4R,20260930,85,佐世保,4,557.6,1119.7,998.9,548.8,1493.0,,,636.9,322.1,1827.0,477.1,520.0,,,1044.0,401.3,1068.0,470.6,1218.0,,,1228.7,1197.0,1102.0,784.4,3654.0,,,181.5,136.3,245.3,365.4,482.1,,,1983.6,1186.7,1876.3,3085.6,1560.1,,,,,,,,,,,,,,,,,667.5,1176.7,1157.1,583.4,1803.2,,,664.3,113.4,273.3,270.6,157.0,,,754.6,134.1,275.5,334.5,382.5,,,377.3,145.3,199.7,161.4,404.8,,,490.6,279.9,453.7,458.2,651.8,,,2103.8,379.3,642.8,1028.5,1028.5,,,,,,,,,,,,,,,,,445.0,188.4,704.8,569.0,415.7,,,305.1,54.7,212.9,314.8,117.7,,,31.2,10.4,32.8,36.7,3.4,,,525.9,281.0,127.8,611.6,229.8,,,416.9,438.0,131.7,957.6,288.0,,,136.1,81.3,17.3,175.7,206.6,,,,,,,,,,,,,,,,,569.0,285.1,723.1,353.3,746.5,,,381.4,79.3,203.0,200.3,189.9,,,46.5,18.2,46.7,28.9,7.4,,,278.8,120.2,152.4,234.9,289.2,,,85.3,142.4,100.3,182.7,270.6,,,332.9,328.2,67.2,369.2,435.2,,,,,,,,,,,,,,,,,1059.9,1309.9,1446.3,1361.3,3018.5,,,436.6,169.1,218.3,281.6,546.6,,,1416.8,410.8,395.5,1672.9,639.8,,,1084.7,351.5,381.4,1006.1,1446.3,,,1493.0,1119.7,1928.5,1735.6,3471.3,,,3471.3,2353.4,1780.1,2479.5,5142.6,,,,,,,,,,,,,,,,,300.5,240.2,322.1,634.0,697.7,,,654.9,390.0,564.4,1102.0,1059.9,,,564.4,427.2,181.9,2314.2,288.6,,,435.2,306.5,175.7,1013.5,573.7,,,2012.3,1431.4,2276.2,1803.2,2670.2,,,2012.3,1735.6,1020.9,1542.8,4083.9,,,,,,,,,,,,,,,,,3386.6,2012.3,2436.0,4083.9,2954.3,,,1902.0,631.1,901.6,2041.9,2436.0,,,510.4,319.2,67.1,634.0,483.8,,,1402.5,754.6,131.6,1672.9,957.6,,,4788.0,3560.3,2103.8,3967.2,6311.4,,,2777.0,2722.6,1374.7,1560.1,4479.1,,,,,,,,,,,,,,,,,,,,,,,,,,,,,,,,,,,,,,,,,,,,,,,,,,,,,,,,,,,,,,,,,,,,,,,,,,,,,,,,,,,,,,,,,,,,,,,,,,,,,,,,,,,,,,,,,,,,,,,,,,,,,,,,
20260930_佐世保_5R,20260930,85,佐世保,5,49.6,10.2,55.2,114.3,22.0,,,85.6,96.2,151.5,95.2,90.5,,,27.9,95.6,115.0,170.5,48.1,,,184.4,245.6,189.3,505.2,89.7,,,237.1,140.2,277.2,423.2,297.9,,,13.9,36.5,16.0,12.7,111.3,,,,,,,,,,,,,,,,,95.3,26.7,165.4,216.4,56.2,,,173.8,140.8,873.3,372.1,567.9,,,16.0,58.3,121.0,188.6,69.0,,,501.9,1086.9,722.8,1386.0,553.4,,,576.6,547.4,537.6,1798.6,1373.4,,,112.1,434.1,150.7,300.9,716.0,,,,,,,,,,,,,,,,,177.1,314.1,597.1,248.9,266.9,,,191.4,156.8,926.8,318.7,585.5,,,373.0,264.1,1452.7,656.8,853.5,,,1269.6,1697.5,1865.2,1189.6,1642.2,,,112.2,132.1,275.7,581.0,396.5,,,547.4,799.3,744.2,830.1,778.7,,,,,,,,,,,,,,,,,32.7,121.5,243.6,287.2,60.7,,,19.3,66.2,145.5,175.6,69.8,,,218.6,179.0,1041.9,553.4,634.8,,,782.8,799.3,1248.6,1777.4,1180.3,,,510.4,429.2,423.2,1756.7,656.8,,,225.8,281.8,712.6,609.2,981.0,,,,,,,,,,,,,,,,,803.6,1466.8,1063.9,1325.3,311.5,,,1086.9,2962.4,1079.1,2962.4,868.3,,,2098.3,2650.6,2560.7,2650.6,2324.3,,,1697.5,1452.7,2604.9,2436.8,1607.2,,,2604.9,3597.2,2518.0,2746.9,2518.0,,,380.5,706.0,2189.6,1756.7,1510.8,,,,,,,,,,,,,,,,,233.1,166.7,244.4,821.1,347.3,,,475.1,567.9,436.6,2014.4,1302.4,,,103.3,144.5,177.1,604.3,392.4,,,629.5,654.0,719.4,1736.6,1280.3,,,1607.2,2797.8,1756.7,2324.3,2398.1,,,740.6,1541.6,904.6,1348.9,1228.3,,,,,,,,,,,,,,,,,61.6,170.1,70.6,46.2,255.6,,,133.5,791.0,261.3,328.4,932.6,,,462.0,1269.6,1102.8,1228.3,1248.6,,,204.7,344.1,770.8,696.2,1180.3,,,161.9,402.8,791.0,733.4,1041.9,,,642.9,2098.3,1162.1,1912.4,1280.3,,,,,,,,,,,,,,,,,,,,,,,,,,,,,,,,,,,,,,,,,,,,,,,,,,,,,,,,,,,,,,,,,,,,,,,,,,,,,,,,,,,,,,,,,,,,,,,,,,,,,,,,,,,,,,,,,,,,,,,,,,,,,,,,
20260930_佐世保_6R,20260930,85,佐世保,6,945.9,585.5,340.8,1334.5,1012.6,,,685.8,474.2,118.9,644.7,196.9,,,680.4,1056.1,408.9,1537.0,1220.9,,,83.5,27.6,64.7,35.9,49.8,,,1344.9,945.9,1422.7,267.7,1388.3,,,797.0,183.1,906.0,172.6,915.7,,,,,,,,,,,,,,,,,956.4,675.1,297.8,1344.9,1411.1,,,1125.1,694.1,470.3,2459.3,878.3,,,393.0,377.5,154.2,659.5,702.6,,,130.3,266.4,183.3,331.0,601.9,,,2459.3,2968.1,2358.2,1411.1,4303.8,,,1594.0,680.4,1117.8,815.8,4003.5,,,,,,,,,,,,,,,,,732.5,537.9,137.8,925.5,230.1,,,860.7,699.8,501.9,2358.2,526.4,,,1212.3,1265.8,610.4,1871.2,789.6,,,95.0,454.2,329.7,417.8,114.6,,,1793.2,2531.6,2531.6,1056.1,1399.6,,,144.1,251.3,242.1,69.5,587.5,,,,,,,,,,,,,,,,,1212.3,1756.6,680.4,2151.9,2732.6,,,765.1,945.9,490.4,1220.9,1484.0,,,1871.2,1912.8,1484.0,2869.2,1793.2,,,564.4,910.8,1069.2,1030.8,1594.0,,,4003.5,2531.6,3020.2,2207.1,4530.3,,,3586.5,2295.3,1721.5,2265.1,5063.3,,,,,,,,,,,,,,,,,18.8,6.5,11.7,3.6,16.1,,,53.6,219.5,121.9,171.6,385.1,,,30.5,211.2,122.2,141.1,61.8,,,66.1,190.2,205.9,238.1,410.8,,,29.0,177.2,133.3,144.7,203.7,,,49.0,328.5,52.1,233.9,211.2,,,,,,,,,,,,,,,,,2391.0,2099.4,2459.3,464.0,2295.3,,,2689.9,3662.8,1871.2,2179.1,3662.8,,,3074.1,4198.8,3074.1,2125.3,3074.1,,,3513.3,2459.3,2869.2,2358.2,3375.5,,,305.7,1187.2,978.1,1163.2,1304.1,,,3662.8,3586.5,3662.8,4303.8,2494.9,,,,,,,,,,,,,,,,,896.6,161.1,765.1,131.5,930.5,,,1220.9,726.3,1229.6,827.6,3130.0,,,81.9,199.2,218.4,45.1,551.7,,,1871.2,2326.4,1069.2,1082.7,3188.0,,,80.5,520.1,68.7,405.0,401.2,,,1537.0,3375.5,1388.3,3020.2,1265.8,,,,,,,,,,,,,,,,,,,,,,,,,,,,,,,,,,,,,,,,,,,,,,,,,,,,,,,,,,,,,,,,,,,,,,,,,,,,,,,,,,,,,,,,,,,,,,,,,,,,,,,,,,,,,,,,,,,,,,,,,,,,,,,,
20260930_佐世保_7R,20260930,85,佐世保,7,741.3,810.7,489.7,304.5,291.0,,,459.9,83.3,281.5,272.9,106.7,,,610.6,144.3,264.0,311.1,129.6,,,172.6,161.3,184.6,69.3,60.8,,,85.3,152.3,217.0,80.8,70.7,,,54.6,22.4,21.3,16.0,18.2,,,,,,,,,,,,,,,,,1143.4,1269.1,878.3,520.2,535.1,,,1346.7,969.6,1795.6,928.7,1683.4,,,1401.2,1053.9,1524.6,748.1,1409.3,,,921.7,1524.6,1361.8,370.6,954.3,,,295.6,387.2,338.0,179.3,287.2,,,452.2,939.5,1022.8,856.5,538.6,,,,,,,,,,,,,,,,,1005.8,145.8,550.9,543.5,237.4,,,1442.9,954.3,1850.4,1148.8,1707.1,,,98.9,237.8,107.0,159.4,120.3,,,833.0,1626.9,480.9,660.5,1022.8,,,595.6,696.5,448.9,774.4,897.8,,,244.6,1188.3,289.2,821.7,813.4,,,,,,,,,,,,,,,,,965.7,229.5,548.4,519.0,362.8,,,1377.3,772.0,1505.6,1014.2,1695.2,,,103.8,239.0,107.7,141.2,131.3,,,567.7,939.5,260.3,376.4,921.7,,,511.4,675.2,294.5,624.7,776.9,,,330.7,1176.7,314.4,853.5,682.8,,,,,,,,,,,,,,,,,505.0,484.8,545.9,176.4,148.0,,,779.4,1324.6,1289.4,381.1,827.3,,,928.7,1584.4,835.9,769.5,965.7,,,932.3,1434.4,712.9,592.6,1053.9,,,169.6,114.3,362.3,336.6,147.6,,,117.7,505.0,578.5,660.5,196.2,,,,,,,,,,,,,,,,,138.1,295.9,387.2,166.6,112.6,,,163.5,202.1,190.4,105.6,136.4,,,486.7,584.1,429.8,494.7,715.0,,,692.6,532.7,503.9,550.9,639.6,,,114.9,63.6,221.1,232.1,95.0,,,92.2,185.7,317.7,361.8,154.1,,,,,,,,,,,,,,,,,39.5,15.4,16.0,14.5,12.3,,,111.1,651.6,648.1,453.1,236.0,,,65.9,446.4,123.4,348.2,353.8,,,71.9,577.1,178.1,379.3,218.9,,,38.9,185.9,159.6,217.2,60.7,,,37.3,115.8,223.8,165.4,79.7,,,,,,,,,,,,,,,,,,,,,,,,,,,,,,,,,,,,,,,,,,,,,,,,,,,,,,,,,,,,,,,,,,,,,,,,,,,,,,,,,,,,,,,,,,,,,,,,,,,,,,,,,,,,,,,,,,,,,,,,,,,,,,,,
