race_key,date,jo_code,jo_name,race_no,car_no,player_id,player_name,prefecture,age,term,class,previous_class,style,average_score,win_rate,quinella_rate,trio_rate,escape_count,makuri_count,sashi_count,mark_count,back_count,home_count,start_count
20260727_豊橋_1R,20260727,45,豊橋,1,1,015201,門田 凌,愛 媛,32,111,S2,A1,両,92.13,30.0,50.0,60.0,1,6,7,1,0,1,3
20260727_豊橋_1R,20260727,45,豊橋,1,2,015615,荒川 仁,千 葉,28,121,S2,A1,逃,91.9,15.0,30.0,45.0,4,2,0,0,8,5,1
20260727_豊橋_1R,20260727,45,豊橋,1,3,015723,稲毛 知也,和歌山,28,123,S2,A1,逃,91.88,37.0,44.0,51.0,2,10,0,0,11,7,10
20260727_豊橋_1R,20260727,45,豊橋,1,4,014313,小谷 実,京 都,39,93,S2,S2,追,94.9,6.0,9.0,15.0,0,0,2,1,0,0,11
20260727_豊橋_1R,20260727,45,豊橋,1,5,014582,平原 啓多,埼 玉,41,97,S2,S2,追,96.94,0.0,7.0,23.0,0,0,1,2,0,0,0
20260727_豊橋_1R,20260727,45,豊橋,1,6,015127,野村 典嗣,愛 媛,36,109,S2,A1,追,89.7,6.0,26.0,36.0,0,1,4,3,0,0,3
20260727_豊橋_1R,20260727,45,豊橋,1,7,012533,澤田 義和,兵 庫,53,69,S2,S2,追,97.11,11.0,22.0,33.0,0,0,2,0,0,0,1
20260727_豊橋_2R,20260727,45,豊橋,2,1,014292,丸山 直樹,埼 玉,40,93,S2,A1,追,93.33,22.0,38.0,50.0,0,1,5,1,0,0,5
20260727_豊橋_2R,20260727,45,豊橋,2,2,014248,吉川 起也,富 山,43,92,S2,A1,両,94.12,37.0,58.0,75.0,1,8,4,1,3,1,5
20260727_豊橋_2R,20260727,45,豊橋,2,3,012478,加倉 正義,福 岡,55,68,S2,S2,追,92.25,0.0,0.0,12.0,0,0,0,0,0,0,0
20260727_豊橋_2R,20260727,45,豊橋,2,4,014221,古川 尚耶,栃 木,40,92,S2,S2,追,99.0,5.0,23.0,28.0,0,0,4,5,0,0,1
20260727_豊橋_2R,20260727,45,豊橋,2,5,014177,小堺 浩二,石 川,43,91,S2,S2,両,101.28,18.0,20.0,44.0,0,4,4,1,2,2,6
20260727_豊橋_2R,20260727,45,豊橋,2,6,012688,佐藤 成人,奈 良,52,71,S2,A1,追,92.0,7.0,28.0,35.0,0,0,2,2,0,0,0
20260727_豊橋_2R,20260727,45,豊橋,2,7,015333,高橋 晋也,福 島,31,115,S2,S1,逃,99.45,8.0,21.0,34.0,1,2,1,1,5,5,3
20260727_豊橋_3R,20260727,45,豊橋,3,1,015416,小笠原 光,岩 手,30,117,S2,S2,両,93.75,0.0,6.0,12.0,0,1,0,0,1,2,0
20260727_豊橋_3R,20260727,45,豊橋,3,2,012813,成清 貴之,千 葉,52,73,S2,S2,追,100.02,7.0,23.0,35.0,0,0,7,2,0,0,0
20260727_豊橋_3R,20260727,45,豊橋,3,3,013726,川村 晃司,京 都,50,85,S2,S2,両,99.04,8.0,20.0,33.0,0,2,1,2,0,1,4
20260727_豊橋_3R,20260727,45,豊橋,3,4,014325,蓮井 祐輝,香 川,43,93,S2,A1,追,92.33,5.0,22.0,55.0,0,0,1,3,0,0,2
20260727_豊橋_3R,20260727,45,豊橋,3,5,015169,野口 裕史,千 葉,43,111,S2,S1,逃,100.75,21.0,34.0,41.0,12,2,0,0,24,26,0
20260727_豊橋_3R,20260727,45,豊橋,3,6,015113,酒井 拳蔵,大 阪,30,109,S2,A1,両,91.51,29.0,44.0,44.0,1,6,5,0,3,3,9
20260727_豊橋_3R,20260727,45,豊橋,3,7,015171,出澤 拓也,神奈川,35,111,S2,S2,追,94.31,0.0,7.0,25.0,0,0,0,3,0,0,1
20260727_豊橋_3R,20260727,45,豊橋,3,8,013537,谷津田 将吾,福 島,46,83,S2,A1,追,91.52,14.0,28.0,33.0,0,0,6,0,0,0,3
20260727_豊橋_4R,20260727,45,豊橋,4,1,015620,纐纈 洸翔,愛 知,24,121,S1,S1,両,104.8,7.0,25.0,40.0,1,3,3,0,3,4,0
20260727_豊橋_4R,20260727,45,豊橋,4,2,014723,石川 裕二,茨 城,42,99,S2,S1,追,101.04,3.0,3.0,30.0,0,0,1,0,0,0,2
20260727_豊橋_4R,20260727,45,豊橋,4,3,013978,菊地 圭尚,北海道,46,89,S2,S2,追,102.94,0.0,29.0,35.0,0,0,3,2,0,0,0
20260727_豊橋_4R,20260727,45,豊橋,4,4,014929,小酒 大勇,宮 崎,32,103,S2,S2,両,98.59,6.0,25.0,37.0,0,0,3,5,0,0,2
20260727_豊橋_4R,20260727,45,豊橋,4,5,014168,高橋 和也,愛 知,40,91,S2,S2,両,102.59,14.0,28.0,46.0,2,1,4,1,3,3,3
20260727_豊橋_4R,20260727,45,豊橋,4,6,015610,永井 哉多,東 京,24,121,S2,A1,逃,96.19,69.0,73.0,76.0,8,11,0,0,14,11,0
20260727_豊橋_4R,20260727,45,豊橋,4,7,014553,久米 良,徳 島,38,96,S1,S1,追,107.56,0.0,12.0,18.0,0,0,0,2,0,0,0
20260727_豊橋_4R,20260727,45,豊橋,4,8,015643,小川 将二郎,徳 島,24,121,S2,S2,逃,98.19,9.0,21.0,31.0,2,5,0,0,6,6,0
20260727_豊橋_4R,20260727,45,豊橋,4,9,014052,飯野 祐太,福 島,41,90,S2,S1,両,106.63,13.0,30.0,46.0,0,1,5,3,0,0,2
20260727_豊橋_5R,20260727,45,豊橋,5,1,014791,木村 弘,青 森,34,100,S2,S1,逃,102.11,15.0,34.0,38.0,4,5,0,0,13,14,0
20260727_豊橋_5R,20260727,45,豊橋,5,2,015807,塩島 嵩一朗,神奈川,26,125,S1,S2,逃,100.87,20.0,28.0,48.0,4,3,0,0,14,13,3
20260727_豊橋_5R,20260727,45,豊橋,5,3,014211,佐藤 幸治,長 崎,40,92,S2,S2,両,104.43,20.0,43.0,56.0,3,7,3,0,5,5,7
20260727_豊橋_5R,20260727,45,豊橋,5,4,014259,戸田 洋平,岡 山,43,92,S2,S2,追,99.09,4.0,17.0,30.0,0,0,4,0,0,0,0
20260727_豊橋_5R,20260727,45,豊橋,5,5,013619,竹内 智彦,宮 城,49,84,S1,S1,追,107.23,10.0,36.0,57.0,0,0,5,2,0,0,0
20260727_豊橋_5R,20260727,45,豊橋,5,6,014026,高橋 成英,愛 知,43,89,S2,A1,両,80.04,4.0,12.0,16.0,3,0,0,0,5,6,1
20260727_豊橋_5R,20260727,45,豊橋,5,7,014552,福島 武士,香 川,40,96,S1,S2,追,100.58,9.0,29.0,35.0,0,0,5,4,0,0,4
20260727_豊橋_5R,20260727,45,豊橋,5,8,013976,明田 春喜,北海道,45,89,S2,A2,追,92.83,26.0,70.0,76.0,0,0,11,10,0,0,0
20260727_豊橋_5R,20260727,45,豊橋,5,9,013719,吉田 敏洋,愛 知,46,85,S2,S2,両,102.25,17.0,34.0,48.0,0,0,7,3,0,0,0
20260727_豊橋_6R,20260727,45,豊橋,6,1,013945,福田 知也,神奈川,43,88,S1,S1,追,98.34,9.0,21.0,36.0,0,1,6,0,0,0,1
20260727_豊橋_6R,20260727,45,豊橋,6,2,014664,志村 龍己,山 梨,39,98,S2,S2,追,102.24,13.0,27.0,41.0,0,0,6,2,0,0,5
20260727_豊橋_6R,20260727,45,豊橋,6,3,014558,松尾 透,福 岡,41,96,S2,S2,追,98.87,5.0,16.0,41.0,0,0,4,2,1,0,5
20260727_豊橋_6R,20260727,45,豊橋,6,4,015117,野崎 将史,岡 山,39,109,S2,S2,両,97.16,10.0,15.0,15.0,0,0,2,1,0,0,0
20260727_豊橋_6R,20260727,45,豊橋,6,5,013618,櫻井 学,群 馬,46,84,S2,S2,両,97.23,8.0,23.0,32.0,0,0,6,2,1,1,5
20260727_豊橋_6R,20260727,45,豊橋,6,6,015524,栗本 武典,千 葉,30,119,S2,A1,両,90.08,12.0,37.0,54.0,3,3,2,1,4,3,4
20260727_豊橋_6R,20260727,45,豊橋,6,7,013821,中村 圭志,熊 本,45,86,S1,S1,追,107.51,7.0,32.0,50.0,0,0,6,3,0,0,3
20260727_豊橋_6R,20260727,45,豊橋,6,8,014450,金子 哲大,埼 玉,37,95,S2,S2,両,96.47,5.0,20.0,25.0,2,1,1,0,2,3,1
20260727_豊橋_6R,20260727,45,豊橋,6,9,015390,伊藤 颯馬,沖 縄,27,115,S1,S1,逃,106.83,10.0,29.0,62.0,3,5,1,2,12,14,4
20260727_豊橋_7R,20260727,45,豊橋,7,1,014465,村上 直久,神奈川,45,95,S2,S2,両,101.03,12.0,27.0,36.0,4,3,2,0,8,11,0
20260727_豊橋_7R,20260727,45,豊橋,7,2,015715,平野 想真,愛 知,27,123,S2,S2,逃,101.7,17.0,32.0,35.0,5,4,0,0,15,12,6
20260727_豊橋_7R,20260727,45,豊橋,7,3,015476,緒方 将樹,熊 本,27,117,S1,S2,逃,101.25,15.0,34.0,46.0,3,6,1,1,6,4,6
20260727_豊橋_7R,20260727,45,豊橋,7,4,014617,西岡 拓朗,広 島,42,97,S2,S2,追,96.55,3.0,10.0,24.0,0,0,1,2,0,0,3
20260727_豊橋_7R,20260727,45,豊橋,7,5,012887,新田 康仁,静 岡,52,74,S2,S1,追,105.66,33.0,44.0,44.0,0,0,4,0,0,0,0
20260727_豊橋_7R,20260727,45,豊橋,7,6,014720,高橋 広大,埼 玉,39,99,S2,A1,追,91.06,0.0,18.0,25.0,0,0,1,2,0,0,1
20260727_豊橋_7R,20260727,45,豊橋,7,7,014641,箱田 優樹,青 森,35,98,S2,S2,追,102.66,7.0,14.0,39.0,0,0,2,2,0,0,0
20260727_豊橋_7R,20260727,45,豊橋,7,8,014310,三谷 政史,奈 良,43,93,S2,A1,追,94.92,6.0,40.0,66.0,0,0,2,4,0,0,2
20260727_豊橋_7R,20260727,45,豊橋,7,9,014852,徳永 哲人,熊 本,44,100,S2,S1,両,103.47,8.0,20.0,28.0,0,0,5,2,0,0,5
20260727_豊橋_8R,20260727,45,豊橋,8,1,013724,渡辺 十夢,福 井,46,85,S2,S2,追,101.16,6.0,30.0,42.0,0,0,5,5,0,0,3
20260727_豊橋_8R,20260727,45,豊橋,8,2,015520,桑名 僚也,埼 玉,28,119,S2,S2,追,105.5,21.0,50.0,67.0,0,0,8,6,0,0,10
20260727_豊橋_8R,20260727,45,豊橋,8,3,013514,山口 貴嗣,福 岡,47,82,S2,S2,追,100.96,12.0,20.0,48.0,0,0,3,2,0,0,1
20260727_豊橋_8R,20260727,45,豊橋,8,4,013967,岡本 大嗣,東 京,46,88,S2,S2,追,99.25,11.0,22.0,40.0,0,0,6,0,0,0,0
20260727_豊橋_8R,20260727,45,豊橋,8,5,014757,藤井 昭吾,滋 賀,40,99,S1,S2,両,101.97,5.0,27.0,50.0,1,4,3,2,7,10,5
20260727_豊橋_8R,20260727,45,豊橋,8,6,014330,坂田 章,高 知,41,93,S2,A1,追,93.44,7.0,30.0,50.0,0,0,4,4,0,0,2
20260727_豊橋_8R,20260727,45,豊橋,8,7,015521,中島 詩音,山 梨,28,119,S2,S2,逃,105.65,15.0,30.0,57.0,1,6,0,1,2,3,4
20260727_豊橋_8R,20260727,45,豊橋,8,8,014956,小川 賢人,福 岡,41,103,S1,A1,両,95.44,14.0,37.0,62.0,1,4,3,2,1,1,3
20260727_豊橋_8R,20260727,45,豊橋,8,9,014212,山崎 将幸,宮 城,39,92,S2,S2,追,101.03,19.0,32.0,41.0,0,0,9,1,0,0,12
20260727_豊橋_9R,20260727,45,豊橋,9,1,014113,北津留 翼,福 岡,41,90,S1,S1,逃,110.65,25.0,40.0,45.0,0,6,1,1,4,7,3
20260727_豊橋_9R,20260727,45,豊橋,9,2,015438,佐々木 和紀,神奈川,29,117,S2,S2,追,101.03,3.0,17.0,34.0,0,0,2,3,0,0,5
20260727_豊橋_9R,20260727,45,豊橋,9,3,015198,今村 麟太郎,高 知,30,111,S2,S2,両,102.36,18.0,36.0,54.0,0,4,3,1,2,3,1
20260727_豊橋_9R,20260727,45,豊橋,9,4,014232,柴田 洋輔,東 京,40,92,S2,S2,追,98.81,3.0,7.0,21.0,0,0,1,1,0,0,2
20260727_豊橋_9R,20260727,45,豊橋,9,5,015052,渡邉 豪大,福 岡,37,107,S2,S2,追,106.6,23.0,30.0,46.0,0,0,8,0,0,0,8
20260727_豊橋_9R,20260727,45,豊橋,9,6,015694,浮島 知稀,群 馬,26,123,S2,S2,逃,95.73,11.0,14.0,23.0,5,0,0,0,12,11,2
20260727_豊橋_9R,20260727,45,豊橋,9,7,013495,友定 祐己,岡 山,47,82,S2,S2,追,103.04,19.0,28.0,42.0,0,0,5,1,0,0,8
20260727_豊橋_9R,20260727,45,豊橋,9,8,014730,中田 健太,埼 玉,36,99,S2,A1,追,98.3,33.0,48.0,77.0,0,0,12,1,0,0,11
20260727_豊橋_9R,20260727,45,豊橋,9,9,015386,阪本 和也,長 崎,31,115,S2,S2,追,101.65,14.0,28.0,61.0,0,0,3,3,0,0,4
20260727_豊橋_10R,20260727,45,豊橋,10,1,015464,町田 太我,広 島,26,117,S1,S1,逃,111.64,16.0,45.0,61.0,9,5,0,0,15,12,3
20260727_豊橋_10R,20260727,45,豊橋,10,2,014860,吉澤 純平,茨 城,41,101,S1,S1,両,109.5,30.0,43.0,47.0,0,1,7,2,0,0,6
20260727_豊橋_10R,20260727,45,豊橋,10,3,014501,守澤 太志,秋 田,41,96,S1,S1,追,109.54,0.0,21.0,39.0,0,1,4,0,0,0,0
20260727_豊橋_10R,20260727,45,豊橋,10,4,015718,棚瀬 義大,岐 阜,26,123,S2,S2,逃,104.0,11.0,46.0,61.0,11,1,0,0,18,18,9
20260727_豊橋_10R,20260727,45,豊橋,10,5,014534,深谷 知広,静 岡,36,96,S1,S1,逃,115.25,45.0,64.0,64.0,4,11,3,2,10,9,5
20260727_豊橋_10R,20260727,45,豊橋,10,6,014504,杉本 正隆,茨 城,40,96,S1,S2,追,100.46,25.0,37.0,50.0,0,0,5,1,0,0,2
20260727_豊橋_10R,20260727,45,豊橋,10,7,013894,園田 匠,福 岡,44,87,S1,S1,追,110.75,17.0,35.0,50.0,0,0,10,4,0,0,0
20260727_豊橋_10R,20260727,45,豊橋,10,8,013862,鈴木 伸之,愛 知,46,87,S2,S2,追,101.19,12.0,19.0,35.0,0,0,6,0,0,0,1
20260727_豊橋_10R,20260727,45,豊橋,10,9,015517,橋本 壮史,茨 城,31,119,S2,S2,逃,104.48,8.0,28.0,45.0,8,2,0,0,20,23,5
20260727_豊橋_11R,20260727,45,豊橋,11,1,014996,岡本 総,愛 知,38,105,S1,S1,追,107.64,12.0,35.0,41.0,0,1,8,2,0,0,8
20260727_豊橋_11R,20260727,45,豊橋,11,2,015034,新山 響平,青 森,32,107,S1,S1,逃,114.19,32.0,45.0,64.0,6,7,0,1,16,15,4
20260727_豊橋_11R,20260727,45,豊橋,11,3,014462,小原 太樹,神奈川,37,95,S1,S1,追,110.64,15.0,34.0,50.0,0,0,9,2,0,0,14
20260727_豊橋_11R,20260727,45,豊橋,11,4,014846,久米 康平,徳 島,34,100,S1,S1,両,103.62,7.0,18.0,25.0,1,3,1,0,2,3,5
20260727_豊橋_11R,20260727,45,豊橋,11,5,014152,宿口 陽一,埼 玉,42,91,S1,S1,両,111.07,17.0,37.0,48.0,0,0,9,2,0,0,5
20260727_豊橋_11R,20260727,45,豊橋,11,6,014889,津村 洸次郎,福 岡,35,101,S2,S2,両,94.42,3.0,17.0,21.0,1,1,0,3,7,10,7
20260727_豊橋_11R,20260727,45,豊橋,11,7,015537,志田 龍星,岐 阜,28,119,S1,S1,逃,110.32,24.0,48.0,64.0,5,5,2,0,14,11,2
20260727_豊橋_11R,20260727,45,豊橋,11,8,013118,山内 卓也,愛 知,49,77,S2,S2,追,98.0,11.0,22.0,27.0,0,0,5,3,0,0,1
20260727_豊橋_11R,20260727,45,豊橋,11,9,015440,長田 龍拳,静 岡,25,117,S2,S2,逃,106.27,20.0,51.0,72.0,11,3,1,0,22,19,6
20260727_豊橋_12R,20260727,45,豊橋,12,1,013917,成田 和也,福 島,47,88,S1,S1,追,111.88,7.0,34.0,53.0,0,0,5,4,0,0,9
20260727_豊橋_12R,20260727,45,豊橋,12,2,015242,眞杉 匠,栃 木,27,113,SS,SS,逃,117.77,29.0,54.0,70.0,6,7,3,1,12,8,6
20260727_豊橋_12R,20260727,45,豊橋,12,3,015362,脇本 勇希,福 井,27,115,S1,S1,逃,106.22,16.0,29.0,38.0,4,4,1,0,8,8,2
20260727_豊橋_12R,20260727,45,豊橋,12,4,015417,櫻井 祐太郎,宮 城,26,117,S1,S1,逃,105.25,16.0,32.0,35.0,6,2,1,1,10,13,8
20260727_豊橋_12R,20260727,45,豊橋,12,5,015826,久田 朔,大 阪,22,125,S2,S2,逃,106.11,25.0,59.0,74.0,9,7,0,0,19,18,3
20260727_豊橋_12R,20260727,45,豊橋,12,6,014499,佐藤 博紀,岩 手,40,96,S2,S1,両,104.29,12.0,25.0,50.0,0,6,0,0,0,1,9
20260727_豊橋_12R,20260727,45,豊橋,12,7,015412,菊池 岳仁,長 野,26,117,S1,S1,逃,108.41,16.0,40.0,52.0,7,3,0,0,14,10,8
20260727_豊橋_12R,20260727,45,豊橋,12,8,014231,河村 雅章,東 京,43,92,S1,S2,追,104.35,28.0,46.0,53.0,0,0,10,3,0,0,7
20260727_豊橋_12R,20260727,45,豊橋,12,9,013730,東口 善朋,和歌山,46,85,S1,S1,追,107.87,15.0,23.0,30.0,0,0,5,1,0,0,4
20260727_立川_1R,20260727,28,立川,1,1,015829,油谷 蒼,兵 庫,31,125,A2,A2,逃,77.5,0.0,0.0,0.0,0,0,0,0,0,0,1
20260727_立川_1R,20260727,28,立川,1,2,014858,小原 唯志,茨 城,43,101,A1,A1,逃,90.62,16.0,40.0,46.0,3,4,4,1,8,8,0
20260727_立川_1R,20260727,28,立川,1,3,014502,相笠 翔太,福 島,36,96,A2,A2,両,84.3,26.0,33.0,43.0,0,3,7,0,0,2,1
20260727_立川_1R,20260727,28,立川,1,4,013465,春日 勇人,千 葉,50,82,A1,A1,追,86.5,15.0,26.0,57.0,0,0,5,2,0,0,3
20260727_立川_1R,20260727,28,立川,1,5,013799,真田 晃,兵 庫,47,86,A2,A1,追,85.69,3.0,27.0,48.0,0,0,4,5,0,0,7
20260727_立川_1R,20260727,28,立川,1,6,013358,行成 大祐,香 川,51,80,A2,A3,追,72.5,3.0,6.0,37.0,0,0,1,1,0,0,0
20260727_立川_1R,20260727,28,立川,1,7,013914,小谷田 公則,福 島,45,88,A1,A2,追,87.0,14.0,37.0,48.0,0,0,8,2,0,0,2
20260727_立川_2R,20260727,28,立川,2,1,015838,森 柾斗,徳 島,26,125,A2,A2,逃,86.12,16.0,33.0,41.0,3,4,0,1,8,8,1
20260727_立川_2R,20260727,28,立川,2,2,014586,近藤 寛央,東 京,39,97,A2,A1,追,84.22,0.0,7.0,29.0,0,0,1,1,0,1,15
20260727_立川_2R,20260727,28,立川,2,3,013263,田中 雅史,愛 知,49,79,A2,A1,追,83.92,22.0,33.0,44.0,0,2,6,1,0,1,4
20260727_立川_2R,20260727,28,立川,2,4,015245,尾崎 悠生,埼 玉,29,113,A1,A2,逃,85.6,30.0,46.0,56.0,12,2,0,0,18,17,0
20260727_立川_2R,20260727,28,立川,2,5,014172,山田 隼司,岐 阜,39,91,A2,A2,両,81.85,14.0,22.0,37.0,3,0,3,0,7,8,1
20260727_立川_2R,20260727,28,立川,2,6,012800,豊田 一馬,群 馬,51,73,A2,A2,追,80.87,4.0,16.0,20.0,0,0,2,2,0,0,0
20260727_立川_2R,20260727,28,立川,2,7,014709,松岡 孝高,熊 本,40,98,A1,A1,両,86.83,25.0,29.0,45.0,0,2,5,0,0,0,1
20260727_立川_3R,20260727,28,立川,3,1,014532,柴田 竜史,静 岡,38,96,A2,A2,追,80.56,0.0,16.0,27.0,0,0,2,1,0,0,4
20260727_立川_3R,20260727,28,立川,3,2,015821,志田 愛希飛,富 山,24,125,A1,A2,逃,90.94,21.0,57.0,63.0,5,5,1,0,11,9,0
20260727_立川_3R,20260727,28,立川,3,3,012708,野木 義規,北海道,53,72,A2,A3,追,75.33,10.0,42.0,52.0,0,0,3,5,0,0,1
20260727_立川_3R,20260727,28,立川,3,4,013477,宮司 周郎,愛 知,50,82,A1,A1,追,87.0,11.0,48.0,59.0,0,0,5,8,0,0,3
20260727_立川_3R,20260727,28,立川,3,5,015705,鳥海 創,千 葉,24,123,A2,A2,逃,83.36,27.0,31.0,45.0,6,1,0,0,8,10,1
20260727_立川_3R,20260727,28,立川,3,6,013399,塚本 勝士,栃 木,49,81,A2,A3,両,71.54,8.0,16.0,33.0,2,2,0,0,3,3,1
20260727_立川_3R,20260727,28,立川,3,7,013775,鈴木 良太,静 岡,49,86,A1,A2,追,84.5,0.0,30.0,38.0,0,0,2,2,0,0,3
20260727_立川_4R,20260727,28,立川,4,1,015843,松本 昂大,長 崎,22,125,A1,A2,逃,83.44,29.0,29.0,33.0,6,2,0,0,12,14,0
20260727_立川_4R,20260727,28,立川,4,2,014456,亀井 久幸,千 葉,44,95,A2,A1,追,79.72,0.0,5.0,21.0,0,0,0,1,0,1,0
20260727_立川_4R,20260727,28,立川,4,3,012452,伊藤 健詞,石 川,56,68,A2,A1,追,87.74,7.0,29.0,44.0,0,0,5,3,0,0,2
20260727_立川_4R,20260727,28,立川,4,4,015721,内山 慧大,福 井,24,123,A1,A1,逃,90.44,33.0,44.0,48.0,5,5,2,0,16,10,15
20260727_立川_4R,20260727,28,立川,4,5,014784,萱島 大介,大 分,46,99,A2,A1,追,84.22,7.0,25.0,40.0,0,1,4,2,0,0,1
20260727_立川_4R,20260727,28,立川,4,6,014584,井上 嵩,神奈川,37,97,A2,A2,両,78.55,0.0,0.0,0.0,0,0,0,0,0,0,0
20260727_立川_4R,20260727,28,立川,4,7,012779,田川 辰二,熊 本,52,72,A2,A2,追,80.47,4.0,9.0,28.0,0,0,1,1,0,0,1
20260727_立川_5R,20260727,28,立川,5,1,014066,池田 勇人,埼 玉,41,90,A1,S2,追,96.26,10.0,10.0,23.0,1,0,3,0,1,1,2
20260727_立川_5R,20260727,28,立川,5,2,015010,吉川 嘉斗,徳 島,33,105,A1,S2,追,92.66,6.0,16.0,19.0,0,2,1,2,0,0,2
20260727_立川_5R,20260727,28,立川,5,3,013901,山田 敦也,北海道,43,88,A1,S2,追,98.54,12.0,33.0,58.0,0,0,6,2,0,0,1
20260727_立川_5R,20260727,28,立川,5,4,015262,内山 雅貴,静 岡,31,113,A1,S2,逃,98.54,32.0,35.0,54.0,2,6,2,1,9,5,5
20260727_立川_5R,20260727,28,立川,5,5,014326,福島 栄一,香 川,42,93,A1,S2,追,94.84,6.0,12.0,28.0,0,0,3,1,0,1,20
20260727_立川_5R,20260727,28,立川,5,6,014949,石口 慶多,兵 庫,37,103,A1,S2,両,91.57,3.0,3.0,3.0,0,1,0,0,4,6,0
20260727_立川_5R,20260727,28,立川,5,7,015433,山本 勝利,東 京,28,117,A1,S2,逃,99.24,13.0,24.0,44.0,3,2,2,0,11,11,7
20260727_立川_6R,20260727,28,立川,6,1,015939,半田 水晶,茨 城,28,128,L1,L1,両,55.11,48.0,59.0,81.0,14,2,0,0,22,20,3
20260727_立川_6R,20260727,28,立川,6,2,015944,赤池 七虹,静 岡,23,128,L1,L1,両,48.29,0.0,6.0,25.0,0,0,2,0,1,5,11
20260727_立川_6R,20260727,28,立川,6,3,130135,ファンデルワ,オラン,28,,L1,L1,両,57.55,77.0,100.0,100.0,1,7,0,1,4,1,0
20260727_立川_6R,20260727,28,立川,6,4,015321,比嘉 真梨代,沖 縄,37,114,L1,L1,追,50.33,9.0,15.0,33.0,0,1,2,2,1,2,20
20260727_立川_6R,20260727,28,立川,6,5,015682,渡部 遥,愛 媛,24,122,L1,L1,両,50.23,13.0,33.0,43.0,3,0,4,3,3,6,1
20260727_立川_6R,20260727,28,立川,6,6,015230,寺崎 舞織,福 井,28,112,L1,L1,両,54.72,25.0,58.0,83.0,0,2,3,2,1,0,2
20260727_立川_7R,20260727,28,立川,7,1,015306,佐藤 水菜,神奈川,27,114,L1,L1,逃,63.66,100.0,100.0,100.0,2,4,0,0,5,2,0
20260727_立川_7R,20260727,28,立川,7,2,015078,三宅 玲奈,岡 山,30,108,L1,L1,追,46.68,3.0,3.0,3.0,0,0,1,0,0,0,0
20260727_立川_7R,20260727,28,立川,7,3,015313,豊岡 英子,大 阪,45,114,L1,L1,両,50.25,3.0,14.0,40.0,2,1,1,0,4,9,2
20260727_立川_7R,20260727,28,立川,7,4,130129,グロ,フラン,27,,L1,L1,両,57.0,66.0,77.0,88.0,1,5,1,0,3,1,0
20260727_立川_7R,20260727,28,立川,7,5,015864,田野口 佳奈,香 川,21,126,L1,L1,両,48.48,3.0,9.0,16.0,0,1,1,1,0,0,3
20260727_立川_7R,20260727,28,立川,7,6,015858,平子 結菜,三 重,22,126,L1,L1,両,50.38,9.0,19.0,35.0,2,1,1,2,7,7,4
20260727_立川_7R,20260727,28,立川,7,7,014896,野口 諭実可,大 分,33,102,L1,L1,両,48.6,2.0,16.0,25.0,1,1,1,3,2,5,2
20260727_立川_8R,20260727,28,立川,8,1,014163,内田 英介,東 京,45,91,S2,A1,追,92.09,9.0,29.0,51.0,0,0,4,5,0,0,22
20260727_立川_8R,20260727,28,立川,8,2,015064,吉武 信太朗,愛 媛,32,107,S2,S2,逃,96.15,0.0,2.0,23.0,0,0,0,1,4,6,3
20260727_立川_8R,20260727,28,立川,8,3,014786,本郷 雄三,熊 本,38,99,S2,S2,両,99.48,13.0,18.0,35.0,1,3,1,2,2,1,10
20260727_立川_8R,20260727,28,立川,8,4,015385,立部 楓真,佐 賀,28,115,S1,S2,逃,102.06,18.0,37.0,40.0,4,6,2,0,12,6,5
20260727_立川_8R,20260727,28,立川,8,5,015161,吉田 昌司,茨 城,28,111,S2,A1,逃,94.21,35.0,57.0,60.0,4,7,5,0,12,11,0
20260727_立川_8R,20260727,28,立川,8,6,013520,高木 竜司,熊 本,50,82,S2,A1,追,86.55,14.0,28.0,35.0,0,0,4,4,0,0,1
20260727_立川_8R,20260727,28,立川,8,7,015380,外田 心斗,愛 媛,28,115,S2,S2,逃,102.31,31.0,50.0,63.0,6,5,0,0,7,7,4
20260727_立川_9R,20260727,28,立川,9,1,015619,日高 裕太,静 岡,24,121,S2,S2,逃,98.24,18.0,21.0,33.0,5,2,0,0,11,11,7
20260727_立川_9R,20260727,28,立川,9,2,013335,坂上 樹大,石 川,48,80,S2,A1,追,92.06,28.0,40.0,50.0,0,0,10,3,0,0,6
20260727_立川_9R,20260727,28,立川,9,3,015570,松本 憲斗,熊 本,29,119,S2,A1,逃,94.55,23.0,38.0,47.0,2,4,2,0,3,2,1
20260727_立川_9R,20260727,28,立川,9,4,014337,佐々木 翔一,佐 賀,39,93,S2,S2,両,98.78,10.0,14.0,25.0,0,0,4,0,0,0,3
20260727_立川_9R,20260727,28,立川,9,5,013685,岡田 征陽,東 京,46,85,S2,S2,追,101.68,11.0,33.0,51.0,0,1,4,4,1,1,8
20260727_立川_9R,20260727,28,立川,9,6,014372,内田 玄希,東 京,45,94,S2,A1,追,90.28,10.0,42.0,60.0,0,0,6,6,0,0,16
20260727_立川_9R,20260727,28,立川,9,7,015002,神田 龍,三 重,37,105,S2,S2,逃,102.27,18.0,40.0,45.0,3,5,1,0,5,3,5
20260727_立川_10R,20260727,28,立川,10,1,013864,伊藤 世哉,三 重,45,87,S2,A1,追,91.54,4.0,16.0,25.0,0,0,1,3,0,0,6
20260727_立川_10R,20260727,28,立川,10,2,014890,大西 貴晃,大 分,33,101,S1,S2,両,102.86,22.0,27.0,45.0,1,1,4,0,2,1,0
20260727_立川_10R,20260727,28,立川,10,3,015823,西岡 利起,奈 良,25,125,S2,A2,逃,93.07,35.0,60.0,71.0,13,2,2,0,20,21,12
20260727_立川_10R,20260727,28,立川,10,4,014249,鷲田 幸司,福 井,40,92,S2,S2,追,99.14,8.0,20.0,38.0,0,0,5,2,0,0,0
20260727_立川_10R,20260727,28,立川,10,5,130133,リチャードソ,イギリ,27,,S2,S2,両,105.33,33.0,55.0,77.0,0,3,2,0,2,1,1
20260727_立川_10R,20260727,28,立川,10,6,013204,佐野 梅一,京 都,50,78,S2,S2,追,91.14,0.0,0.0,0.0,0,0,0,0,0,0,0
20260727_立川_10R,20260727,28,立川,10,7,014264,松尾 信太郎,福 岡,43,92,S2,S2,追,95.42,5.0,13.0,26.0,0,0,2,3,0,0,1
20260727_立川_11R,20260727,28,立川,11,1,015782,佐々木 亮太,青 森,22,125,S2,A1,逃,91.9,23.0,36.0,46.0,7,4,0,0,14,15,1
20260727_立川_11R,20260727,28,立川,11,2,013944,桐山 敬太郎,神奈川,44,88,S2,A1,追,91.13,6.0,18.0,25.0,0,1,1,1,0,0,6
20260727_立川_11R,20260727,28,立川,11,3,015040,隅田 洋介,岡 山,38,107,S2,S1,両,97.1,0.0,0.0,5.0,0,0,0,0,0,1,4
20260727_立川_11R,20260727,28,立川,11,4,130132,ラブレイセン,オラン,29,,S2,S2,両,111.0,100.0,100.0,100.0,5,1,0,0,6,5,0
20260727_立川_11R,20260727,28,立川,11,5,013328,萩原 孝之,静 岡,49,80,S2,S2,追,101.62,7.0,14.0,32.0,0,0,2,2,0,0,2
20260727_立川_11R,20260727,28,立川,11,6,015729,山根 慶太,岡 山,26,123,S2,A1,逃,87.14,9.0,28.0,57.0,3,1,1,1,10,11,2
20260727_立川_11R,20260727,28,立川,11,7,013306,齋藤 登志信,宮 城,53,80,S2,S2,追,94.0,0.0,3.0,15.0,0,0,1,0,0,0,0
20260727_立川_12R,20260727,28,立川,12,1,014484,河端 朋之,岡 山,41,95,S1,S1,逃,110.7,28.0,50.0,57.0,3,10,5,1,8,5,9
20260727_立川_12R,20260727,28,立川,12,2,014505,雨谷 一樹,栃 木,36,96,S1,S1,両,109.13,6.0,31.0,34.0,0,1,4,4,0,1,6
20260727_立川_12R,20260727,28,立川,12,3,015779,中石 湊,北海道,21,125,S1,S2,逃,109.9,9.0,18.0,27.0,0,2,0,0,5,5,3
20260727_立川_12R,20260727,28,立川,12,4,015381,岩谷 拓磨,福 岡,29,115,S1,S1,逃,105.41,20.0,29.0,41.0,1,7,2,0,8,7,7
20260727_立川_12R,20260727,28,立川,12,5,014380,根田 空史,千 葉,38,94,S1,S1,逃,108.5,21.0,46.0,53.0,7,7,1,0,17,13,2
20260727_立川_12R,20260727,28,立川,12,6,014682,原田 研太朗,徳 島,35,98,S1,S1,逃,103.24,24.0,36.0,46.0,5,8,2,0,9,7,6
20260727_立川_12R,20260727,28,立川,12,7,015431,鈴木 玄人,東 京,30,117,S1,S1,両,112.68,15.0,21.0,42.0,0,0,3,1,0,0,10
20260727_奈良_1R,20260727,53,奈良,1,1,014386,伊藤 拓人,静 岡,38,94,A2,A2,追,78.55,3.0,10.0,13.0,0,0,3,0,0,0,1
20260727_奈良_1R,20260727,53,奈良,1,2,014315,西谷 岳文,京 都,47,93,A2,A2,両,83.81,25.0,37.0,44.0,0,0,8,2,0,0,4
20260727_奈良_1R,20260727,53,奈良,1,3,015180,下岡 将也,三 重,29,111,A2,A1,逃,80.76,15.0,19.0,19.0,0,4,1,0,5,1,6
20260727_奈良_1R,20260727,53,奈良,1,4,013485,善利 裕生,滋 賀,49,82,A2,A1,両,84.8,16.0,29.0,45.0,0,6,2,1,4,5,0
20260727_奈良_1R,20260727,53,奈良,1,5,014707,飯塚 直人,佐 賀,35,98,A2,A2,両,82.72,8.0,16.0,28.0,0,0,3,1,0,0,3
20260727_奈良_1R,20260727,53,奈良,1,6,011817,有賀 高士,石 川,57,61,A2,A3,追,74.93,11.0,35.0,50.0,0,0,8,4,0,0,2
20260727_奈良_1R,20260727,53,奈良,1,7,014797,佐々木 吉徳,秋 田,38,100,A1,A1,逃,86.96,13.0,36.0,43.0,7,2,1,1,12,11,1
20260727_奈良_2R,20260727,53,奈良,2,1,015056,田村 風起,奈 良,31,107,A1,A1,追,85.71,9.0,22.0,50.0,3,0,1,1,3,3,4
20260727_奈良_2R,20260727,53,奈良,2,2,012717,伊藤 一貴,栃 木,54,72,A2,A3,追,75.48,6.0,39.0,63.0,0,0,5,8,0,0,1
20260727_奈良_2R,20260727,53,奈良,2,3,015506,佐藤 啓斗,青 森,29,119,A2,A2,逃,79.39,3.0,10.0,21.0,1,2,0,0,11,10,0
20260727_奈良_2R,20260727,53,奈良,2,4,014242,亀谷 隆一,神奈川,39,92,A2,A3,追,72.95,4.0,16.0,40.0,0,0,1,3,0,0,10
20260727_奈良_2R,20260727,53,奈良,2,5,014470,板橋 慎治,岐 阜,45,95,A2,A2,追,82.03,3.0,10.0,31.0,0,0,1,2,0,0,12
20260727_奈良_2R,20260727,53,奈良,2,6,014989,鈴木 豪,福 島,39,105,A2,A3,両,68.59,3.0,11.0,11.0,1,0,1,1,4,7,2
20260727_奈良_2R,20260727,53,奈良,2,7,015735,岡本 翔,愛 媛,24,123,A2,A2,逃,82.76,9.0,28.0,33.0,3,3,0,0,10,10,2
20260727_奈良_3R,20260727,53,奈良,3,1,013352,吉永 和生,広 島,50,80,A1,A2,追,83.53,10.0,23.0,36.0,0,1,2,4,1,0,0
20260727_奈良_3R,20260727,53,奈良,3,2,013283,小林 卓人,大 阪,48,79,A1,A1,追,88.62,14.0,22.0,37.0,0,0,4,2,0,0,5
20260727_奈良_3R,20260727,53,奈良,3,3,014132,三澤 康人,宮 城,41,91,A1,A1,追,92.27,5.0,22.0,50.0,0,0,3,1,0,0,6
20260727_奈良_3R,20260727,53,奈良,3,4,013117,鳥越 靖弘,愛 知,51,77,A1,A1,追,84.16,3.0,19.0,32.0,0,0,3,3,0,0,0
20260727_奈良_3R,20260727,53,奈良,3,5,013363,宇根 秀俊,愛 媛,49,80,A2,A1,追,85.88,11.0,22.0,33.0,0,0,3,3,0,0,1
20260727_奈良_3R,20260727,53,奈良,3,6,015910,土生 智徳,大 阪,29,127,A2,A3,逃,79.15,43.0,64.0,71.0,17,7,1,0,21,20,2
20260727_奈良_3R,20260727,53,奈良,3,7,013711,小林 則之,静 岡,50,85,A1,A1,両,91.57,14.0,50.0,64.0,1,3,2,1,2,1,0
20260727_奈良_4R,20260727,53,奈良,4,1,015557,梶原 大地,福 岡,29,119,A1,A2,逃,89.0,36.0,54.0,63.0,11,7,0,0,20,16,8
20260727_奈良_4R,20260727,53,奈良,4,2,014024,櫻井 丈,静 岡,44,89,A1,A1,追,85.25,10.0,17.0,41.0,0,0,5,0,0,0,6
20260727_奈良_4R,20260727,53,奈良,4,3,013845,加賀美 智史,山 梨,43,87,A2,A2,両,81.79,6.0,20.0,24.0,1,2,2,1,3,2,7
20260727_奈良_4R,20260727,53,奈良,4,4,013075,平 総一,熊 本,54,76,A2,A2,追,83.5,3.0,20.0,36.0,0,0,3,3,0,0,0
20260727_奈良_4R,20260727,53,奈良,4,5,014590,近藤 夏樹,千 葉,38,97,A1,S2,両,94.66,6.0,26.0,40.0,0,1,2,1,0,0,0
20260727_奈良_4R,20260727,53,奈良,4,6,014364,野間 司,茨 城,40,94,A2,A1,追,80.8,4.0,9.0,28.0,0,0,1,1,0,0,2
20260727_奈良_4R,20260727,53,奈良,4,7,013447,坂本 晃輝,佐 賀,47,81,A1,A1,追,89.77,18.0,44.0,62.0,0,0,9,3,0,0,5
20260727_奈良_5R,20260727,53,奈良,5,1,015141,黒河内 由実,長 野,31,110,L1,L1,追,48.45,2.0,10.0,22.0,2,1,1,0,3,7,6
20260727_奈良_5R,20260727,53,奈良,5,2,015402,鈴木 樹里,福 島,26,116,L1,L1,両,48.5,0.0,20.0,30.0,0,0,0,2,0,0,0
20260727_奈良_5R,20260727,53,奈良,5,3,015956,池原 杏,沖 縄,21,128,L1,L1,両,47.8,0.0,9.0,19.0,0,0,0,2,1,6,10
20260727_奈良_5R,20260727,53,奈良,5,4,016037,森 この芽,愛 知,21,130,L1,L1,両,44.41,0.0,8.0,8.0,0,0,0,1,0,0,3
20260727_奈良_5R,20260727,53,奈良,5,5,015757,戸邉 香奈実,茨 城,32,124,L1,L1,両,47.04,0.0,0.0,12.0,0,0,0,0,0,0,2
20260727_奈良_5R,20260727,53,奈良,5,6,016044,齊藤 萌,福 岡,19,130,L1,L1,両,44.88,0.0,0.0,0.0,0,0,0,0,0,1,1
20260727_奈良_5R,20260727,53,奈良,5,7,015860,濱田 芽生,福 井,23,126,L1,L1,両,46.19,0.0,6.0,12.0,0,0,0,2,1,2,4
20260727_奈良_6R,20260727,53,奈良,6,1,014137,房州 輝也,福 島,40,91,S2,S2,両,95.32,0.0,2.0,25.0,0,0,1,0,1,1,1
20260727_奈良_6R,20260727,53,奈良,6,2,015540,徳田 匠,京 都,29,119,S2,S2,逃,98.14,10.0,25.0,32.0,6,1,0,0,13,19,11
20260727_奈良_6R,20260727,53,奈良,6,3,014228,片折 亮太,埼 玉,39,92,S2,S2,両,96.61,14.0,23.0,28.0,1,1,3,0,2,2,3
20260727_奈良_6R,20260727,53,奈良,6,4,014945,中井 俊亮,奈 良,33,103,S2,S1,両,103.24,17.0,31.0,44.0,0,2,5,2,1,1,7
20260727_奈良_6R,20260727,53,奈良,6,5,013990,荻原 尚人,宮 城,42,89,S2,S2,追,98.12,9.0,21.0,31.0,0,0,4,3,0,0,8
20260727_奈良_6R,20260727,53,奈良,6,6,014537,西村 光太,三 重,40,96,S1,S1,追,103.92,15.0,38.0,50.0,0,4,4,2,0,0,1
20260727_奈良_7R,20260727,53,奈良,7,1,014045,吉本 卓仁,福 岡,42,89,S1,S1,両,103.18,11.0,37.0,40.0,0,1,4,5,1,0,5
20260727_奈良_7R,20260727,53,奈良,7,2,014599,松岡 篤哉,岐 阜,44,97,S2,S2,両,100.12,25.0,35.0,45.0,2,3,5,1,4,4,0
20260727_奈良_7R,20260727,53,奈良,7,3,014441,芦澤 辰弘,茨 城,38,95,S1,S1,追,102.82,7.0,21.0,53.0,0,0,6,0,0,0,7
20260727_奈良_7R,20260727,53,奈良,7,4,015206,鶴 良生,福 岡,31,111,S2,A1,逃,93.24,24.0,44.0,48.0,3,4,4,0,4,5,2
20260727_奈良_7R,20260727,53,奈良,7,5,015356,杉浦 侑吾,栃 木,31,115,S1,S1,逃,111.45,42.0,54.0,69.0,7,11,0,0,18,12,0
20260727_奈良_7R,20260727,53,奈良,7,6,014481,徳丸 泰教,兵 庫,40,95,S2,A1,追,90.12,9.0,16.0,25.0,0,1,2,2,1,0,0
20260727_奈良_7R,20260727,53,奈良,7,7,014065,鰐淵 圭佑,群 馬,42,90,S2,A1,追,93.59,11.0,40.0,55.0,0,1,7,3,0,0,5
20260727_奈良_8R,20260727,53,奈良,8,1,015373,晝田 宗一郎,岡 山,27,115,S1,S2,逃,103.81,12.0,21.0,34.0,2,3,2,0,7,9,2
20260727_奈良_8R,20260727,53,奈良,8,2,015572,田村 大,宮 崎,28,119,S2,S2,逃,99.18,15.0,24.0,45.0,5,3,0,0,19,22,1
20260727_奈良_8R,20260727,53,奈良,8,3,014427,佐藤 和也,青 森,46,95,S1,S2,追,103.91,21.0,43.0,47.0,0,0,6,4,0,0,4
20260727_奈良_8R,20260727,53,奈良,8,4,013808,坂本 健太郎,福 岡,46,86,S2,S1,両,103.52,11.0,22.0,38.0,0,0,4,4,0,0,8
20260727_奈良_8R,20260727,53,奈良,8,5,015661,東矢 圭吾,熊 本,27,121,S1,S1,逃,106.03,11.0,23.0,38.0,3,3,0,0,7,6,4
20260727_奈良_8R,20260727,53,奈良,8,6,015697,熊崎 麻人,埼 玉,26,123,S2,S2,逃,96.5,7.0,19.0,30.0,2,0,2,1,4,12,16
20260727_奈良_8R,20260727,53,奈良,8,7,014878,伊代野 貴照,奈 良,45,101,S2,S2,追,101.41,4.0,16.0,28.0,0,0,4,0,0,0,3
20260727_奈良_9R,20260727,53,奈良,9,1,014377,岩本 俊介,千 葉,42,94,S1,S1,両,111.96,28.0,39.0,39.0,6,2,3,0,9,10,0
20260727_奈良_9R,20260727,53,奈良,9,2,014184,池田 良,広 島,40,91,S2,S2,追,101.8,16.0,35.0,58.0,0,0,8,3,0,0,1
20260727_奈良_9R,20260727,53,奈良,9,3,015509,木村 佑来,宮 城,24,119,S2,S2,逃,99.81,21.0,37.0,43.0,6,3,3,0,19,19,16
20260727_奈良_9R,20260727,53,奈良,9,4,015246,黒沢 征治,埼 玉,34,113,S2,S1,両,106.0,21.0,36.0,47.0,1,2,2,2,2,3,2
20260727_奈良_9R,20260727,53,奈良,9,5,013387,野田 源一,福 岡,47,81,S1,S2,両,103.95,20.0,44.0,52.0,0,6,4,1,0,0,0
20260727_奈良_9R,20260727,53,奈良,9,6,014017,大塚 玲,神奈川,44,89,S2,S1,追,96.88,0.0,15.0,21.0,0,1,0,2,0,0,1
20260727_奈良_9R,20260727,53,奈良,9,7,015837,小川 三士郎,徳 島,26,125,S2,S2,逃,103.33,31.0,36.0,40.0,2,5,1,0,5,5,3
20260727_奈良_10R,20260727,53,奈良,10,1,015076,元砂 七夕美,奈 良,31,108,L1,L1,両,53.41,4.0,37.0,62.0,0,0,1,8,0,1,1
20260727_奈良_10R,20260727,53,奈良,10,2,015398,藤田 まりあ,埼 玉,26,116,L1,L1,両,55.41,45.0,70.0,75.0,1,3,11,2,4,2,0
20260727_奈良_10R,20260727,53,奈良,10,3,015401,清水 彩那,静 岡,27,116,L1,L1,両,50.8,12.0,28.0,52.0,3,1,2,1,5,7,0
20260727_奈良_10R,20260727,53,奈良,10,4,015491,當銘 沙恵美,愛 知,27,118,L1,L1,両,52.64,12.0,45.0,58.0,5,2,2,5,11,10,8
20260727_奈良_10R,20260727,53,奈良,10,5,015080,児玉 碧衣,福 岡,31,108,L1,L1,逃,58.09,80.0,85.0,95.0,9,9,0,0,17,7,0
20260727_奈良_10R,20260727,53,奈良,10,6,014910,篠崎 新純,千 葉,41,102,L1,L1,両,49.37,0.0,16.0,41.0,0,1,0,3,3,3,9
20260727_奈良_10R,20260727,53,奈良,10,7,015679,又多 風緑,石 川,24,122,L1,L1,両,52.29,15.0,31.0,46.0,2,3,3,2,2,3,0
20260727_奈良_11R,20260727,53,奈良,11,1,012895,小嶋 敬二,石 川,56,74,A1,S2,両,94.51,15.0,18.0,25.0,0,3,3,0,2,3,0
20260727_奈良_11R,20260727,53,奈良,11,2,015344,荒木 貴大,埼 玉,33,115,A1,A1,両,91.8,14.0,38.0,71.0,0,4,2,2,2,5,2
20260727_奈良_11R,20260727,53,奈良,11,3,012759,金山 栄治,滋 賀,52,72,A1,S2,追,93.77,0.0,7.0,11.0,0,0,0,2,0,0,0
20260727_奈良_11R,20260727,53,奈良,11,4,015280,藤井 將,広 島,32,113,A1,A2,両,90.69,36.0,48.0,75.0,2,2,12,0,2,2,1
20260727_奈良_11R,20260727,53,奈良,11,5,014180,坂本 匡洋,大 阪,42,91,A2,A2,追,87.7,30.0,46.0,53.0,1,0,10,3,1,1,4
20260727_奈良_11R,20260727,53,奈良,11,6,015878,椎名 俊介,茨 城,25,127,A2,A2,逃,81.63,85.0,90.0,95.0,11,7,0,0,14,12,12
20260727_奈良_11R,20260727,53,奈良,11,7,015535,佐藤 竜太,愛 知,25,119,A1,S2,逃,93.31,6.0,9.0,18.0,0,2,1,0,5,6,4
20260727_奈良_12R,20260727,53,奈良,12,1,014252,三谷 将太,奈 良,40,92,S1,S1,追,111.81,17.0,27.0,55.0,0,0,7,1,0,0,1
20260727_奈良_12R,20260727,53,奈良,12,2,014020,松坂 洋平,神奈川,43,89,S1,S1,両,106.06,12.0,39.0,54.0,0,1,7,5,0,0,4
20260727_奈良_12R,20260727,53,奈良,12,3,015725,青木 瑞樹,岡 山,26,123,S2,S2,逃,102.06,21.0,37.0,50.0,6,3,2,1,15,18,3
20260727_奈良_12R,20260727,53,奈良,12,4,015518,吉田 有希,岐 阜,24,119,S1,S1,逃,106.69,11.0,26.0,34.0,5,0,2,0,8,12,0
20260727_奈良_12R,20260727,53,奈良,12,5,014524,松谷 秀幸,神奈川,43,96,S1,S1,追,112.97,31.0,40.0,51.0,0,0,12,2,0,0,5
20260727_奈良_12R,20260727,53,奈良,12,6,015917,猿樂 楓樹,岡 山,25,127,S2,S2,逃,101.91,60.0,72.0,72.0,15,3,0,0,21,18,0
20260727_奈良_12R,20260727,53,奈良,12,7,014545,岡崎 智哉,大 阪,41,96,S1,S1,両,109.29,16.0,50.0,62.0,0,2,8,2,3,3,3
20260727_玉野_1R,20260727,61,玉野,1,1,012882,鈴木 愼二,神奈川,52,74,A2,A2,追,80.66,0.0,3.0,13.0,0,0,1,0,0,0,0
20260727_玉野_1R,20260727,61,玉野,1,2,014566,安谷屋 将志,沖 縄,37,96,A2,A3,両,75.32,35.0,50.0,60.0,0,0,12,2,0,0,8
20260727_玉野_1R,20260727,61,玉野,1,3,014728,三好 恵一郎,群 馬,38,99,A1,A1,両,89.05,15.0,31.0,47.0,2,3,0,1,4,5,0
20260727_玉野_1R,20260727,61,玉野,1,4,014157,原田 泰志,新 潟,40,91,A1,A1,追,86.33,25.0,33.0,50.0,0,1,5,2,1,0,5
20260727_玉野_1R,20260727,61,玉野,1,5,012766,立石 拓也,福 岡,52,72,A1,A1,両,85.78,13.0,17.0,43.0,0,2,2,0,1,0,3
20260727_玉野_1R,20260727,61,玉野,1,6,014079,江本 博明,千 葉,45,90,A2,A3,追,71.55,11.0,25.0,40.0,0,3,3,1,1,0,5
20260727_玉野_1R,20260727,61,玉野,1,7,015748,田中 会心,熊 本,25,123,A1,A2,逃,86.33,16.0,43.0,53.0,12,1,0,0,19,19,0
20260727_玉野_2R,20260727,61,玉野,2,1,015255,樋口 開土,東 京,29,113,A1,A1,逃,82.13,6.0,26.0,43.0,2,2,2,2,7,7,1
20260727_玉野_2R,20260727,61,玉野,2,2,014843,峰重 祐之介,岡 山,36,100,A2,A2,追,83.2,0.0,4.0,20.0,0,0,1,0,0,0,12
20260727_玉野_2R,20260727,61,玉野,2,3,013188,山田 幸司,神奈川,54,78,A1,A1,追,89.16,6.0,23.0,60.0,0,0,5,2,0,0,2
20260727_玉野_2R,20260727,61,玉野,2,4,012838,三木 健治,沖 縄,51,73,A2,A2,追,80.65,0.0,8.0,29.0,0,0,0,2,0,0,4
20260727_玉野_2R,20260727,61,玉野,2,5,012940,小室 貴広,茨 城,52,75,A2,A2,追,83.33,0.0,9.0,33.0,0,0,0,3,0,0,1
20260727_玉野_2R,20260727,61,玉野,2,6,015918,土井 慎二,岡 山,29,127,A2,A3,逃,74.5,25.0,33.0,50.0,4,0,0,0,6,6,4
20260727_玉野_2R,20260727,61,玉野,2,7,015099,吉竹 尚城,静 岡,33,109,A1,A1,逃,86.9,40.0,46.0,53.0,6,7,1,0,13,15,3
20260727_玉野_3R,20260727,61,玉野,3,1,015754,成海 大聖,大 分,27,123,A2,A1,逃,87.23,19.0,38.0,47.0,5,3,0,0,8,11,1
20260727_玉野_3R,20260727,61,玉野,3,2,013983,大崎 智久,青 森,43,89,A2,A2,追,81.74,5.0,20.0,25.0,0,0,5,2,0,0,1
20260727_玉野_3R,20260727,61,玉野,3,3,013491,近藤 範昌,岡 山,48,82,A1,A1,追,85.55,13.0,31.0,41.0,0,0,5,4,1,1,2
20260727_玉野_3R,20260727,61,玉野,3,4,013838,山田 武,群 馬,49,87,A2,A2,追,80.2,0.0,13.0,20.0,0,1,0,1,0,0,0
20260727_玉野_3R,20260727,61,玉野,3,5,015872,池田 充槻,秋 田,20,127,A2,A3,逃,80.28,71.0,82.0,82.0,17,6,0,0,21,19,13
20260727_玉野_3R,20260727,61,玉野,3,6,011372,黒瀬 浩一,静 岡,60,57,A2,A3,追,67.33,0.0,3.0,3.0,0,0,0,1,0,0,0
20260727_玉野_3R,20260727,61,玉野,3,7,012845,林 成人,愛 媛,53,73,A2,A2,追,81.1,3.0,6.0,27.0,0,0,1,1,0,0,2
20260727_玉野_4R,20260727,61,玉野,4,1,015726,龍野 琳太郎,岡 山,25,123,A1,A1,逃,89.4,26.0,56.0,60.0,10,5,0,2,12,12,16
20260727_玉野_4R,20260727,61,玉野,4,2,013809,杉山 剛,福 岡,49,86,A2,A2,両,80.87,6.0,22.0,32.0,0,1,2,4,1,4,2
20260727_玉野_4R,20260727,61,玉野,4,3,013275,渡辺 航平,東 京,48,79,A1,A1,追,85.37,11.0,29.0,51.0,0,0,3,5,0,0,3
20260727_玉野_4R,20260727,61,玉野,4,4,015607,中山 拓人,埼 玉,26,121,A2,A1,逃,85.33,11.0,16.0,44.0,1,2,0,0,4,4,5
20260727_玉野_4R,20260727,61,玉野,4,5,012234,室井 竜二,徳 島,55,65,A1,S2,追,91.76,0.0,0.0,15.0,0,0,0,0,0,0,0
20260727_玉野_4R,20260727,61,玉野,4,6,014887,板崎 佑矢,愛 媛,38,101,A2,A1,両,79.93,0.0,6.0,10.0,0,0,0,2,0,1,2
20260727_玉野_4R,20260727,61,玉野,4,7,015844,小山 峻汰,熊 本,26,125,A2,A2,逃,80.55,7.0,14.0,25.0,1,2,0,1,5,5,5
20260727_玉野_5R,20260727,61,玉野,5,1,015781,齊藤 英伊須,青 森,22,125,A1,A2,逃,93.51,42.0,69.0,78.0,16,6,0,1,24,21,9
20260727_玉野_5R,20260727,61,玉野,5,2,015554,近藤 翔馬,愛 媛,28,119,A1,S2,逃,98.13,17.0,24.0,34.0,0,3,3,1,1,3,1
20260727_玉野_5R,20260727,61,玉野,5,3,014565,中村 健志,熊 本,40,96,A1,S2,追,96.87,5.0,20.0,47.0,0,0,5,2,0,0,16
20260727_玉野_5R,20260727,61,玉野,5,4,013632,川口 直人,神奈川,49,84,A1,A1,追,93.3,23.0,50.0,73.0,0,0,12,3,0,0,0
20260727_玉野_5R,20260727,61,玉野,5,5,015562,山本 浩成,福 岡,28,119,A1,A1,逃,93.92,25.0,55.0,74.0,6,6,2,1,14,10,12
20260727_玉野_5R,20260727,61,玉野,5,6,015194,船瀬 惇平,広 島,32,111,A1,A1,逃,91.78,27.0,45.0,63.0,6,3,5,1,13,16,1
20260727_玉野_5R,20260727,61,玉野,5,7,015240,前川 大輔,福 島,35,113,A1,A1,両,92.0,21.0,42.0,52.0,0,1,5,2,0,0,3
20260727_玉野_6R,20260727,61,玉野,6,1,014421,松川 高大,熊 本,37,94,S1,S1,両,103.55,21.0,35.0,35.0,0,1,8,1,0,0,0
20260727_玉野_6R,20260727,61,玉野,6,2,014680,増原 正人,広 島,43,98,S2,S2,両,99.38,14.0,31.0,45.0,0,1,7,3,2,1,2
20260727_玉野_6R,20260727,61,玉野,6,3,013982,五日市 誠,青 森,42,89,S1,S1,追,108.5,21.0,53.0,60.0,0,1,9,5,2,1,9
20260727_玉野_6R,20260727,61,玉野,6,4,015749,佐藤 壮志,熊 本,22,123,S2,S2,逃,102.61,12.0,31.0,50.0,3,6,0,1,10,7,1
20260727_玉野_6R,20260727,61,玉野,6,5,014108,山中 貴雄,高 知,43,90,S2,S2,追,98.22,0.0,8.0,30.0,0,0,1,1,0,0,2
20260727_玉野_6R,20260727,61,玉野,6,6,015046,山本 紳貴,千 葉,41,107,S2,S2,追,98.06,6.0,16.0,26.0,0,0,2,3,0,0,4
20260727_玉野_6R,20260727,61,玉野,6,7,014800,伊東 翔貴,福 島,35,100,S2,S2,逃,100.12,16.0,25.0,38.0,1,2,5,0,5,4,8
20260727_玉野_7R,20260727,61,玉野,7,1,015173,格清 洋介,静 岡,32,111,S2,S2,逃,100.45,29.0,48.0,54.0,7,6,1,1,9,11,3
20260727_玉野_7R,20260727,61,玉野,7,2,014551,山下 一輝,山 口,36,96,S2,S2,追,96.87,6.0,21.0,28.0,0,2,3,2,0,0,2
20260727_玉野_7R,20260727,61,玉野,7,3,015128,嶋田 誠也,福 岡,33,109,S2,S1,追,101.85,0.0,6.0,13.0,0,0,1,0,0,0,3
20260727_玉野_7R,20260727,61,玉野,7,4,015840,阿部 英斗,福 岡,22,125,S2,S2,逃,106.68,27.0,55.0,68.0,1,12,3,0,10,6,2
20260727_玉野_7R,20260727,61,玉野,7,5,014151,宿口 潤平,埼 玉,44,91,S2,S2,追,103.06,13.0,33.0,46.0,0,1,2,2,0,0,0
20260727_玉野_7R,20260727,61,玉野,7,6,013436,中村 昌弘,広 島,49,81,S2,S2,追,96.33,0.0,9.0,18.0,0,0,0,3,0,0,4
20260727_玉野_7R,20260727,61,玉野,7,7,015132,瓜生 崇智,熊 本,31,109,S2,S2,追,99.85,10.0,28.0,46.0,0,0,4,4,0,1,13
20260727_玉野_8R,20260727,61,玉野,8,1,015638,昼田 達哉,岡 山,27,121,S2,S2,逃,100.07,17.0,32.0,53.0,5,2,0,2,9,9,2
20260727_玉野_8R,20260727,61,玉野,8,2,013628,石毛 克幸,千 葉,49,84,S1,S2,追,102.42,17.0,35.0,46.0,0,2,5,3,1,0,2
20260727_玉野_8R,20260727,61,玉野,8,3,014147,柿沼 信也,埼 玉,41,91,S2,S2,追,99.5,5.0,26.0,42.0,0,0,3,2,0,0,5
20260727_玉野_8R,20260727,61,玉野,8,4,013656,渡部 哲男,愛 媛,46,84,S1,S1,追,105.21,24.0,33.0,54.0,0,1,8,2,0,0,6
20260727_玉野_8R,20260727,61,玉野,8,5,015050,堀内 俊介,神奈川,36,107,S2,S2,両,103.77,27.0,45.0,54.0,1,5,3,1,7,7,3
20260727_玉野_8R,20260727,61,玉野,8,6,014863,一戸 康宏,埼 玉,38,101,S2,S2,両,96.88,3.0,23.0,42.0,1,1,3,1,5,4,2
20260727_玉野_8R,20260727,61,玉野,8,7,013295,佐々木 則幸,高 知,49,79,S2,S2,追,99.67,10.0,28.0,35.0,0,0,4,4,0,0,1
20260727_玉野_9R,20260727,61,玉野,9,1,014861,金子 幸央,栃 木,33,101,S1,S2,両,109.07,23.0,50.0,57.0,0,4,8,1,1,1,6
20260727_玉野_9R,20260727,61,玉野,9,2,015282,宮本 隼輔,熊 本,31,113,S1,S2,両,103.22,33.0,38.0,50.0,1,5,1,0,4,2,1
20260727_玉野_9R,20260727,61,玉野,9,3,014983,高木 翔,岩 手,32,105,S2,A1,追,94.22,27.0,50.0,61.0,0,0,7,2,0,0,1
20260727_玉野_9R,20260727,61,玉野,9,4,015692,松崎 広太,茨 城,27,123,S2,S2,逃,106.1,27.0,55.0,65.0,9,6,1,0,14,15,3
20260727_玉野_9R,20260727,61,玉野,9,5,014199,松岡 孔明,熊 本,44,91,S2,S2,両,100.3,12.0,30.0,46.0,0,1,7,4,0,0,0
20260727_玉野_9R,20260727,61,玉野,9,6,014440,渡辺 正光,福 島,38,95,S2,A1,追,93.26,8.0,37.0,54.0,0,0,3,6,0,0,1
20260727_玉野_9R,20260727,61,玉野,9,7,013442,濱田 浩司,愛 媛,47,81,S2,S2,追,104.26,16.0,29.0,50.0,0,0,5,2,0,0,10
20260727_玉野_10R,20260727,61,玉野,10,1,014685,掛水 泰範,高 知,42,98,S2,S2,追,104.63,9.0,27.0,54.0,0,0,4,2,0,0,5
20260727_玉野_10R,20260727,61,玉野,10,2,013923,武田 豊樹,茨 城,52,88,S1,S2,追,102.2,12.0,28.0,40.0,0,0,5,2,0,0,2
20260727_玉野_10R,20260727,61,玉野,10,3,013855,近藤 俊明,神奈川,47,87,S2,S2,追,101.16,8.0,27.0,38.0,0,0,5,5,0,0,2
20260727_玉野_10R,20260727,61,玉野,10,4,015196,小川 丈太,徳 島,31,111,S2,S1,逃,103.23,11.0,44.0,44.0,2,5,1,0,4,4,2
20260727_玉野_10R,20260727,61,玉野,10,5,015786,角田 光,福 島,27,125,S2,A2,逃,94.19,57.0,61.0,76.0,8,4,1,0,13,11,3
20260727_玉野_10R,20260727,61,玉野,10,6,015191,奥村 諭志,岡 山,32,111,S2,A1,両,91.48,18.0,29.0,40.0,1,2,4,1,1,1,3
20260727_玉野_10R,20260727,61,玉野,10,7,015340,幸田 望夢,栃 木,26,115,S2,S2,逃,96.95,8.0,20.0,33.0,4,1,0,0,8,8,4
20260727_玉野_11R,20260727,61,玉野,11,1,015784,高橋 舜,宮 城,25,125,S2,S2,逃,105.33,13.0,36.0,56.0,6,5,0,0,16,19,2
20260727_玉野_11R,20260727,61,玉野,11,2,014196,小林 弘和,佐 賀,42,91,S2,S2,追,102.39,8.0,26.0,39.0,0,0,5,1,0,0,2
20260727_玉野_11R,20260727,61,玉野,11,3,014143,天田 裕輝,群 馬,41,91,S2,S2,両,98.92,17.0,32.0,39.0,0,0,6,3,0,0,0
20260727_玉野_11R,20260727,61,玉野,11,4,015744,橋本 宇宙,佐 賀,26,123,S2,S2,逃,97.82,10.0,27.0,37.0,6,1,1,0,11,12,1
20260727_玉野_11R,20260727,61,玉野,11,5,014515,城 幸弘,山 梨,40,96,S2,S2,追,95.9,6.0,12.0,15.0,0,0,4,0,0,0,2
20260727_玉野_11R,20260727,61,玉野,11,6,013448,合志 正臣,熊 本,49,81,S2,S2,追,95.32,0.0,6.0,17.0,0,0,1,1,0,0,3
20260727_玉野_11R,20260727,61,玉野,11,7,013920,山崎 芳仁,福 島,47,88,S1,S1,両,108.64,20.0,28.0,48.0,0,0,6,1,0,0,1
20260727_玉野_12R,20260727,61,玉野,12,1,013851,和田 健太郎,千 葉,45,87,S1,S1,追,109.56,13.0,33.0,43.0,0,0,9,1,0,0,1
20260727_玉野_12R,20260727,61,玉野,12,2,015731,西田 優大,広 島,28,123,S1,S1,逃,111.08,15.0,34.0,46.0,4,4,1,0,11,14,6
20260727_玉野_12R,20260727,61,玉野,12,3,014047,山田 英明,佐 賀,43,89,S1,S1,両,112.46,18.0,37.0,50.0,0,1,3,2,0,0,5
20260727_玉野_12R,20260727,61,玉野,12,4,014794,阿部 力也,宮 城,38,100,S1,S1,追,114.04,24.0,56.0,68.0,0,0,9,5,0,0,4
20260727_玉野_12R,20260727,61,玉野,12,5,015061,取鳥 雄吾,岡 山,31,107,S1,S1,逃,112.04,20.0,45.0,58.0,2,5,4,0,5,8,13
20260727_玉野_12R,20260727,61,玉野,12,6,014112,小川 勇介,福 岡,41,90,S1,S1,追,109.32,7.0,21.0,39.0,0,0,4,2,0,0,1
20260727_玉野_12R,20260727,61,玉野,12,7,015444,渡邉 雅也,静 岡,25,117,S1,S1,両,110.78,39.0,50.0,64.0,0,8,4,2,5,6,6
20260727_取手_1R,20260727,23,取手,1,1,014019,長崎 達也,神奈川,44,89,A3,A3,両,70.67,12.0,25.0,35.0,0,0,5,3,0,0,2
20260727_取手_1R,20260727,23,取手,1,2,015969,北村 翔太,群 馬,24,129,A3,A3,逃,74.75,25.0,41.0,66.0,0,1,2,2,1,1,0
20260727_取手_1R,20260727,23,取手,1,3,013232,柳 充,青 森,51,79,A3,A2,追,77.44,0.0,6.0,17.0,0,0,2,0,0,0,0
20260727_取手_1R,20260727,23,取手,1,4,013470,畠山 裕行,神奈川,48,82,A3,A3,追,68.76,0.0,7.0,18.0,0,0,0,2,0,0,0
20260727_取手_1R,20260727,23,取手,1,5,013926,早坂 道義,栃 木,47,88,A3,A3,追,72.72,12.0,40.0,56.0,0,0,4,6,0,0,4
20260727_取手_1R,20260727,23,取手,1,6,014463,久保 将史,神奈川,41,95,A3,A3,両,62.48,0.0,0.0,0.0,0,0,0,0,0,0,0
20260727_取手_2R,20260727,23,取手,2,1,014209,加美山 隆行,宮 城,40,92,A3,A3,追,68.03,3.0,25.0,35.0,0,0,4,3,0,0,10
20260727_取手_2R,20260727,23,取手,2,2,012597,塚本 貴雄,岐 阜,55,70,A3,A3,追,71.38,8.0,30.0,47.0,0,0,3,4,0,0,5
20260727_取手_2R,20260727,23,取手,2,3,015047,加藤 健一,神奈川,34,107,A3,A3,逃,73.46,23.0,36.0,53.0,9,2,0,0,14,13,16
20260727_取手_2R,20260727,23,取手,2,4,016000,北宅 柊麻,大 阪,24,129,A3,A3,逃,73.11,0.0,22.0,44.0,1,0,0,1,2,3,0
20260727_取手_2R,20260727,23,取手,2,5,012439,河合 康晴,静 岡,56,68,A3,A2,追,77.66,0.0,8.0,28.0,0,0,0,2,0,0,1
20260727_取手_2R,20260727,23,取手,2,6,012970,山内 大作,静 岡,50,75,A3,A3,追,64.6,0.0,2.0,4.0,0,0,0,1,2,3,0
20260727_取手_2R,20260727,23,取手,2,7,013521,中野 良,北海道,51,83,A3,A3,追,74.42,6.0,45.0,66.0,0,1,8,6,0,0,0
20260727_取手_3R,20260727,23,取手,3,1,014010,長谷川 辰徳,埼 玉,45,89,A3,A3,追,68.13,4.0,9.0,50.0,0,0,2,0,0,0,0
20260727_取手_3R,20260727,23,取手,3,2,014301,齋藤 輝彦,神奈川,43,93,A3,A2,追,75.47,0.0,0.0,10.0,0,0,0,0,0,0,1
20260727_取手_3R,20260727,23,取手,3,3,015160,牧田 賢也,福 島,29,111,A3,A3,逃,66.95,10.0,10.0,15.0,0,1,1,0,2,2,3
20260727_取手_3R,20260727,23,取手,3,4,012883,大沼 孝行,静 岡,51,74,A3,A3,逃,68.92,3.0,21.0,28.0,5,0,0,1,5,7,3
20260727_取手_3R,20260727,23,取手,3,5,014069,渡邊 政幸,埼 玉,43,90,A3,A2,追,78.35,0.0,6.0,20.0,0,0,0,2,0,0,5
20260727_取手_3R,20260727,23,取手,3,6,014365,薮田 貴幸,茨 城,39,94,A3,A3,追,66.87,0.0,0.0,0.0,0,0,0,0,0,0,0
20260727_取手_3R,20260727,23,取手,3,7,013109,志村 正洋,神奈川,51,77,A3,A3,追,72.14,14.0,37.0,57.0,0,0,8,5,0,0,2
20260727_取手_4R,20260727,23,取手,4,1,012593,山田 圭二,愛 知,54,70,A3,A3,追,70.03,7.0,25.0,48.0,0,0,4,3,0,0,1
20260727_取手_4R,20260727,23,取手,4,2,014126,高谷 敏史,青 森,41,91,A3,A2,両,78.3,0.0,8.0,21.0,0,0,2,0,2,6,1
20260727_取手_4R,20260727,23,取手,4,3,014496,天沼 雅貴,埼 玉,42,96,A3,A2,追,76.62,0.0,0.0,18.0,0,0,0,0,1,0,0
20260727_取手_4R,20260727,23,取手,4,4,011715,黒木 誠一,兵 庫,58,60,A3,A3,両,70.0,0.0,19.0,42.0,0,0,0,4,0,0,3
20260727_取手_4R,20260727,23,取手,4,5,013415,山崎 明寛,千 葉,51,81,A3,A3,追,69.0,9.0,18.0,36.0,0,0,2,0,0,0,0
20260727_取手_4R,20260727,23,取手,4,6,013023,吉田 英二,東 京,52,76,A3,A3,追,66.53,3.0,12.0,25.0,0,0,2,2,0,0,1
20260727_取手_4R,20260727,23,取手,4,7,014158,本間 慎吾,新 潟,39,91,A3,A2,追,82.04,0.0,8.0,41.0,0,0,1,1,0,0,0
20260727_取手_5R,20260727,23,取手,5,1,015959,中野 楚樂,宮 城,24,129,A3,A3,逃,74.91,8.0,16.0,58.0,1,1,0,0,2,3,4
20260727_取手_5R,20260727,23,取手,5,2,015164,菱沼 元樹,埼 玉,31,111,A3,A3,逃,73.94,20.0,42.0,57.0,10,4,0,1,22,19,1
20260727_取手_5R,20260727,23,取手,5,3,015257,舟山 佑京,新 潟,28,113,A3,A2,逃,80.08,8.0,20.0,37.0,0,0,2,3,6,12,2
20260727_取手_5R,20260727,23,取手,5,4,015260,國井 裕樹,神奈川,42,113,A3,A3,逃,74.16,33.0,50.0,75.0,8,1,3,0,11,13,6
20260727_取手_5R,20260727,23,取手,5,5,015979,福田 海響,東 京,21,129,A3,A3,逃,76.58,33.0,66.0,75.0,4,3,1,0,6,4,6
20260727_取手_5R,20260727,23,取手,5,6,013676,塚本 諭,福 島,50,85,A3,A3,追,68.48,14.0,22.0,33.0,0,0,4,2,0,0,0
20260727_取手_5R,20260727,23,取手,5,7,013549,堀 勝政,群 馬,48,83,A3,A3,追,73.37,3.0,31.0,53.0,0,0,5,5,0,0,13
20260727_取手_6R,20260727,23,取手,6,1,012753,柳澤 達也,兵 庫,54,72,A3,A3,追,67.15,0.0,3.0,19.0,0,0,0,1,0,0,0
20260727_取手_6R,20260727,23,取手,6,2,015982,中村 嶺央,千 葉,21,129,A3,A3,逃,81.41,83.0,100.0,100.0,2,7,2,1,6,2,4
20260727_取手_6R,20260727,23,取手,6,3,013161,齋藤 和也,福 島,52,78,A3,A3,追,67.8,9.0,14.0,23.0,2,0,1,0,3,3,11
20260727_取手_6R,20260727,23,取手,6,4,014363,中川 昌久,茨 城,46,94,A3,A3,追,74.85,0.0,57.0,71.0,0,0,1,3,0,0,0
20260727_取手_6R,20260727,23,取手,6,5,015900,花田 雄飛,愛 知,25,127,A3,A3,逃,69.51,18.0,30.0,48.0,9,1,0,0,11,13,3
20260727_取手_6R,20260727,23,取手,6,6,014213,岡田 哲夫,福 島,43,92,A3,A3,追,67.1,0.0,15.0,20.0,0,0,1,2,0,0,3
20260727_取手_6R,20260727,23,取手,6,7,014516,村松 俊弥,山 梨,40,96,A3,A3,追,70.37,8.0,25.0,50.0,0,0,3,3,0,2,11
20260727_取手_7R,20260727,23,取手,7,1,013314,鈴木 宏章,栃 木,51,80,A3,A2,追,78.0,0.0,7.0,18.0,0,0,0,2,0,0,0
20260727_取手_7R,20260727,23,取手,7,2,013480,林 洋二,岐 阜,50,82,A3,A3,追,70.66,0.0,12.0,39.0,0,0,0,4,0,0,0
20260727_取手_7R,20260727,23,取手,7,3,013749,及川 裕奨,岩 手,44,86,A3,A2,追,78.77,3.0,12.0,19.0,0,1,2,1,0,0,0
20260727_取手_7R,20260727,23,取手,7,4,015965,篠原 輝利,茨 城,23,129,A3,A3,逃,78.66,66.0,66.0,66.0,1,1,0,0,2,2,2
20260727_取手_7R,20260727,23,取手,7,5,014202,島田 茂希,北海道,40,92,A3,A3,逃,72.0,22.0,55.0,66.0,3,1,0,1,6,5,1
20260727_取手_7R,20260727,23,取手,7,6,015355,磯村 蓮太,愛 知,29,115,A3,A3,逃,68.88,5.0,26.0,36.0,1,1,2,1,5,8,7
20260727_取手_7R,20260727,23,取手,7,7,011574,坂本 英一,栃 木,58,59,A3,A3,追,77.0,16.0,33.0,66.0,0,0,1,1,0,0,0
20260727_広島_1R,20260727,62,広島,1,1,015644,中野 光太郎,徳 島,26,121,A1,A1,逃,85.61,7.0,21.0,21.0,0,0,3,0,3,1,0
20260727_広島_1R,20260727,62,広島,1,2,014828,川口 聖翔,三 重,37,100,A2,A2,追,80.22,3.0,7.0,18.0,0,0,1,1,0,1,3
20260727_広島_1R,20260727,62,広島,1,3,014601,小竹 洋平,福 岡,36,97,A1,A1,両,84.33,14.0,14.0,28.0,0,1,0,0,1,0,0
20260727_広島_1R,20260727,62,広島,1,4,015847,寺師 幸成,鹿児島,35,125,A1,A2,逃,85.91,25.0,33.0,50.0,3,1,0,0,5,6,0
20260727_広島_1R,20260727,62,広島,1,5,014408,守安 政雄,岡 山,48,94,A2,A2,追,85.66,0.0,30.0,40.0,0,1,1,1,0,0,2
20260727_広島_1R,20260727,62,広島,1,6,013147,米嶋 賢二,長 崎,51,77,A2,A2,追,78.92,0.0,3.0,15.0,0,0,0,1,0,0,0
20260727_広島_1R,20260727,62,広島,1,7,015810,瀧川 幸広,愛 知,30,125,A2,A2,逃,83.85,11.0,29.0,44.0,7,1,0,0,18,19,9
20260727_広島_2R,20260727,62,広島,2,1,014314,中川 繁樹,京 都,40,93,A2,A1,逃,85.9,23.0,40.0,46.0,6,1,3,2,12,12,12
20260727_広島_2R,20260727,62,広島,2,2,014561,高橋 義秋,大 分,39,96,A1,A2,両,87.8,14.0,38.0,47.0,0,0,6,2,1,1,3
20260727_広島_2R,20260727,62,広島,2,3,013294,木村 勉,徳 島,50,79,A2,A2,追,84.88,11.0,11.0,44.0,0,0,1,0,0,0,0
20260727_広島_2R,20260727,62,広島,2,4,014941,江端 隆司,福 井,33,103,A2,A2,逃,85.03,25.0,33.0,37.0,2,2,5,0,4,5,3
20260727_広島_2R,20260727,62,広島,2,5,015750,徳永 泰粋,熊 本,23,123,A1,A1,逃,90.11,21.0,31.0,57.0,1,5,0,0,6,6,8
20260727_広島_2R,20260727,62,広島,2,6,013784,太田 雅之,三 重,48,86,A2,A3,追,70.58,2.0,11.0,25.0,0,0,1,3,1,1,5
20260727_広島_2R,20260727,62,広島,2,7,013969,武田 良太,愛 媛,44,88,A2,A2,追,81.16,3.0,6.0,29.0,0,0,2,0,0,0,0
20260727_広島_3R,20260727,62,広島,3,1,014486,大瀬戸潤一郎,広 島,44,95,A1,A1,追,89.22,25.0,42.0,60.0,0,1,7,4,1,0,9
20260727_広島_3R,20260727,62,広島,3,2,014603,佐野 洋継,京 都,38,97,A2,A2,両,79.62,2.0,5.0,14.0,0,0,2,0,0,1,5
20260727_広島_3R,20260727,62,広島,3,3,015214,境 啓亨,熊 本,33,111,A2,A2,逃,82.55,3.0,7.0,25.0,0,0,1,1,1,1,1
20260727_広島_3R,20260727,62,広島,3,4,015658,長松 大祐,大 分,28,121,A2,A1,逃,84.9,10.0,23.0,43.0,2,4,0,1,9,8,5
20260727_広島_3R,20260727,62,広島,3,5,015922,中田 拓也,広 島,30,127,A2,A2,逃,89.34,18.0,51.0,62.0,11,3,0,0,19,17,0
20260727_広島_3R,20260727,62,広島,3,6,015722,竹澤 雅也,福 井,25,123,A2,A2,逃,78.72,0.0,3.0,13.0,1,0,0,0,3,6,0
20260727_広島_3R,20260727,62,広島,3,7,013348,内藤 敦,岡 山,50,80,A2,A1,追,80.75,0.0,0.0,20.0,0,0,0,0,0,0,2
20260727_広島_4R,20260727,62,広島,4,1,015299,曽我 圭佑,熊 本,32,113,A1,A1,逃,91.16,26.0,40.0,50.0,7,1,4,0,11,10,2
20260727_広島_4R,20260727,62,広島,4,2,015379,下野 義城,愛 媛,29,115,A2,A2,逃,81.36,3.0,7.0,26.0,0,1,1,0,7,7,5
20260727_広島_4R,20260727,62,広島,4,3,013575,渡会 啓介,愛 知,49,83,A2,A2,追,83.33,6.0,16.0,43.0,0,0,3,2,0,0,3
20260727_広島_4R,20260727,62,広島,4,4,014614,高橋 清太郎,岡 山,41,97,A1,A1,追,83.2,13.0,20.0,36.0,0,1,3,2,1,0,1
20260727_広島_4R,20260727,62,広島,4,5,015845,稲留 敦貴,鹿児島,25,125,A2,A2,逃,86.2,25.0,33.0,58.0,6,1,1,0,15,14,0
20260727_広島_4R,20260727,62,広島,4,6,015238,井寺 亮太,長 崎,34,113,A1,A2,両,80.54,12.0,25.0,25.0,0,2,3,1,1,2,2
20260727_広島_4R,20260727,62,広島,4,7,015819,弓矢 輪太郎,三 重,22,125,A1,A2,逃,86.12,12.0,33.0,45.0,0,5,3,0,6,6,3
20260727_広島_5R,20260727,62,広島,5,1,015536,疋田 力也,愛 知,25,119,A1,S2,両,92.76,2.0,2.0,11.0,1,0,0,0,2,4,1
20260727_広島_5R,20260727,62,広島,5,2,015204,吉田 智哉,愛 媛,28,111,A1,S2,逃,94.85,3.0,14.0,25.0,1,1,2,0,1,3,4
20260727_広島_5R,20260727,62,広島,5,3,014623,飯田 裕次,福 岡,40,97,A1,S2,追,93.38,0.0,0.0,4.0,0,0,0,0,0,0,0
20260727_広島_5R,20260727,62,広島,5,4,015184,中野 雄喜,京 都,32,111,A1,A1,両,93.0,33.0,57.0,71.0,4,4,2,2,5,5,3
20260727_広島_5R,20260727,62,広島,5,5,014475,高間 悠平,福 井,38,95,A1,A1,追,92.37,25.0,37.0,59.0,0,0,8,2,0,0,1
20260727_広島_5R,20260727,62,広島,5,6,013640,西村 豊,三 重,46,84,A1,A1,追,91.62,25.0,41.0,58.0,0,0,6,4,0,0,2
20260727_広島_5R,20260727,62,広島,5,7,015278,田中 和磨,岡 山,30,113,A1,A2,逃,92.63,33.0,69.0,84.0,2,13,7,1,11,4,1
20260727_広島_6R,20260727,62,広島,6,1,015144,鈴木 奈央,静 岡,29,110,L1,L1,両,55.37,48.0,70.0,77.0,2,11,4,2,4,2,3
20260727_広島_6R,20260727,62,広島,6,2,014907,中川 諒子,熊 本,42,102,L1,L1,両,48.33,0.0,14.0,28.0,0,0,0,3,0,1,2
20260727_広島_6R,20260727,62,広島,6,3,016035,伊藤 梨里花,愛 知,28,130,L1,L1,両,52.0,33.0,60.0,73.0,3,5,1,0,7,5,1
20260727_広島_6R,20260727,62,広島,6,4,015866,高木 萌那,福 岡,22,126,L1,L1,逃,54.33,25.0,50.0,75.0,1,10,1,0,3,1,0
20260727_広島_6R,20260727,62,広島,6,5,015139,板根 茜弥,東 京,37,110,L1,L1,追,51.66,0.0,28.0,42.0,0,0,0,2,0,0,0
20260727_広島_6R,20260727,62,広島,6,6,015862,中原 恭恵,広 島,39,126,L1,L1,両,45.78,0.0,0.0,10.0,0,0,0,0,0,2,0
20260727_広島_7R,20260727,62,広島,7,1,015584,西脇 美唯奈,愛 知,25,120,L1,L1,両,53.15,14.0,52.0,57.0,2,3,3,3,6,5,1
20260727_広島_7R,20260727,62,広島,7,2,016043,緒方 詩央里,福 岡,27,130,L1,L1,両,51.41,0.0,33.0,66.0,1,2,1,0,1,1,4
20260727_広島_7R,20260727,62,広島,7,3,014908,藤原 亜衣里,新 潟,45,102,L1,L1,追,45.25,0.0,8.0,8.0,0,0,1,0,0,0,0
20260727_広島_7R,20260727,62,広島,7,4,015147,佐々木 恵理,愛 知,36,110,L1,L1,両,48.6,2.0,14.0,25.0,1,0,1,3,1,7,3
20260727_広島_7R,20260727,62,広島,7,5,015216,加藤 恵,青 森,40,112,L1,L1,両,49.85,7.0,17.0,42.0,3,2,1,1,16,22,5
20260727_広島_7R,20260727,62,広島,7,6,015593,中村 鈴花,熊 本,24,120,L1,L1,追,47.9,0.0,0.0,25.0,0,0,0,0,0,0,3
20260727_広島_7R,20260727,62,広島,7,7,014900,小林 莉子,東 京,33,102,L1,L1,両,56.73,53.0,73.0,90.0,0,5,13,4,2,0,2
20260727_松山_1R,20260727,75,松山,1,1,011935,高嶋 一朗,岡 山,59,62,A3,A3,追,74.0,25.0,41.0,58.0,0,0,11,4,0,0,0
20260727_松山_1R,20260727,75,松山,1,2,013210,川本 恵二,兵 庫,51,78,A3,A3,追,70.9,16.0,26.0,40.0,0,0,5,3,0,0,2
20260727_松山_1R,20260727,75,松山,1,3,014948,斎藤 敦,大 阪,39,103,A3,A3,逃,70.61,4.0,19.0,33.0,2,0,1,1,6,6,3
20260727_松山_1R,20260727,75,松山,1,4,016005,清家 大夢,愛 媛,24,129,A3,A3,逃,68.44,11.0,11.0,11.0,1,0,0,0,3,8,2
20260727_松山_1R,20260727,75,松山,1,5,011451,重 一徳,鹿児島,62,57,A3,A3,追,67.78,0.0,6.0,27.0,0,0,2,0,0,0,0
20260727_松山_1R,20260727,75,松山,1,6,012671,滝川 秀嗣,愛 知,53,71,A3,A3,追,67.75,0.0,0.0,25.0,0,0,0,0,0,0,0
20260727_松山_1R,20260727,75,松山,1,7,012626,原 司,佐 賀,54,70,A3,A3,追,66.85,0.0,3.0,22.0,0,0,0,1,0,0,0
20260727_松山_2R,20260727,75,松山,2,1,014652,原 清孝,沖 縄,49,98,A3,A2,両,75.33,7.0,11.0,11.0,1,1,1,0,1,1,0
20260727_松山_2R,20260727,75,松山,2,2,015848,與古田 龍門,沖 縄,24,125,A3,A3,逃,74.27,44.0,50.0,66.0,4,3,1,1,5,4,3
20260727_松山_2R,20260727,75,松山,2,3,015905,上野 幸星,富 山,24,127,A3,A3,逃,71.8,8.0,32.0,52.0,5,0,2,1,8,9,3
20260727_松山_2R,20260727,75,松山,2,4,012827,光岡 義洋,愛 知,52,73,A3,A3,追,70.64,3.0,19.0,42.0,0,0,3,2,0,0,4
20260727_松山_2R,20260727,75,松山,2,5,014555,水木 裕聡,高 知,43,96,A3,A3,追,69.2,10.0,23.0,40.0,0,0,5,2,0,1,1
20260727_松山_2R,20260727,75,松山,2,6,014550,龍門 慎太郎,岡 山,41,96,A3,A3,追,69.11,25.0,27.0,38.0,1,3,5,1,3,3,0
20260727_松山_2R,20260727,75,松山,2,7,011431,梶應 弘樹,愛 媛,60,57,A3,A3,追,61.69,0.0,0.0,0.0,0,0,0,0,0,1,1
20260727_松山_3R,20260727,75,松山,3,1,014829,桜井 雄太,愛 知,34,100,A3,A2,逃,81.12,22.0,35.0,51.0,7,1,2,1,8,8,0
20260727_松山_3R,20260727,75,松山,3,2,014776,川上 修平,高 知,48,99,A3,A2,追,78.0,0.0,12.0,25.0,0,0,0,3,0,0,2
20260727_松山_3R,20260727,75,松山,3,3,014610,山村 慮太,大 阪,39,97,A3,A3,両,73.45,27.0,39.0,66.0,0,1,10,2,0,1,4
20260727_松山_3R,20260727,75,松山,3,4,014254,武田 和也,奈 良,38,92,A3,A3,両,72.12,9.0,41.0,58.0,4,1,3,5,8,9,19
20260727_松山_3R,20260727,75,松山,3,5,016017,白濱 蓮,長 崎,27,129,A3,A3,逃,72.08,0.0,8.0,16.0,1,0,0,0,1,2,4
20260727_松山_3R,20260727,75,松山,3,6,011427,川口 秀人,徳 島,60,57,A3,A2,追,69.63,9.0,9.0,18.0,0,0,1,0,0,0,0
20260727_松山_3R,20260727,75,松山,3,7,013145,瓦田 勝也,福 岡,52,77,A3,A3,追,68.72,0.0,18.0,45.0,0,0,0,2,0,0,0
20260727_松山_4R,20260727,75,松山,4,1,013645,川木 敬大,兵 庫,47,84,A1,A1,追,84.11,5.0,15.0,57.0,0,0,1,2,0,0,2
20260727_松山_4R,20260727,75,松山,4,2,013493,立花 成泰,岡 山,48,82,A1,A1,追,83.89,0.0,32.0,35.0,0,0,3,6,0,0,1
20260727_松山_4R,20260727,75,松山,4,3,014102,篠塚 光一,兵 庫,46,90,A1,A2,追,81.59,11.0,18.0,37.0,0,0,4,1,0,0,1
20260727_松山_4R,20260727,75,松山,4,4,015538,村瀬 大和,岐 阜,24,119,A2,A2,逃,81.11,11.0,14.0,25.0,3,1,0,0,10,10,12
20260727_松山_4R,20260727,75,松山,4,5,014951,後藤 祐貴,兵 庫,36,103,A2,A3,逃,80.31,47.0,63.0,73.0,3,5,3,1,6,3,0
20260727_松山_4R,20260727,75,松山,4,6,012971,小川 将人,愛 知,50,75,A2,A2,追,80.31,0.0,10.0,20.0,0,0,2,1,0,0,1
20260727_松山_4R,20260727,75,松山,4,7,012914,武市 和人,高 知,52,74,A2,A3,追,68.91,11.0,22.0,31.0,1,0,5,2,1,1,0
20260727_松山_5R,20260727,75,松山,5,1,015719,出口 謙一郎,岐 阜,27,123,A1,A1,逃,91.4,33.0,44.0,55.0,4,7,1,0,9,10,0
20260727_松山_5R,20260727,75,松山,5,2,013426,本村 隆文,岐 阜,47,81,A2,A2,追,83.33,11.0,37.0,44.0,0,0,5,5,0,0,1
20260727_松山_5R,20260727,75,松山,5,3,015287,山中 崇弘,高 知,30,113,A2,A2,追,80.66,0.0,12.0,20.0,0,0,1,2,0,0,5
20260727_松山_5R,20260727,75,松山,5,4,013298,井手 健,長 崎,52,79,A2,A2,追,80.34,0.0,8.0,16.0,0,0,1,1,0,0,0
20260727_松山_5R,20260727,75,松山,5,5,012298,星島 太,岡 山,55,66,A2,A2,追,79.66,0.0,0.0,23.0,0,0,0,0,0,0,0
20260727_松山_5R,20260727,75,松山,5,6,012681,辻 力,石 川,52,71,A2,A3,追,72.75,18.0,30.0,42.0,2,2,5,1,3,3,0
20260727_松山_5R,20260727,75,松山,5,7,015012,勝部 貴博,福 岡,37,105,A2,A3,両,72.74,29.0,48.0,55.0,7,3,3,0,11,7,0
20260727_松山_6R,20260727,75,松山,6,1,014098,菊谷 信一,大 阪,41,90,A1,S2,追,94.22,0.0,0.0,14.0,0,0,0,0,0,0,0
20260727_松山_6R,20260727,75,松山,6,2,013589,佐竹 和也,徳 島,47,83,A1,A1,追,90.3,4.0,33.0,50.0,0,0,2,6,0,0,2
20260727_松山_6R,20260727,75,松山,6,3,011854,紫原 政文,福 岡,58,61,A1,A1,追,87.16,0.0,20.0,41.0,0,0,1,4,0,0,0
20260727_松山_6R,20260727,75,松山,6,4,014676,柳原 司,大 阪,41,98,A2,A2,両,85.76,16.0,26.0,43.0,0,1,4,3,1,0,2
20260727_松山_6R,20260727,75,松山,6,5,014305,大谷 靖茂,愛 知,44,93,A1,A2,逃,85.65,18.0,34.0,43.0,6,2,2,1,9,6,0
20260727_松山_6R,20260727,75,松山,6,6,014630,利根 正明,大 分,36,97,A1,A1,逃,85.54,12.0,16.0,45.0,2,2,0,0,9,9,16
20260727_松山_6R,20260727,75,松山,6,7,015831,三木 健正,岡 山,25,125,A1,A1,逃,84.85,19.0,28.0,52.0,1,5,0,0,12,9,3
20260727_松山_7R,20260727,75,松山,7,1,014953,和田 誠寿,広 島,35,103,A1,S2,追,93.48,3.0,3.0,12.0,0,1,0,0,0,0,8
20260727_松山_7R,20260727,75,松山,7,2,015737,火島 裕輝,愛 媛,23,123,A1,A1,逃,87.69,16.0,41.0,54.0,5,4,1,0,7,9,2
20260727_松山_7R,20260727,75,松山,7,3,015753,枝村 弘樹,宮 崎,27,123,A1,A1,逃,87.66,33.0,37.0,55.0,1,8,1,0,6,7,0
20260727_松山_7R,20260727,75,松山,7,4,012598,大庭 正紀,富 山,56,70,A1,A1,追,86.37,11.0,25.0,44.0,0,0,4,3,0,0,1
20260727_松山_7R,20260727,75,松山,7,5,013374,川野 正芳,大 分,49,80,A2,A2,追,85.44,0.0,10.0,21.0,0,0,1,1,0,0,0
20260727_松山_7R,20260727,75,松山,7,6,013209,奥谷 広巳,兵 庫,49,78,A2,A1,追,85.1,10.0,26.0,40.0,0,0,5,3,0,0,1
20260727_松山_7R,20260727,75,松山,7,7,012920,山崎 岳志,佐 賀,52,74,A2,A2,追,84.43,17.0,26.0,52.0,0,0,6,0,0,0,5
20260727_松山_8R,20260727,75,松山,8,1,015637,近藤 雄太,岡 山,27,121,A3,A1,逃,86.75,58.0,75.0,75.0,1,5,3,0,2,2,7
20260727_松山_8R,20260727,75,松山,8,2,014487,才迫 勇馬,広 島,37,95,A3,A2,逃,84.57,30.0,63.0,66.0,12,5,2,2,19,19,16
20260727_松山_8R,20260727,75,松山,8,3,015841,中西 勇,福 岡,34,125,A3,A2,逃,83.33,25.0,37.0,48.0,8,1,1,0,11,14,14
20260727_松山_8R,20260727,75,松山,8,4,013131,藤野 一良,大 阪,49,77,A3,A1,追,79.44,22.0,29.0,44.0,0,0,6,2,0,0,0
20260727_松山_8R,20260727,75,松山,8,5,015732,宮道 良輔,徳 島,23,123,A3,A2,逃,79.43,20.0,33.0,33.0,8,0,2,0,9,12,0
20260727_松山_8R,20260727,75,松山,8,6,014120,永田 修一,熊 本,45,90,A3,A2,追,77.54,4.0,16.0,20.0,0,0,2,2,0,0,0
20260727_松山_8R,20260727,75,松山,8,7,016025,高佐 龍太郎,宮 崎,23,129,A3,A3,逃,75.08,0.0,41.0,66.0,2,1,0,2,3,3,1
20260727_松山_9R,20260727,75,松山,9,1,014339,成松 春樹,佐 賀,40,93,A1,S2,両,98.17,20.0,27.0,31.0,1,1,6,0,3,4,2
20260727_松山_9R,20260727,75,松山,9,2,015634,末廣 快理,兵 庫,28,121,A2,A1,逃,94.93,42.0,72.0,87.0,9,14,1,0,12,11,11
20260727_松山_9R,20260727,75,松山,9,3,012705,那須 久幸,福 岡,54,71,A1,S2,追,94.93,6.0,12.0,27.0,0,0,2,2,0,0,1
20260727_松山_9R,20260727,75,松山,9,4,015059,畝木 努,岡 山,32,107,A1,A1,逃,93.88,29.0,55.0,74.0,9,3,3,0,16,14,8
20260727_松山_9R,20260727,75,松山,9,5,015208,金ヶ江 勇気,佐 賀,30,111,A1,A1,両,92.53,33.0,46.0,63.0,1,3,10,0,1,3,3
20260727_松山_9R,20260727,75,松山,9,6,015921,伊藤 涼介,広 島,25,127,A2,A2,逃,92.12,45.0,66.0,70.0,14,1,1,0,18,17,4
20260727_松山_9R,20260727,75,松山,9,7,014850,岡田 啓渡,愛 媛,35,100,A2,A1,両,87.51,10.0,32.0,53.0,0,0,6,3,0,1,8
20260727_武雄_1R,20260727,84,武雄,1,1,013743,藤田 剣次,福 岡,49,85,A3,A2,追,79.81,12.0,21.0,36.0,0,1,5,1,0,0,0
20260727_武雄_1R,20260727,84,武雄,1,2,013061,小磯 知也,徳 島,52,76,A3,A2,追,77.18,11.0,18.0,18.0,0,0,5,0,0,0,2
20260727_武雄_1R,20260727,84,武雄,1,3,013505,住村 実,徳 島,50,82,A3,A3,追,70.28,0.0,23.0,33.0,0,0,1,4,0,0,0
20260727_武雄_1R,20260727,84,武雄,1,4,014503,真船 拓磨,福 島,40,96,A3,A3,追,69.82,4.0,26.0,39.0,0,0,3,3,0,0,0
20260727_武雄_1R,20260727,84,武雄,1,5,012847,古閑 良介,福 岡,53,73,A3,A3,追,68.66,0.0,14.0,33.0,0,0,1,2,0,0,0
20260727_武雄_1R,20260727,84,武雄,1,6,015549,阿部 龍也,山 口,33,119,A3,A3,逃,68.03,18.0,29.0,40.0,6,0,1,1,11,13,7
20260727_武雄_1R,20260727,84,武雄,1,7,013029,藤田 晃英,千 葉,51,76,A3,A3,追,67.88,0.0,3.0,22.0,0,0,0,1,0,0,0
20260727_武雄_2R,20260727,84,武雄,2,1,014275,喜納 隆志,沖 縄,42,92,A3,A2,追,79.09,0.0,9.0,28.0,0,0,0,2,0,0,0
20260727_武雄_2R,20260727,84,武雄,2,2,013366,加藤 昌平,福 岡,50,80,A3,A3,追,75.6,16.0,56.0,76.0,0,0,10,7,0,0,6
20260727_武雄_2R,20260727,84,武雄,2,3,014772,細田 純平,広 島,37,99,A3,A3,両,70.13,10.0,37.0,41.0,0,2,5,4,1,1,9
20260727_武雄_2R,20260727,84,武雄,2,4,012986,近藤 直幹,徳 島,52,75,A3,A3,追,70.1,2.0,23.0,46.0,0,0,4,5,0,0,18
20260727_武雄_2R,20260727,84,武雄,2,5,014274,吉成 晃一,熊 本,40,92,A3,A3,両,69.13,8.0,16.0,37.0,1,1,2,2,3,0,1
20260727_武雄_2R,20260727,84,武雄,2,6,012754,小野 祐作,岡 山,53,72,A3,A3,追,67.5,0.0,9.0,18.0,0,0,1,1,0,0,0
20260727_武雄_2R,20260727,84,武雄,2,7,011142,小林 宏年,静 岡,60,55,A3,A3,追,67.33,0.0,13.0,31.0,0,0,0,3,0,0,1
20260727_武雄_3R,20260727,84,武雄,3,1,013974,大竹野 裕樹,鹿児島,44,88,A3,A2,両,83.13,23.0,43.0,56.0,0,9,4,0,0,0,2
20260727_武雄_3R,20260727,84,武雄,3,2,014067,工藤 考生,埼 玉,44,90,A3,A3,追,73.6,3.0,39.0,53.0,0,0,2,9,0,0,0
20260727_武雄_3R,20260727,84,武雄,3,3,016024,宮本 寛大,熊 本,22,129,A3,A3,逃,72.91,25.0,33.0,41.0,1,1,2,0,2,1,2
20260727_武雄_3R,20260727,84,武雄,3,4,014868,小林 寛弥,静 岡,38,101,A3,A3,逃,71.42,14.0,38.0,57.0,6,1,1,0,7,8,2
20260727_武雄_3R,20260727,84,武雄,3,5,014349,佐藤 純嘉,青 森,43,94,A3,A3,追,71.16,0.0,25.0,37.0,0,0,0,6,0,0,8
20260727_武雄_3R,20260727,84,武雄,3,6,014644,高橋 明久,宮 城,45,98,A3,A3,逃,70.13,18.0,25.0,37.0,2,1,1,0,5,6,8
20260727_武雄_3R,20260727,84,武雄,3,7,014432,相澤 恵一,宮 城,39,95,A3,A3,追,69.43,11.0,11.0,35.0,0,0,2,0,0,0,2
20260727_武雄_4R,20260727,84,武雄,4,1,014336,八尋 翔平,福 岡,39,93,A2,A2,追,83.8,3.0,19.0,42.0,0,0,1,4,0,0,0
20260727_武雄_4R,20260727,84,武雄,4,2,013556,山信田 学,埼 玉,50,83,A2,A2,追,82.48,9.0,16.0,35.0,0,0,3,2,0,0,1
20260727_武雄_4R,20260727,84,武雄,4,3,014492,飯塚 隼人,佐 賀,38,95,A2,A2,両,79.56,3.0,13.0,20.0,0,4,0,0,4,3,2
20260727_武雄_4R,20260727,84,武雄,4,4,012193,井手 尚治,神奈川,56,65,A2,A3,追,76.08,16.0,33.0,45.0,0,0,6,2,0,0,3
20260727_武雄_4R,20260727,84,武雄,4,5,014324,内村 竜也,山 口,50,93,A2,A3,追,74.75,8.0,16.0,16.0,0,1,0,1,0,0,0
20260727_武雄_4R,20260727,84,武雄,4,6,015209,中野 真吾,佐 賀,39,111,A2,A3,逃,73.29,28.0,40.0,46.0,5,7,0,1,8,3,2
20260727_武雄_4R,20260727,84,武雄,4,7,014713,鈴木 裕斗,宮 城,35,99,A2,A3,両,69.11,5.0,5.0,16.0,1,0,0,0,3,5,6
20260727_武雄_5R,20260727,84,武雄,5,1,015558,川野 深,福 岡,28,119,A1,A2,逃,86.42,19.0,30.0,50.0,6,0,1,1,10,8,8
20260727_武雄_5R,20260727,84,武雄,5,2,012417,須藤 直道,群 馬,54,68,A1,A1,追,83.18,11.0,18.0,25.0,0,1,2,2,0,0,2
20260727_武雄_5R,20260727,84,武雄,5,3,013892,梶山 裕次郎,福 岡,45,87,A2,A2,追,80.84,4.0,16.0,28.0,0,1,1,2,0,0,0
20260727_武雄_5R,20260727,84,武雄,5,4,014133,高橋 紀史,佐 賀,39,91,A2,A2,追,80.17,3.0,6.0,13.0,0,0,2,0,0,0,1
20260727_武雄_5R,20260727,84,武雄,5,5,014335,中園 朋亨,福 岡,39,93,A2,A2,追,79.5,4.0,9.0,27.0,0,0,1,1,0,2,11
20260727_武雄_5R,20260727,84,武雄,5,6,015664,米村 光星,熊 本,26,121,A2,A3,逃,77.07,35.0,42.0,64.0,1,3,1,1,5,3,4
20260727_武雄_5R,20260727,84,武雄,5,7,013629,福森 慎太郎,千 葉,49,84,A2,A3,逃,72.47,26.0,36.0,52.0,5,2,0,0,8,7,1
20260727_武雄_6R,20260727,84,武雄,6,1,013810,良永 浩一,福 岡,47,86,A1,S2,追,94.05,0.0,10.0,15.0,0,0,0,2,0,0,1
20260727_武雄_6R,20260727,84,武雄,6,2,015556,上野 恭哉,福 岡,28,119,A2,A1,逃,90.2,32.0,44.0,64.0,1,1,6,3,2,2,1
20260727_武雄_6R,20260727,84,武雄,6,3,013929,宮内 善光,群 馬,45,88,A2,A1,追,88.33,26.0,46.0,60.0,1,0,10,3,1,1,5
20260727_武雄_6R,20260727,84,武雄,6,4,013005,小笠原 昭太,青 森,50,76,A1,A1,追,86.03,21.0,36.0,51.0,0,0,11,1,0,0,3
20260727_武雄_6R,20260727,84,武雄,6,5,012989,森岡 正臣,高 知,51,75,A1,A1,追,85.62,4.0,20.0,41.0,0,0,2,3,0,0,11
20260727_武雄_6R,20260727,84,武雄,6,6,013817,吉川 裕二,大 分,45,86,A2,A2,追,83.42,4.0,22.0,36.0,0,0,2,3,0,0,1
20260727_武雄_6R,20260727,84,武雄,6,7,015925,川西 康彦,徳 島,22,127,A2,A3,逃,74.48,25.0,33.0,51.0,3,5,1,0,8,10,14
20260727_武雄_7R,20260727,84,武雄,7,1,014130,竹山 陵太,宮 城,41,91,A1,S2,追,97.13,15.0,28.0,42.0,0,2,7,2,0,0,11
20260727_武雄_7R,20260727,84,武雄,7,2,014717,泉 文人,福 島,36,99,A2,A1,両,91.05,29.0,41.0,58.0,2,3,2,0,3,3,2
20260727_武雄_7R,20260727,84,武雄,7,3,014528,落合 達彦,静 岡,40,96,A1,A1,追,88.57,22.0,44.0,44.0,0,0,3,1,0,0,1
20260727_武雄_7R,20260727,84,武雄,7,4,014851,横内 裕人,愛 媛,34,100,A2,A1,両,86.06,16.0,33.0,50.0,4,2,2,2,9,12,3
20260727_武雄_7R,20260727,84,武雄,7,5,012760,櫻井 宏智,広 島,56,72,A2,A2,追,85.37,13.0,24.0,44.0,0,0,7,0,0,0,2
20260727_武雄_7R,20260727,84,武雄,7,6,014321,石坂 永伍,岡 山,39,93,A1,A1,両,85.21,15.0,30.0,33.0,1,1,6,2,3,1,2
20260727_武雄_7R,20260727,84,武雄,7,7,013857,浅沼 聖士,静 岡,45,87,A2,A2,追,81.7,0.0,3.0,25.0,0,0,1,0,0,1,4
20260727_武雄_8R,20260727,84,武雄,8,1,013359,吉田 彰久,香 川,52,80,A3,A2,追,80.18,3.0,12.0,33.0,0,0,2,2,0,0,7
20260727_武雄_8R,20260727,84,武雄,8,2,013214,水本 博行,岡 山,51,78,A3,A2,追,79.77,0.0,14.0,22.0,0,0,1,3,0,0,0
20260727_武雄_8R,20260727,84,武雄,8,3,016016,西原 裕太郎,佐 賀,26,129,A3,A3,逃,77.13,26.0,60.0,73.0,2,3,1,3,3,4,1
20260727_武雄_8R,20260727,84,武雄,8,4,014705,沢田 勇治,山 口,37,98,A3,A2,両,77.08,0.0,11.0,17.0,0,0,0,4,0,1,3
20260727_武雄_8R,20260727,84,武雄,8,5,016006,高橋 聖太,愛 媛,25,129,A3,A3,逃,73.55,0.0,22.0,44.0,0,2,0,0,3,4,0
20260727_武雄_8R,20260727,84,武雄,8,6,013802,大林 亮介,香 川,45,86,A3,A3,追,73.45,15.0,48.0,66.0,0,1,10,5,1,0,0
20260727_武雄_8R,20260727,84,武雄,8,7,012832,仙石 淳,沖 縄,53,73,A3,A3,追,69.7,10.0,23.0,43.0,0,0,4,3,0,0,3
20260727_武雄_9R,20260727,84,武雄,9,1,015655,一丸 尚伍,大 分,34,121,A1,S2,逃,105.36,42.0,73.0,78.0,9,4,1,0,12,12,4
20260727_武雄_9R,20260727,84,武雄,9,2,015162,蕗澤 鴻太郎,群 馬,31,111,A1,S2,逃,97.76,11.0,15.0,34.0,2,2,0,0,17,14,7
20260727_武雄_9R,20260727,84,武雄,9,3,015544,大槇 大介,岡 山,30,119,A1,S2,逃,93.8,0.0,0.0,0.0,0,0,0,0,0,1,0
20260727_武雄_9R,20260727,84,武雄,9,4,013936,小埜 正義,千 葉,45,88,A1,A1,追,91.96,21.0,35.0,60.0,0,0,8,2,0,0,3
20260727_武雄_9R,20260727,84,武雄,9,5,013885,柳谷 崇,岡 山,48,87,A1,A1,追,91.05,5.0,27.0,38.0,0,0,2,3,0,0,4
20260727_武雄_9R,20260727,84,武雄,9,6,015797,中島 淳,埼 玉,26,125,A2,A2,逃,89.45,26.0,39.0,65.0,6,3,0,0,15,14,4
20260727_武雄_9R,20260727,84,武雄,9,7,014690,好永 晃,佐 賀,35,98,A1,A1,追,88.18,11.0,29.0,48.0,0,0,5,3,0,0,1
