レースキー,開催日,競輪場,レース番号,車番,登録番号,選手名,府県,年齢,期別,級班,前級班,脚質,ギヤ倍率,平均競走得点,勝率,２連対率,３連対率,逃げ,捲り,差し,マーク,バック,ホーム,スタート,誘導選手,status
20260715_函館_1R,20260715,函館,1,1,014102,篠塚 光一,兵 庫,46,90,A1,A2,追,,81.66,12.0,20.0,37.0,0,0,4,1,0,0,1,,
20260715_函館_1R,20260715,函館,1,2,014887,板崎 佑矢,愛 媛,38,101,A2,A1,両,,80.26,0.0,7.0,11.0,0,0,0,2,0,1,2,,
20260715_函館_1R,20260715,函館,1,3,014062,齋藤 昌弘,群 馬,44,90,A2,A3,追,,72.16,4.0,24.0,48.0,0,0,2,4,1,1,4,,
20260715_函館_1R,20260715,函館,1,4,015372,野上 竜太,岡 山,30,115,A2,A1,逃,,85.85,17.0,42.0,50.0,7,5,0,0,21,17,2,,
20260715_函館_1R,20260715,函館,1,5,015622,伊藤 温希,岐 阜,26,121,A2,A1,追,,85.0,8.0,16.0,33.0,0,0,2,0,0,0,2,,
20260715_函館_1R,20260715,函館,1,6,014351,田口 守,山 口,38,94,A2,A3,両,,65.72,8.0,25.0,25.0,1,0,1,1,1,0,0,,
20260715_函館_1R,20260715,函館,1,7,014075,松根 真,東 京,45,90,A2,A3,追,,71.7,4.0,37.0,45.0,0,0,2,7,1,1,0,,
20260715_函館_2R,20260715,函館,2,1,014444,星野 辰也,栃 木,40,95,A1,A1,追,,89.59,18.0,37.0,51.0,0,0,8,2,0,0,10,,
20260715_函館_2R,20260715,函館,2,2,014040,竹内 真一,福 岡,45,89,A2,A2,追,,79.88,3.0,3.0,22.0,0,0,1,0,0,0,3,,
20260715_函館_2R,20260715,函館,2,3,014703,一ノ瀬 貴将,大 阪,40,98,A2,A1,両,,80.12,0.0,12.0,31.0,0,0,1,1,0,0,0,,
20260715_函館_2R,20260715,函館,2,4,013307,浦川 尊明,茨 城,50,80,A1,A1,追,,91.0,19.0,42.0,65.0,0,0,8,3,0,0,2,,
20260715_函館_2R,20260715,函館,2,5,014783,魚屋 周成,大 分,35,99,A2,A1,逃,,84.15,7.0,23.0,30.0,1,0,1,1,4,5,1,,
20260715_函館_2R,20260715,函館,2,6,015156,門脇 翼,秋 田,33,111,A2,A2,逃,,77.79,0.0,8.0,8.0,0,1,0,1,1,1,1,,
20260715_函館_2R,20260715,函館,2,7,013896,安東 英博,大 分,45,87,A2,A1,追,,82.92,3.0,14.0,40.0,0,0,4,0,0,0,4,,
20260715_函館_3R,20260715,函館,3,1,014164,田中 孝彦,静 岡,39,91,A1,A1,追,,87.69,16.0,37.0,54.0,0,2,4,3,0,0,2,,
20260715_函館_3R,20260715,函館,3,2,015507,上遠野 拓馬,宮 城,32,119,A1,S2,逃,,92.06,3.0,9.0,16.0,1,2,0,0,9,9,11,,
20260715_函館_3R,20260715,函館,3,3,015632,常次 勇人,大 阪,24,121,A1,A1,逃,,93.7,44.0,70.0,77.0,13,5,1,0,19,17,3,,
20260715_函館_3R,20260715,函館,3,4,014796,保科 千春,宮 城,34,100,A1,S1,追,,95.66,0.0,12.0,28.0,0,0,0,4,0,0,4,,
20260715_函館_3R,20260715,函館,3,5,015805,山下 祐輔,千 葉,24,125,A1,A2,逃,,88.09,23.0,57.0,66.0,8,3,0,1,10,8,4,,
20260715_函館_3R,20260715,函館,3,6,015505,荻原 寿嗣,北海道,32,119,A1,A2,逃,,82.52,23.0,38.0,38.0,5,2,1,0,11,14,2,,
20260715_函館_3R,20260715,函館,3,7,014748,山口 智弘,愛 知,36,99,A1,A1,追,,89.66,29.0,41.0,58.0,0,0,9,1,0,0,4,,
20260715_函館_4R,20260715,函館,4,1,015083,中村 弘之輔,北海道,34,109,A1,S2,両,,93.64,0.0,6.0,20.0,0,0,2,0,4,2,10,,
20260715_函館_4R,20260715,函館,4,2,014304,大竹 哲也,静 岡,46,93,A2,A1,追,,86.68,10.0,30.0,45.0,0,0,2,4,0,0,3,,
20260715_函館_4R,20260715,函館,4,3,012519,藤原 誠,岐 阜,54,69,A1,S2,追,,95.4,12.0,21.0,34.0,0,0,5,2,0,0,6,,
20260715_函館_4R,20260715,函館,4,4,015919,藤田 楓,岡 山,23,127,A2,A2,逃,,94.0,70.0,81.0,85.0,16,6,0,0,21,15,1,,
20260715_函館_4R,20260715,函館,4,5,015888,水澤 秀哉,千 葉,22,127,A2,A3,逃,,79.66,75.0,75.0,87.0,16,2,0,0,18,20,19,,
20260715_函館_4R,20260715,函館,4,6,015899,加藤 駿,愛 知,28,127,A2,A3,逃,,78.19,33.0,55.0,77.0,10,4,1,0,16,12,8,,
20260715_函館_4R,20260715,函館,4,7,015293,中里 福太郎,北海道,30,113,A2,A2,逃,,82.66,13.0,26.0,26.0,0,0,3,1,2,3,0,,
20260715_函館_5R,20260715,函館,5,1,014194,桑原 亮,福 岡,41,91,A1,S2,追,,94.77,2.0,11.0,20.0,0,1,2,1,0,0,0,,
20260715_函館_5R,20260715,函館,5,2,015611,長谷川 飛向,東 京,29,121,A1,A1,逃,,90.33,33.0,58.0,70.0,5,8,1,0,17,12,7,,
20260715_函館_5R,20260715,函館,5,3,015640,矢部 駿人,岡 山,27,121,A1,A1,逃,,92.54,16.0,37.0,66.0,5,1,1,2,14,15,0,,
20260715_函館_5R,20260715,函館,5,4,015655,一丸 尚伍,大 分,34,121,A1,S2,逃,,106.81,37.0,68.0,75.0,7,3,1,0,10,10,3,,
20260715_函館_5R,20260715,函館,5,5,013560,小佐野 文秀,山 梨,50,83,A2,A1,追,,86.85,22.0,22.0,40.0,0,0,6,0,0,0,14,,
20260715_函館_5R,20260715,函館,5,6,012760,櫻井 宏智,広 島,56,72,A2,A2,追,,85.11,15.0,26.0,46.0,0,0,7,0,0,0,2,,
20260715_函館_5R,20260715,函館,5,7,014235,鈴木 庸之,新 潟,40,92,A1,A1,両,,92.66,16.0,33.0,41.0,0,0,3,1,0,0,2,,
20260715_函館_6R,20260715,函館,6,1,015755,神戸 暖稀羽,北海道,22,124,L1,L1,両,,51.27,4.0,22.0,50.0,0,2,0,3,3,2,4,,
20260715_函館_6R,20260715,函館,6,2,015950,石田 春海,大 阪,27,128,L1,L1,両,,48.12,4.0,16.0,25.0,0,0,2,2,0,2,0,,
20260715_函館_6R,20260715,函館,6,3,016030,川上 いちご,千 葉,27,130,L1,L1,両,,55.41,91.0,91.0,91.0,4,7,0,0,10,2,0,,
20260715_函館_6R,20260715,函館,6,4,015591,松本 ちひろ,山 口,31,120,L1,L1,両,,47.54,0.0,0.0,12.0,0,0,0,0,0,0,0,,
20260715_函館_6R,20260715,函館,6,5,015146,齊藤 由紀,愛 知,40,110,L1,L1,両,,44.33,0.0,0.0,0.0,0,0,0,0,0,1,0,,
20260715_函館_6R,20260715,函館,6,6,015760,五味田 奈穂,千 葉,28,124,L1,L1,逃,,54.0,25.0,45.0,66.0,4,6,0,1,7,11,11,,
20260715_函館_6R,20260715,函館,6,7,015851,片岡 美奈,栃 木,27,126,L1,L1,両,,48.5,4.0,4.0,17.0,0,0,1,0,1,3,0,,
20260715_函館_7R,20260715,函館,7,1,015866,高木 萌那,福 岡,22,126,L1,L1,逃,,54.33,28.0,47.0,76.0,0,9,1,0,1,0,0,,
20260715_函館_7R,20260715,函館,7,2,014896,野口 諭実可,大 分,33,102,L1,L1,両,,47.86,3.0,16.0,20.0,1,0,1,3,2,5,2,,
20260715_函館_7R,20260715,函館,7,3,015141,黒河内 由実,長 野,31,110,L1,L1,追,,48.2,2.0,11.0,23.0,2,1,1,0,3,7,5,,
20260715_函館_7R,20260715,函館,7,4,015218,太田 りゆ,埼 玉,31,112,L1,L1,逃,,57.33,61.0,76.0,90.0,0,13,0,3,11,2,3,,
20260715_函館_7R,20260715,函館,7,5,015150,宮地 寧々,岐 阜,30,110,L1,L1,両,,49.71,9.0,9.0,42.0,0,0,2,0,2,3,4,,
20260715_函館_7R,20260715,函館,7,6,016026,吉田 恵利,北海道,22,130,L1,L1,両,,45.0,0.0,0.0,11.0,0,0,0,0,0,2,0,,
20260715_函館_7R,20260715,函館,7,7,015498,國村 美留莉,山 口,26,118,L1,L1,追,,51.37,16.0,33.0,54.0,0,1,4,3,0,0,0,,
20260715_函館_8R,20260715,函館,8,1,015454,小松原 正登,福 井,28,117,S2,S2,逃,,100.18,9.0,27.0,31.0,0,4,2,0,3,6,2,,
20260715_函館_8R,20260715,函館,8,2,014692,森山 智徳,熊 本,42,98,S2,A1,両,,91.7,33.0,48.0,59.0,4,5,4,0,8,5,12,,
20260715_函館_8R,20260715,函館,8,3,014811,笠松 将太,埼 玉,34,100,S2,S2,逃,,98.21,15.0,31.0,42.0,3,2,1,0,3,4,0,,
20260715_函館_8R,20260715,函館,8,4,015002,神田 龍,三 重,36,105,S2,S2,逃,,103.73,21.0,47.0,52.0,3,5,1,0,5,3,4,,
20260715_函館_8R,20260715,函館,8,5,015340,幸田 望夢,栃 木,26,115,S2,S2,逃,,97.52,9.0,23.0,33.0,4,1,0,0,8,7,3,,
20260715_函館_8R,20260715,函館,8,6,013520,高木 竜司,熊 本,50,82,S2,A1,追,,85.83,16.0,32.0,40.0,0,0,4,4,0,0,1,,
20260715_函館_8R,20260715,函館,8,7,012592,水谷 良和,愛 知,55,70,S2,A1,追,,90.1,0.0,0.0,30.0,0,0,0,0,0,0,1,,
20260715_函館_9R,20260715,函館,9,1,014228,片折 亮太,埼 玉,38,92,S2,S2,両,,96.44,11.0,22.0,27.0,1,1,2,0,2,2,2,,
20260715_函館_9R,20260715,函館,9,2,015687,立花 昌也,青 森,27,123,S2,S2,逃,,98.25,16.0,28.0,28.0,3,4,0,0,6,7,0,,
20260715_函館_9R,20260715,函館,9,3,015823,西岡 利起,奈 良,25,125,S2,A2,逃,,93.08,40.0,68.0,80.0,13,2,2,0,17,18,11,,
20260715_函館_9R,20260715,函館,9,4,015747,長松 空吾,大 分,26,123,S2,A1,逃,,93.84,50.0,55.0,55.0,3,3,5,0,5,7,0,,
20260715_函館_9R,20260715,函館,9,5,015041,伊藤 慶太郎,埼 玉,32,107,S2,S2,逃,,98.04,18.0,27.0,31.0,2,1,2,1,5,6,0,,
20260715_函館_9R,20260715,函館,9,6,014481,徳丸 泰教,兵 庫,40,95,S2,A1,追,,89.84,12.0,20.0,32.0,0,1,2,2,1,0,0,,
20260715_函館_9R,20260715,函館,9,7,015604,安彦 統賀,埼 玉,27,121,S2,S2,両,,104.65,15.0,34.0,57.0,1,4,3,1,8,7,9,,
20260715_函館_10R,20260715,函館,10,1,014497,川津 悠揮,北海道,38,96,S1,S1,追,,104.95,4.0,21.0,47.0,0,1,3,1,0,0,6,,
20260715_函館_10R,20260715,函館,10,2,013922,河野 通孝,茨 城,43,88,S1,S2,追,,104.66,0.0,42.0,71.0,0,0,1,2,0,0,1,,
20260715_函館_10R,20260715,函館,10,3,015378,今野 有樹,愛 媛,29,115,S2,S2,両,,99.46,3.0,18.0,34.0,0,0,3,3,0,1,6,,
20260715_函館_10R,20260715,函館,10,4,015832,角 宗哉,山 口,26,125,S2,S2,逃,,101.91,26.0,52.0,60.0,3,8,0,1,9,7,5,,
20260715_函館_10R,20260715,函館,10,5,015329,板垣 昴,北海道,34,115,S2,S2,逃,,103.34,23.0,30.0,50.0,2,5,1,0,5,5,1,,
20260715_函館_10R,20260715,函館,10,6,015615,荒川 仁,千 葉,28,121,S2,A1,逃,,90.29,17.0,35.0,41.0,4,2,0,0,8,5,1,,
20260715_函館_10R,20260715,函館,10,7,013886,大屋 健司,広 島,44,87,S2,S2,追,,103.03,15.0,34.0,43.0,0,1,6,4,0,0,3,,
20260715_函館_11R,20260715,函館,11,1,015730,黒瀬 浩太郎,広 島,26,123,S2,S1,逃,,107.15,19.0,38.0,47.0,3,5,0,0,8,6,8,,
20260715_函館_11R,20260715,函館,11,2,014052,飯野 祐太,福 島,41,90,S2,S1,両,,107.11,14.0,29.0,48.0,0,1,5,2,0,0,2,,
20260715_函館_11R,20260715,函館,11,3,014944,栗山 俊介,奈 良,38,103,S2,S2,両,,101.52,8.0,13.0,39.0,1,0,2,0,1,1,6,,
20260715_函館_11R,20260715,函館,11,4,014645,三浦 翔大,宮 城,36,98,S2,S2,追,,98.86,10.0,20.0,33.0,0,0,5,1,0,0,3,,
20260715_函館_11R,20260715,函館,11,5,015063,小川 真太郎,徳 島,34,107,S1,S1,両,,105.54,22.0,27.0,45.0,0,4,2,0,3,2,4,,
20260715_函館_11R,20260715,函館,11,6,013741,高原 仁志,徳 島,45,85,S2,S2,追,,95.23,4.0,4.0,28.0,0,0,1,0,0,0,0,,
20260715_函館_11R,20260715,函館,11,7,014757,藤井 昭吾,滋 賀,40,99,S1,S2,両,,101.57,6.0,30.0,48.0,1,4,3,2,7,10,5,,
20260715_函館_12R,20260715,函館,12,1,014117,小岩 大介,大 分,42,90,S1,S1,追,,0.0,0.0,0.0,0.0,0,0,0,0,0,0,0,,
20260715_函館_12R,20260715,函館,12,2,015706,山田 駿斗,千 葉,22,123,S2,S2,逃,,99.63,25.0,25.0,25.0,1,1,1,0,3,4,2,,
20260715_函館_12R,20260715,函館,12,3,014700,川口 公太朗,岐 阜,36,98,S1,S1,追,,104.16,16.0,35.0,48.0,0,0,6,5,0,0,2,,
20260715_函館_12R,20260715,函館,12,4,014232,柴田 洋輔,東 京,40,92,S2,S2,追,,98.54,4.0,8.0,20.0,0,0,1,1,0,0,2,,
20260715_函館_12R,20260715,函館,12,5,015649,後藤 大輝,福 岡,25,121,S1,S1,逃,,108.71,23.0,33.0,47.0,6,1,0,0,16,10,0,,
20260715_函館_12R,20260715,函館,12,6,014831,伊藤 裕貴,三 重,34,100,S2,S2,両,,97.89,6.0,20.0,40.0,0,3,3,0,4,3,3,,
20260715_函館_12R,20260715,函館,12,7,012887,新田 康仁,静 岡,52,74,S2,S1,追,,105.33,33.0,50.0,50.0,0,0,3,0,0,0,0,,
20260715_宇都宮_1R,20260715,宇都宮,1,1,014269,梶原 恵介,大 分,44,92,A1,A1,追,,84.33,4.0,20.0,41.0,0,0,1,4,0,0,1,,
20260715_宇都宮_1R,20260715,宇都宮,1,2,014242,亀谷 隆一,神奈川,39,92,A2,A3,追,,72.28,4.0,18.0,45.0,0,0,1,3,0,0,9,,
20260715_宇都宮_1R,20260715,宇都宮,1,3,013219,宮本 佳樹,香 川,53,78,A2,A2,追,,80.08,8.0,8.0,16.0,0,0,1,0,0,0,0,,
20260715_宇都宮_1R,20260715,宇都宮,1,4,013417,梅原 大治,静 岡,49,81,A2,A2,追,,83.79,4.0,8.0,37.0,0,0,1,1,0,0,0,,
20260715_宇都宮_1R,20260715,宇都宮,1,5,013895,松尾 大樹,長 崎,45,87,A2,A2,追,,82.08,0.0,16.0,33.0,0,0,1,3,0,0,7,,
20260715_宇都宮_1R,20260715,宇都宮,1,6,015085,奈良 基,宮 城,44,109,A2,A3,両,,71.76,23.0,38.0,52.0,1,1,4,2,4,8,1,,
20260715_宇都宮_1R,20260715,宇都宮,1,7,015831,三木 健正,岡 山,25,125,A1,A1,逃,,85.83,22.0,33.0,55.0,1,5,0,0,10,6,2,,
20260715_宇都宮_2R,20260715,宇都宮,2,1,015421,秋本 耀太郎,栃 木,28,117,A1,S2,逃,,98.16,11.0,27.0,27.0,0,2,0,3,1,2,2,,
20260715_宇都宮_2R,20260715,宇都宮,2,2,015101,松岡 晋乃介,岐 阜,30,109,A2,A2,逃,,82.29,4.0,12.0,45.0,2,0,1,0,7,8,8,,
20260715_宇都宮_2R,20260715,宇都宮,2,3,014651,須永 勝太,福 島,35,98,A2,A2,両,,84.7,16.0,36.0,46.0,0,2,7,2,0,0,2,,
20260715_宇都宮_2R,20260715,宇都宮,2,4,011817,有賀 高士,石 川,57,61,A2,A3,追,,74.66,12.0,38.0,54.0,0,0,8,4,0,0,2,,
20260715_宇都宮_2R,20260715,宇都宮,2,5,014236,本田 拓也,新 潟,43,92,A2,A2,追,,81.53,7.0,7.0,11.0,0,0,2,0,0,0,0,,
20260715_宇都宮_2R,20260715,宇都宮,2,6,014195,田中 孝法,福 岡,44,91,A2,A3,追,,74.44,27.0,44.0,44.0,0,0,6,2,0,0,5,,
20260715_宇都宮_2R,20260715,宇都宮,2,7,013477,宮司 周郎,愛 知,50,82,A1,A1,追,,87.33,8.0,50.0,62.0,0,0,4,8,0,0,3,,
20260715_宇都宮_3R,20260715,宇都宮,3,1,014737,河上 陽一,千 葉,50,99,A2,A2,両,,82.16,0.0,8.0,33.0,0,0,1,1,0,0,1,,
20260715_宇都宮_3R,20260715,宇都宮,3,2,015911,松田 安綱,大 阪,25,127,A2,A2,逃,,88.08,37.0,45.0,62.0,7,2,2,0,12,10,4,,
20260715_宇都宮_3R,20260715,宇都宮,3,3,014058,佐藤 謙,栃 木,40,90,A2,A2,追,,83.89,6.0,20.0,31.0,0,0,3,3,0,0,3,,
20260715_宇都宮_3R,20260715,宇都宮,3,4,015182,吉川 希望,石 川,33,111,A1,A1,逃,,91.25,25.0,33.0,48.0,3,5,1,0,5,5,3,,
20260715_宇都宮_3R,20260715,宇都宮,3,5,015107,田頭 寛之,千 葉,37,109,A1,A1,両,,88.88,18.0,44.0,70.0,4,3,3,2,5,3,4,,
20260715_宇都宮_3R,20260715,宇都宮,3,6,014329,阿部 功,高 知,42,93,A2,A2,追,,79.47,0.0,5.0,29.0,0,0,0,1,0,0,0,,
20260715_宇都宮_3R,20260715,宇都宮,3,7,013695,岡本 英之,千 葉,47,85,A1,A1,追,,90.76,14.0,33.0,33.0,0,0,5,2,0,0,2,,
20260715_宇都宮_4R,20260715,宇都宮,4,1,013693,藤原 憲征,新 潟,46,85,A1,S2,追,,98.12,9.0,18.0,43.0,0,0,3,3,0,0,2,,
20260715_宇都宮_4R,20260715,宇都宮,4,2,013353,吉永 好宏,広 島,51,80,A1,A1,追,,86.81,9.0,27.0,45.0,0,0,3,3,0,0,3,,
20260715_宇都宮_4R,20260715,宇都宮,4,3,015721,内山 慧大,福 井,24,123,A1,A1,逃,,90.04,28.0,38.0,42.0,5,3,0,0,14,10,11,,
20260715_宇都宮_4R,20260715,宇都宮,4,4,014862,坂本 将太郎,栃 木,33,101,A1,A1,追,,86.0,11.0,29.0,51.0,0,0,5,3,0,0,7,,
20260715_宇都宮_4R,20260715,宇都宮,4,5,015895,鈴木 小次廊,静 岡,23,127,A2,A3,逃,,76.04,19.0,66.0,71.0,9,2,1,2,11,8,14,,
20260715_宇都宮_4R,20260715,宇都宮,4,6,015933,山本 康旗,大 分,26,127,A2,A3,逃,,74.33,13.0,26.0,66.0,3,1,0,0,11,11,0,,
20260715_宇都宮_4R,20260715,宇都宮,4,7,012742,山田 雅之,岐 阜,53,72,A2,A1,追,,86.28,4.0,13.0,36.0,0,0,2,1,0,0,3,,
20260715_宇都宮_5R,20260715,宇都宮,5,1,015717,児玉 虎之介,岐 阜,25,123,S2,S2,逃,,96.96,11.0,19.0,42.0,1,1,3,0,10,12,9,,
20260715_宇都宮_5R,20260715,宇都宮,5,2,013070,高木 和仁,福 岡,51,76,S2,S2,追,,99.14,7.0,14.0,40.0,0,0,4,0,0,0,0,,
20260715_宇都宮_5R,20260715,宇都宮,5,3,014710,花田 将司,千 葉,39,99,S2,S2,両,,94.41,0.0,3.0,12.0,0,0,1,0,0,0,6,,
20260715_宇都宮_5R,20260715,宇都宮,5,4,014712,泉 慶輔,宮 城,36,99,S2,A1,追,,93.47,19.0,42.0,76.0,0,0,6,3,0,0,9,,
20260715_宇都宮_5R,20260715,宇都宮,5,5,014399,佐川 翔吾,大 阪,42,94,S2,S2,両,,97.05,10.0,15.0,26.0,0,0,2,1,0,0,3,,
20260715_宇都宮_5R,20260715,宇都宮,5,6,013537,谷津田 将吾,福 島,46,83,S2,A1,追,,90.88,16.0,33.0,38.0,0,0,6,0,0,0,3,,
20260715_宇都宮_5R,20260715,宇都宮,5,7,015064,吉武 信太朗,愛 媛,32,107,S2,S2,逃,,96.4,0.0,3.0,28.0,0,0,0,1,2,4,2,,
20260715_宇都宮_6R,20260715,宇都宮,6,1,015123,清水 一幸,大 阪,39,109,S2,S2,追,,100.65,19.0,29.0,38.0,0,1,7,1,0,1,6,,
20260715_宇都宮_6R,20260715,宇都宮,6,2,014571,根本 哲吏,秋 田,40,97,S2,S2,両,,96.88,0.0,10.0,20.0,0,0,0,1,1,1,0,,
20260715_宇都宮_6R,20260715,宇都宮,6,3,014053,鈴木 謙太郎,茨 城,41,90,S2,S2,両,,97.6,4.0,12.0,32.0,1,0,1,1,3,2,3,,
20260715_宇都宮_6R,20260715,宇都宮,6,4,014137,房州 輝也,福 島,40,91,S2,S2,両,,95.45,0.0,2.0,24.0,0,0,1,0,1,1,1,,
20260715_宇都宮_6R,20260715,宇都宮,6,5,015723,稲毛 知也,和歌山,28,123,S2,A1,逃,,91.45,41.0,50.0,58.0,2,10,0,0,10,6,10,,
20260715_宇都宮_6R,20260715,宇都宮,6,6,014372,内田 玄希,東 京,45,94,S2,A1,追,,89.96,12.0,48.0,68.0,0,0,6,6,0,0,16,,
20260715_宇都宮_6R,20260715,宇都宮,6,7,013230,開坂 秀明,青 森,51,79,S2,S2,追,,97.82,0.0,17.0,24.0,0,0,3,2,0,0,0,,
20260715_宇都宮_7R,20260715,宇都宮,7,1,015519,小池 千啓,栃 木,28,119,S2,S2,逃,,93.13,0.0,3.0,13.0,0,1,0,0,6,7,2,,
20260715_宇都宮_7R,20260715,宇都宮,7,2,013443,大坪 功一,福 岡,49,81,S2,S1,追,,99.57,3.0,14.0,25.0,0,0,2,2,0,0,2,,
20260715_宇都宮_7R,20260715,宇都宮,7,3,013357,近藤 誠二,香 川,48,80,S2,A1,追,,92.52,12.0,29.0,58.0,0,0,3,4,0,0,0,,
20260715_宇都宮_7R,20260715,宇都宮,7,4,013679,真崎 新太郎,栃 木,47,85,S2,S2,追,,97.85,3.0,18.0,37.0,0,0,4,1,0,0,0,,
20260715_宇都宮_7R,20260715,宇都宮,7,5,015067,瀬戸 晋作,長 崎,33,107,S2,S1,両,,97.27,4.0,18.0,27.0,0,1,2,1,3,3,2,,
20260715_宇都宮_7R,20260715,宇都宮,7,6,015729,山根 慶太,岡 山,26,123,S2,A1,逃,,86.38,11.0,33.0,66.0,3,1,1,1,10,10,2,,
20260715_宇都宮_7R,20260715,宇都宮,7,7,014515,城 幸弘,山 梨,40,96,S2,S2,追,,95.89,6.0,13.0,13.0,0,0,4,0,0,0,2,,
20260715_宇都宮_8R,20260715,宇都宮,8,1,013252,中村 浩士,千 葉,48,79,S2,S1,追,,98.85,7.0,10.0,21.0,0,0,2,1,0,0,2,,
20260715_宇都宮_8R,20260715,宇都宮,8,2,015610,永井 哉多,東 京,24,121,S2,A1,逃,,95.86,72.0,77.0,81.0,8,9,0,0,13,11,0,,
20260715_宇都宮_8R,20260715,宇都宮,8,3,014318,椎木尾 拓哉,和歌山,40,93,S2,S1,追,,105.28,16.0,28.0,32.0,0,0,7,0,0,0,3,,
20260715_宇都宮_8R,20260715,宇都宮,8,4,015619,日高 裕太,静 岡,24,121,S2,S2,逃,,98.06,16.0,20.0,30.0,4,2,0,0,10,10,7,,
20260715_宇都宮_8R,20260715,宇都宮,8,5,014588,柿澤 大貴,長 野,36,97,S2,S1,追,,107.24,10.0,37.0,48.0,0,2,5,4,0,0,9,,
20260715_宇都宮_8R,20260715,宇都宮,8,6,015745,小柳 智徳,長 崎,28,123,S2,A1,逃,,91.63,31.0,36.0,47.0,2,5,0,0,5,2,2,,
20260715_宇都宮_8R,20260715,宇都宮,8,7,015186,南 潤,和歌山,28,111,S1,S2,逃,,101.66,25.0,45.0,54.0,6,1,3,1,14,12,7,,
20260715_宇都宮_9R,20260715,宇都宮,9,1,012987,堤 洋,徳 島,50,75,S1,S2,追,,99.03,11.0,23.0,61.0,0,0,5,1,0,0,0,,
20260715_宇都宮_9R,20260715,宇都宮,9,2,014942,清水 剛志,福 井,35,103,S2,S2,両,,102.53,26.0,36.0,46.0,0,0,9,2,2,2,8,,
20260715_宇都宮_9R,20260715,宇都宮,9,3,014511,内藤 高裕,東 京,38,96,S2,S2,追,,97.26,3.0,13.0,33.0,0,0,2,2,0,0,4,,
20260715_宇都宮_9R,20260715,宇都宮,9,4,012487,紺野 哲也,宮 城,53,69,S2,S2,追,,100.66,9.0,22.0,36.0,0,0,4,1,0,0,0,,
20260715_宇都宮_9R,20260715,宇都宮,9,5,015840,阿部 英斗,福 岡,22,125,S2,S2,逃,,107.03,30.0,57.0,73.0,1,11,3,0,9,4,2,,
20260715_宇都宮_9R,20260715,宇都宮,9,6,014068,吉田 裕全,埼 玉,41,90,S2,A1,追,,91.54,8.0,30.0,47.0,0,1,2,4,0,0,1,,
20260715_宇都宮_9R,20260715,宇都宮,9,7,014177,小堺 浩二,石 川,43,91,S2,S2,両,,101.25,17.0,20.0,45.0,0,4,3,1,2,2,6,,
20260715_宇都宮_10R,20260715,宇都宮,10,1,015605,加藤 将武,埼 玉,24,121,S2,S2,逃,,101.89,21.0,31.0,47.0,3,1,2,0,6,8,0,,
20260715_宇都宮_10R,20260715,宇都宮,10,2,014599,松岡 篤哉,岐 阜,44,97,S2,S2,両,,100.17,25.0,35.0,46.0,2,2,5,1,3,3,0,,
20260715_宇都宮_10R,20260715,宇都宮,10,3,015725,青木 瑞樹,岡 山,26,123,S2,S2,逃,,101.89,20.0,37.0,48.0,5,3,2,1,12,15,3,,
20260715_宇都宮_10R,20260715,宇都宮,10,4,014141,中川 貴徳,栃 木,42,91,S2,S2,追,,100.27,9.0,22.0,27.0,0,0,4,1,0,0,2,,
20260715_宇都宮_10R,20260715,宇都宮,10,5,012450,山口 富生,岐 阜,56,68,S1,S1,追,,105.43,12.0,25.0,50.0,0,0,2,2,0,0,1,,
20260715_宇都宮_10R,20260715,宇都宮,10,6,013498,西田 雅志,広 島,48,82,S2,S2,追,,95.85,3.0,11.0,29.0,0,0,1,2,0,0,0,,
20260715_宇都宮_10R,20260715,宇都宮,10,7,014409,山本 奨,岡 山,37,94,S2,S2,両,,101.58,17.0,24.0,48.0,0,4,3,0,0,0,3,,
20260715_宇都宮_11R,20260715,宇都宮,11,1,014130,竹山 陵太,宮 城,41,91,A1,S2,追,,97.31,11.0,25.0,40.0,0,2,5,2,0,0,9,,
20260715_宇都宮_11R,20260715,宇都宮,11,2,015285,久樹 克門,徳 島,34,113,A1,A1,逃,,92.69,33.0,51.0,55.0,0,3,8,3,2,1,3,,
20260715_宇都宮_11R,20260715,宇都宮,11,3,014477,白上 翔,滋 賀,37,95,A1,A1,両,,93.09,47.0,57.0,71.0,0,4,8,0,1,1,2,,
20260715_宇都宮_11R,20260715,宇都宮,11,4,014714,橋本 智昭,宮 城,43,99,A1,S2,逃,,99.22,16.0,29.0,33.0,1,4,1,1,3,3,4,,
20260715_宇都宮_11R,20260715,宇都宮,11,5,015204,吉田 智哉,愛 媛,28,111,A1,S2,逃,,94.84,4.0,8.0,20.0,1,0,1,0,1,3,3,,
20260715_宇都宮_11R,20260715,宇都宮,11,6,015748,田中 会心,熊 本,25,123,A1,A2,逃,,85.77,14.0,40.0,51.0,10,1,0,0,17,18,0,,
20260715_宇都宮_11R,20260715,宇都宮,11,7,013903,川崎 健次,神奈川,46,88,A1,A1,追,,87.5,22.0,44.0,55.0,0,0,6,2,0,0,4,,
20260715_宇都宮_12R,20260715,宇都宮,12,1,014505,雨谷 一樹,栃 木,36,96,S1,S1,両,,109.03,3.0,26.0,30.0,0,1,2,4,0,1,4,,
20260715_宇都宮_12R,20260715,宇都宮,12,2,014499,佐藤 博紀,岩 手,40,96,S2,S1,両,,103.76,9.0,23.0,47.0,0,5,0,0,0,1,8,,
20260715_宇都宮_12R,20260715,宇都宮,12,3,014685,掛水 泰範,高 知,42,98,S2,S2,追,,104.42,5.0,26.0,52.0,0,0,3,2,0,0,5,,
20260715_宇都宮_12R,20260715,宇都宮,12,4,015475,伊藤 旭,熊 本,26,117,S1,S1,両,,108.45,16.0,25.0,54.0,0,4,2,0,1,2,5,,
20260715_宇都宮_12R,20260715,宇都宮,12,5,015440,長田 龍拳,静 岡,25,117,S2,S2,逃,,106.07,23.0,50.0,73.0,10,3,0,0,20,17,5,,
20260715_宇都宮_12R,20260715,宇都宮,12,6,015468,和泉 尚吾,愛 媛,29,117,S2,S2,両,,101.5,23.0,28.0,42.0,1,1,3,1,5,5,5,,
20260715_宇都宮_12R,20260715,宇都宮,12,7,015235,嵯峨 昇喜郎,青 森,27,113,S1,S1,両,,108.4,14.0,40.0,51.0,3,6,2,0,7,5,2,,
20260715_玉野_1R,20260715,玉野,1,1,015558,川野 深,福 岡,28,119,A1,A2,逃,,86.86,17.0,30.0,47.0,5,0,1,1,8,7,6,,
20260715_玉野_1R,20260715,玉野,1,2,014828,川口 聖翔,三 重,37,100,A2,A2,追,,80.54,4.0,8.0,20.0,0,0,1,1,0,1,3,,
20260715_玉野_1R,20260715,玉野,1,3,012800,豊田 一馬,群 馬,51,73,A2,A2,追,,81.14,4.0,14.0,19.0,0,0,2,1,0,0,0,,
20260715_玉野_1R,20260715,玉野,1,4,015621,長谷川 裕一,愛 知,40,121,A2,A2,逃,,77.47,5.0,10.0,10.0,1,1,0,0,6,9,0,,
20260715_玉野_1R,20260715,玉野,1,5,014579,齋藤 一茂,群 馬,37,97,A2,A1,逃,,84.91,29.0,41.0,58.0,10,0,0,0,13,17,0,,
20260715_玉野_1R,20260715,玉野,1,6,012042,山原 利秀,高 知,57,63,A2,A3,追,,74.5,11.0,33.0,50.0,0,0,3,3,0,0,0,,
20260715_玉野_1R,20260715,玉野,1,7,013667,田中 洋輔,宮 崎,46,84,A1,A1,追,,85.85,14.0,38.0,52.0,0,1,5,2,0,0,1,,
20260715_玉野_2R,20260715,玉野,2,1,015281,増田 仁,広 島,41,113,A2,A2,逃,,82.64,25.0,32.0,41.0,6,4,0,0,12,13,4,,
20260715_玉野_2R,20260715,玉野,2,2,013892,梶山 裕次郎,福 岡,45,87,A2,A2,追,,80.81,4.0,13.0,27.0,0,1,1,1,0,0,0,,
20260715_玉野_2R,20260715,玉野,2,3,014125,坂本 昌宏,青 森,41,91,A2,A2,追,,81.76,0.0,4.0,36.0,0,0,0,1,0,0,0,,
20260715_玉野_2R,20260715,玉野,2,4,014449,片折 勇輝,福 岡,42,95,A2,A2,両,,81.88,11.0,14.0,18.0,0,0,3,1,4,4,4,,
20260715_玉野_2R,20260715,玉野,2,5,015513,菊池 翔,福 島,31,119,A2,A1,逃,,82.66,6.0,23.0,33.0,3,1,3,0,11,12,6,,
20260715_玉野_2R,20260715,玉野,2,6,012473,清水 邦章,香 川,55,68,A2,A2,追,,77.72,0.0,0.0,11.0,0,0,0,0,0,0,1,,
20260715_玉野_2R,20260715,玉野,2,7,014832,宮西 翼,石 川,46,100,A2,A2,両,,82.28,0.0,14.0,23.0,0,0,1,2,0,0,1,,
20260715_玉野_3R,20260715,玉野,3,1,013571,小林 信晴,愛 知,48,83,A1,A1,追,,91.54,8.0,33.0,54.0,0,0,3,5,0,0,9,,
20260715_玉野_3R,20260715,玉野,3,2,014849,宗崎 世連,高 知,35,100,A1,A1,両,,87.91,16.0,50.0,58.0,4,1,0,1,6,7,3,,
20260715_玉野_3R,20260715,玉野,3,3,014461,山中 秀将,千 葉,40,95,A1,A1,逃,,93.14,42.0,61.0,76.0,4,8,1,0,10,2,2,,
20260715_玉野_3R,20260715,玉野,3,4,014818,田口 裕一,千 葉,36,100,A1,A1,追,,88.66,23.0,38.0,61.0,0,1,5,2,0,0,8,,
20260715_玉野_3R,20260715,玉野,3,5,015634,末廣 快理,兵 庫,28,121,A2,A1,逃,,94.96,40.0,73.0,86.0,8,13,1,0,11,10,9,,
20260715_玉野_3R,20260715,玉野,3,6,013652,隅 直幸,山 口,47,84,A1,A1,追,,84.55,7.0,25.0,37.0,0,0,3,4,0,0,12,,
20260715_玉野_3R,20260715,玉野,3,7,014525,三ッ井 武,神奈川,41,96,A2,A1,追,,84.75,12.0,25.0,37.0,0,0,4,2,0,0,3,,
20260715_玉野_4R,20260715,玉野,4,1,013400,稲村 好将,群 馬,50,81,A1,A1,追,,88.83,5.0,33.0,44.0,0,0,5,1,0,0,0,,
20260715_玉野_4R,20260715,玉野,4,2,015639,松下 綾馬,岡 山,29,121,A1,A1,逃,,83.72,16.0,27.0,38.0,1,3,0,1,7,8,1,,
20260715_玉野_4R,20260715,玉野,4,3,015927,長野 魅切,愛 媛,23,127,A1,A2,逃,,92.66,63.0,63.0,78.0,7,5,0,0,10,4,1,,
20260715_玉野_4R,20260715,玉野,4,4,015434,片桐 善也,新 潟,32,117,A1,A1,逃,,92.54,37.0,50.0,62.0,4,2,5,1,5,7,4,,
20260715_玉野_4R,20260715,玉野,4,5,013507,吉岡 篤志,徳 島,47,82,A1,A2,追,,84.11,0.0,11.0,40.0,0,0,2,1,0,0,0,,
20260715_玉野_4R,20260715,玉野,4,6,011487,宮倉 勇,千 葉,61,58,A2,A2,追,,83.12,3.0,7.0,23.0,0,0,1,1,0,0,0,,
20260715_玉野_4R,20260715,玉野,4,7,014688,西田 大志,福 岡,35,98,A1,A1,追,,88.29,25.0,54.0,66.0,0,0,6,7,0,0,5,,
20260715_玉野_5R,20260715,玉野,5,1,015277,高井 流星,岡 山,31,113,A2,A1,逃,,91.2,30.0,57.0,61.0,7,7,0,1,10,11,1,,
20260715_玉野_5R,20260715,玉野,5,2,013283,小林 卓人,大 阪,48,79,A1,A1,追,,88.66,16.0,20.0,37.0,0,0,4,1,0,0,4,,
20260715_玉野_5R,20260715,玉野,5,3,015657,高橋 優斗,大 分,29,121,A1,A1,逃,,84.86,6.0,13.0,46.0,0,2,0,0,3,3,2,,
20260715_玉野_5R,20260715,玉野,5,4,015512,大高 彰馬,福 島,27,119,A1,A1,逃,,91.16,16.0,50.0,61.0,1,6,2,0,3,2,1,,
20260715_玉野_5R,20260715,玉野,5,5,013653,森安 崇之,香 川,48,84,A1,S2,追,,95.09,3.0,9.0,18.0,0,0,1,2,0,0,0,,
20260715_玉野_5R,20260715,玉野,5,6,013822,米原 大輔,沖 縄,46,86,A2,A3,追,,74.59,3.0,40.0,62.0,0,0,2,9,0,0,5,,
20260715_玉野_5R,20260715,玉野,5,7,013985,高橋 陽介,青 森,44,89,A1,A1,追,,88.9,10.0,25.0,45.0,0,0,2,3,0,0,3,,
20260715_玉野_6R,20260715,玉野,6,1,013829,青森 伸也,福 島,49,87,S2,S2,追,,103.4,0.0,25.0,41.0,0,0,1,2,0,0,3,,
20260715_玉野_6R,20260715,玉野,6,2,015539,上杉 嘉槻,福 井,28,119,S2,S2,逃,,94.63,9.0,15.0,27.0,4,1,0,0,16,16,0,,
20260715_玉野_6R,20260715,玉野,6,3,014043,中園 和剛,福 岡,43,89,S2,S2,追,,95.34,0.0,2.0,14.0,0,0,0,1,0,0,10,,
20260715_玉野_6R,20260715,玉野,6,4,014350,佐藤 雅春,宮 城,39,94,S2,S2,追,,100.27,10.0,10.0,20.0,0,0,2,0,0,0,1,,
20260715_玉野_6R,20260715,玉野,6,5,014978,谷口 明正,三 重,42,103,S2,A1,両,,95.0,0.0,20.0,50.0,0,0,1,1,0,0,2,,
20260715_玉野_6R,20260715,玉野,6,6,014325,蓮井 祐輝,香 川,42,93,S2,A1,追,,92.2,6.0,26.0,60.0,0,0,1,3,0,0,2,,
20260715_玉野_6R,20260715,玉野,6,7,014348,坂本 貴史,青 森,37,94,S2,S2,両,,99.75,3.0,39.0,53.0,2,5,3,1,2,4,8,,
20260715_玉野_7R,20260715,玉野,7,1,014239,鈴木 裕,千 葉,41,92,S2,S2,両,,99.12,12.0,22.0,41.0,1,2,4,0,5,4,3,,
20260715_玉野_7R,20260715,玉野,7,2,015660,河崎 正晴,熊 本,25,121,S2,S2,逃,,101.57,18.0,21.0,36.0,0,5,1,1,7,7,0,,
20260715_玉野_7R,20260715,玉野,7,3,015450,長谷部 龍一,岐 阜,30,117,S2,S2,逃,,100.0,12.0,29.0,33.0,2,4,1,0,4,4,2,,
20260715_玉野_7R,20260715,玉野,7,4,015118,木村 幸希,広 島,34,109,S2,S2,両,,95.52,5.0,5.0,8.0,0,0,2,0,0,0,0,,
20260715_玉野_7R,20260715,玉野,7,5,014337,佐々木 翔一,佐 賀,39,93,S2,S2,両,,99.56,12.0,16.0,28.0,0,0,4,0,0,0,3,,
20260715_玉野_7R,20260715,玉野,7,6,013335,坂上 樹大,石 川,48,80,S2,A1,追,,90.85,29.0,40.0,48.0,0,0,9,2,0,0,6,,
20260715_玉野_7R,20260715,玉野,7,7,014723,石川 裕二,茨 城,42,99,S2,S1,追,,102.09,4.0,4.0,34.0,0,0,1,0,0,0,2,,
20260715_玉野_8R,20260715,玉野,8,1,014004,松永 将,茨 城,45,89,S2,S2,追,,99.78,5.0,14.0,38.0,0,0,3,2,0,0,7,,
20260715_玉野_8R,20260715,玉野,8,2,015551,渡口 勝成,山 口,29,119,S2,S2,逃,,101.85,18.0,33.0,37.0,3,4,2,0,8,6,0,,
20260715_玉野_8R,20260715,玉野,8,3,015438,佐々木 和紀,神奈川,29,117,S2,S2,追,,100.96,0.0,15.0,34.0,0,0,1,3,0,0,2,,
20260715_玉野_8R,20260715,玉野,8,4,015418,原 大智,宮 城,29,117,S2,S2,逃,,102.64,11.0,23.0,58.0,0,2,1,1,2,2,0,,
20260715_玉野_8R,20260715,玉野,8,5,012541,室井 健一,徳 島,55,69,S2,S2,追,,99.6,0.0,13.0,33.0,0,0,2,0,0,0,0,,
20260715_玉野_8R,20260715,玉野,8,6,015612,小榑 佑弥,群 馬,26,121,S2,A1,逃,,91.41,17.0,35.0,47.0,0,3,0,3,1,7,5,,
20260715_玉野_8R,20260715,玉野,8,7,014592,小島 歩,神奈川,36,97,S2,S2,追,,99.48,7.0,23.0,42.0,0,0,5,1,0,0,1,,
20260715_玉野_9R,20260715,玉野,9,1,013790,稲垣 裕之,京 都,48,86,S2,S2,両,,96.18,6.0,15.0,28.0,0,0,3,2,0,0,6,,
20260715_玉野_9R,20260715,玉野,9,2,012813,成清 貴之,千 葉,52,73,S2,S2,追,,100.02,5.0,22.0,33.0,0,0,6,2,0,0,0,,
20260715_玉野_9R,20260715,玉野,9,3,014617,西岡 拓朗,広 島,42,97,S2,S2,追,,96.38,3.0,11.0,19.0,0,0,1,2,0,0,3,,
20260715_玉野_9R,20260715,玉野,9,4,013744,菅原 晃,大 分,46,85,S2,S2,追,,100.15,0.0,28.0,42.0,0,0,0,6,0,0,1,,
20260715_玉野_9R,20260715,玉野,9,5,015609,安倍 大成,埼 玉,27,121,S2,S2,逃,,97.77,13.0,31.0,40.0,2,5,0,0,5,6,4,,
20260715_玉野_9R,20260715,玉野,9,6,015648,森本 桂太郎,愛 媛,27,121,S2,S2,逃,,94.5,0.0,18.0,27.0,1,2,0,1,9,7,1,,
20260715_玉野_9R,20260715,玉野,9,7,014955,市橋 司優人,福 岡,34,103,S2,S1,両,,102.38,0.0,9.0,19.0,0,0,1,1,1,1,3,,
20260715_玉野_10R,20260715,玉野,10,1,015385,立部 楓真,佐 賀,27,115,S1,S2,逃,,101.89,20.0,37.0,41.0,4,5,2,0,12,6,4,,
20260715_玉野_10R,20260715,玉野,10,2,015170,川越 勇星,神奈川,29,111,S2,S2,両,,101.8,15.0,26.0,53.0,3,3,1,0,6,5,4,,
20260715_玉野_10R,20260715,玉野,10,3,015815,栗山 和樹,岐 阜,29,125,S2,S2,逃,,108.65,50.0,75.0,79.0,2,12,4,0,3,3,2,,
20260715_玉野_10R,20260715,玉野,10,4,013059,香川 雄介,香 川,52,76,S1,S1,追,,105.03,10.0,17.0,27.0,0,0,3,2,0,0,0,,
20260715_玉野_10R,20260715,玉野,10,5,015004,畑段 嵐士,京 都,35,105,S2,S2,追,,100.3,6.0,33.0,43.0,0,2,5,3,2,0,5,,
20260715_玉野_10R,20260715,玉野,10,6,015104,中川 勝貴,福 井,30,109,S2,S2,追,,100.16,12.0,32.0,56.0,0,0,7,1,0,0,0,,
20260715_玉野_10R,20260715,玉野,10,7,015352,原田 亮太,千 葉,30,115,S2,S2,逃,,102.78,28.0,46.0,57.0,8,5,0,0,18,18,1,,
20260715_玉野_11R,20260715,玉野,11,1,015718,棚瀬 義大,岐 阜,26,123,S2,S2,逃,,103.21,8.0,39.0,56.0,8,1,0,0,15,15,8,,
20260715_玉野_11R,20260715,玉野,11,2,014890,大西 貴晃,大 分,33,101,S1,S2,両,,102.05,26.0,31.0,42.0,1,1,4,0,2,1,0,,
20260715_玉野_11R,20260715,玉野,11,3,015598,大川 剛,青 森,27,121,S1,S2,逃,,104.36,30.0,43.0,56.0,6,6,1,0,14,14,9,,
20260715_玉野_11R,20260715,玉野,11,4,014786,本郷 雄三,熊 本,37,99,S2,S2,両,,99.17,14.0,17.0,35.0,1,3,1,1,2,1,10,,
20260715_玉野_11R,20260715,玉野,11,5,014485,田中 勇二,岡 山,38,95,S1,S1,追,,102.78,9.0,23.0,42.0,0,0,3,2,0,0,1,,
20260715_玉野_11R,20260715,玉野,11,6,014259,戸田 洋平,岡 山,43,92,S2,S2,追,,98.68,0.0,15.0,30.0,0,0,3,0,0,0,0,,
20260715_玉野_11R,20260715,玉野,11,7,014641,箱田 優樹,青 森,35,98,S2,S2,追,,102.54,4.0,12.0,36.0,0,0,1,2,0,0,0,,
20260715_玉野_12R,20260715,玉野,12,1,015555,林 昌幸,愛 媛,23,119,S2,A1,逃,,96.13,45.0,68.0,81.0,6,6,3,0,14,7,2,,
20260715_玉野_12R,20260715,玉野,12,2,013249,諸橋 愛,新 潟,48,79,S1,S1,追,,109.93,5.0,11.0,29.0,0,0,2,0,0,0,0,,
20260715_玉野_12R,20260715,玉野,12,3,015183,小森 貴大,福 井,36,111,S1,S1,両,,105.42,10.0,30.0,40.0,2,2,1,1,5,5,7,,
20260715_玉野_12R,20260715,玉野,12,4,015521,中島 詩音,山 梨,28,119,S2,S2,逃,,106.0,13.0,30.0,56.0,1,5,0,1,2,1,4,,
20260715_玉野_12R,20260715,玉野,12,5,013724,渡辺 十夢,福 井,46,85,S2,S2,追,,100.89,6.0,30.0,40.0,0,0,5,4,0,0,3,,
20260715_玉野_12R,20260715,玉野,12,6,015782,佐々木 亮太,青 森,21,125,S2,A1,逃,,90.81,25.0,37.0,48.0,6,4,0,0,13,13,1,,
20260715_玉野_12R,20260715,玉野,12,7,013495,友定 祐己,岡 山,47,82,S2,S2,追,,102.43,12.0,25.0,43.0,0,0,3,1,0,0,7,,
20260715_佐世保_1R,20260715,佐世保,1,1,013147,米嶋 賢二,長 崎,51,77,A2,A2,追,,78.62,0.0,0.0,12.0,0,0,0,0,0,0,0,,
20260715_佐世保_1R,20260715,佐世保,1,2,014457,北野 良栄,茨 城,42,95,A2,A1,両,,84.85,14.0,35.0,46.0,1,3,2,4,6,8,1,,
20260715_佐世保_1R,20260715,佐世保,1,3,014021,森川 剛,神奈川,47,89,A2,A2,追,,78.5,3.0,6.0,20.0,0,0,1,1,1,1,1,,
20260715_佐世保_1R,20260715,佐世保,1,4,013659,高比良 豪,福 岡,46,84,A2,A1,追,,82.72,9.0,22.0,31.0,0,2,1,2,0,0,0,,
20260715_佐世保_1R,20260715,佐世保,1,5,013384,金子 兼久,宮 城,48,81,A2,A2,追,,80.25,0.0,6.0,12.0,0,0,0,1,0,0,0,,
20260715_佐世保_1R,20260715,佐世保,1,6,015736,中岡 海,愛 媛,23,123,A2,A3,逃,,70.65,15.0,45.0,55.0,7,2,0,0,6,8,12,,
20260715_佐世保_2R,20260715,佐世保,2,1,014303,小川 達也,静 岡,39,93,A1,A1,逃,,79.18,0.0,3.0,22.0,1,0,0,0,8,13,0,,
20260715_佐世保_2R,20260715,佐世保,2,2,013809,杉山 剛,福 岡,49,86,A2,A2,両,,80.55,3.0,22.0,29.0,0,1,1,4,1,4,2,,
20260715_佐世保_2R,20260715,佐世保,2,3,015813,山本 和虎,愛 知,23,125,A2,A2,逃,,82.23,9.0,38.0,38.0,6,1,1,0,10,11,15,,
20260715_佐世保_2R,20260715,佐世保,2,4,012602,吉村 文隆,京 都,54,70,A2,A2,追,,78.79,0.0,0.0,8.0,0,0,0,0,0,0,0,,
20260715_佐世保_2R,20260715,佐世保,2,5,013910,高橋 秀吉,秋 田,43,88,A1,A1,追,,88.61,22.0,27.0,50.0,0,0,4,1,0,0,3,,
20260715_佐世保_2R,20260715,佐世保,2,6,012603,大川 栄二,和歌山,53,70,A2,A3,追,,73.7,20.0,45.0,75.0,0,0,7,4,0,0,2,,
20260715_佐世保_2R,20260715,佐世保,2,7,014227,緒方 剛,埼 玉,43,92,A2,A2,追,,78.55,0.0,0.0,5.0,0,0,0,0,0,0,3,,
20260715_佐世保_3R,20260715,佐世保,3,1,015600,照井 力斗,岩 手,24,121,A1,A1,逃,,86.53,20.0,33.0,60.0,4,6,0,0,11,12,2,,
20260715_佐世保_3R,20260715,佐世保,3,2,014267,一ノ瀬 匠,佐 賀,38,92,A1,A1,逃,,85.53,25.0,57.0,60.0,11,4,0,1,14,17,0,,
20260715_佐世保_3R,20260715,佐世保,3,3,013363,宇根 秀俊,愛 媛,49,80,A2,A1,追,,85.66,12.0,20.0,33.0,0,0,3,2,0,0,1,,
20260715_佐世保_3R,20260715,佐世保,3,4,014704,阿部 充宏,山 口,42,98,A2,A2,両,,84.11,3.0,18.0,40.0,0,0,3,2,0,0,4,,
20260715_佐世保_3R,20260715,佐世保,3,5,013473,大塚 英伸,静 岡,48,82,A1,A1,追,,88.5,5.0,33.0,66.0,0,0,4,2,0,0,4,,
20260715_佐世保_3R,20260715,佐世保,3,6,013370,三槻 智清,佐 賀,49,80,A2,A2,追,,81.33,5.0,16.0,27.0,0,0,1,2,0,0,1,,
20260715_佐世保_3R,20260715,佐世保,3,7,014684,松本 卓也,徳 島,35,98,A1,A1,両,,88.13,13.0,26.0,46.0,2,3,2,1,10,8,6,,
20260715_佐世保_4R,20260715,佐世保,4,1,014187,大西 祐,岡 山,39,91,A1,S2,両,,92.39,0.0,3.0,14.0,0,0,1,0,3,2,2,,
20260715_佐世保_4R,20260715,佐世保,4,2,013811,池田 浩士,佐 賀,47,86,A2,A1,追,,86.96,0.0,22.0,37.0,1,0,2,3,1,1,1,,
20260715_佐世保_4R,20260715,佐世保,4,3,014205,日当 泰之,青 森,38,92,A2,A2,両,,81.83,8.0,8.0,33.0,0,0,2,0,4,6,3,,
20260715_佐世保_4R,20260715,佐世保,4,4,013112,佐藤 明,静 岡,50,77,A2,A2,追,,81.79,0.0,4.0,37.0,0,0,0,1,0,0,7,,
20260715_佐世保_4R,20260715,佐世保,4,5,014181,藤原 悠斗,岡 山,40,91,A2,A2,追,,82.2,3.0,10.0,33.0,0,0,1,2,0,0,1,,
20260715_佐世保_4R,20260715,佐世保,4,6,013271,鮒田 博文,三 重,48,79,A2,A2,追,,79.96,0.0,7.0,23.0,0,0,0,2,0,0,0,,
20260715_佐世保_4R,20260715,佐世保,4,7,015843,松本 昂大,長 崎,22,125,A1,A2,逃,,83.33,29.0,29.0,33.0,5,2,0,0,10,12,0,,
20260715_佐世保_5R,20260715,佐世保,5,1,015017,青木 美優,栃 木,32,106,L1,L1,追,,47.2,4.0,8.0,25.0,0,0,1,1,0,0,4,,
20260715_佐世保_5R,20260715,佐世保,5,2,015226,成田 可菜絵,大 阪,39,112,L1,L1,両,,48.07,7.0,15.0,30.0,3,0,1,0,7,11,0,,
20260715_佐世保_5R,20260715,佐世保,5,3,015133,佐藤 友香,青 森,45,110,L1,L1,追,,45.75,0.0,0.0,3.0,0,0,0,0,0,1,2,,
20260715_佐世保_5R,20260715,佐世保,5,4,015943,高崎 千賀,神奈川,32,128,L1,L1,両,,46.94,0.0,5.0,23.0,0,0,0,1,0,0,0,,
20260715_佐世保_5R,20260715,佐世保,5,5,015761,吉村 美有紀,愛 媛,24,124,L1,L1,両,,48.56,12.0,16.0,24.0,2,0,1,1,3,2,3,,
20260715_佐世保_5R,20260715,佐世保,5,6,015945,橋本 のこ,愛 知,21,128,L1,L1,両,,45.56,0.0,0.0,6.0,0,0,0,0,1,3,0,,
20260715_佐世保_5R,20260715,佐世保,5,7,015307,田中 千尋,愛 知,28,114,L1,L1,両,,46.9,0.0,5.0,10.0,0,0,1,0,0,0,7,,
20260715_佐世保_6R,20260715,佐世保,6,1,015296,上田 尭弥,熊 本,28,113,S2,S1,逃,,101.6,13.0,34.0,34.0,3,3,1,1,6,7,1,,
20260715_佐世保_6R,20260715,佐世保,6,2,013670,小橋 秀幸,青 森,47,85,S2,A1,追,,92.92,22.0,44.0,59.0,0,0,7,5,0,0,11,,
20260715_佐世保_6R,20260715,佐世保,6,3,015171,出澤 拓也,神奈川,35,111,S2,S2,追,,94.54,0.0,8.0,29.0,0,0,0,3,0,0,1,,
20260715_佐世保_6R,20260715,佐世保,6,4,014982,坂本 周作,青 森,34,105,S2,S2,逃,,93.27,13.0,13.0,18.0,0,3,0,0,6,6,0,,
20260715_佐世保_6R,20260715,佐世保,6,5,013514,山口 貴嗣,福 岡,47,82,S2,S2,追,,101.31,13.0,18.0,50.0,0,0,3,1,0,0,1,,
20260715_佐世保_6R,20260715,佐世保,6,6,012478,加倉 正義,福 岡,55,68,S2,S2,追,,92.04,0.0,0.0,9.0,0,0,0,0,0,0,0,,
20260715_佐世保_7R,20260715,佐世保,7,1,014051,早坂 秀悟,茨 城,40,90,S2,S2,逃,,98.23,18.0,27.0,31.0,2,2,2,0,6,6,0,,
20260715_佐世保_7R,20260715,佐世保,7,2,014613,黒田 淳,岡 山,41,97,S2,S2,追,,98.03,7.0,23.0,30.0,0,0,3,3,0,0,1,,
20260715_佐世保_7R,20260715,佐世保,7,3,013204,佐野 梅一,京 都,50,78,S2,S2,追,,96.0,0.0,0.0,0.0,0,0,0,0,0,0,0,,
20260715_佐世保_7R,20260715,佐世保,7,4,014574,佐伯 翔,福 島,39,97,S2,S2,追,,97.92,0.0,15.0,30.0,0,0,0,2,0,0,3,,
20260715_佐世保_7R,20260715,佐世保,7,5,015201,門田 凌,愛 媛,32,111,S2,A1,両,,91.51,33.0,55.0,62.0,1,6,7,1,0,1,3,,
20260715_佐世保_7R,20260715,佐世保,7,6,015727,中原 航大,岡 山,26,123,S2,A1,逃,,91.45,37.0,62.0,62.0,10,4,1,0,14,11,5,,
20260715_佐世保_7R,20260715,佐世保,7,7,015458,貴志 修己,和歌山,30,117,S2,S2,逃,,101.85,14.0,25.0,40.0,3,4,0,0,7,9,3,,
20260715_佐世保_8R,20260715,佐世保,8,1,013637,笠松 信幸,愛 知,47,84,S1,S1,追,,105.46,23.0,30.0,46.0,0,0,7,2,0,0,12,,
20260715_佐世保_8R,20260715,佐世保,8,2,015066,原口 昌平,福 岡,33,107,S2,S2,両,,102.9,22.0,36.0,45.0,3,4,1,0,9,7,2,,
20260715_佐世保_8R,20260715,佐世保,8,3,015509,木村 佑来,宮 城,24,119,S2,S2,逃,,99.41,20.0,34.0,41.0,4,3,3,0,16,16,14,,
20260715_佐世保_8R,20260715,佐世保,8,4,015541,石塚 慶一郎,和歌山,24,119,S2,S2,両,,103.93,18.0,37.0,50.0,0,3,3,0,0,3,0,,
20260715_佐世保_8R,20260715,佐世保,8,5,014081,田中 晴基,千 葉,40,90,S2,S2,追,,101.12,15.0,34.0,50.0,0,1,8,2,0,0,14,,
20260715_佐世保_8R,20260715,佐世保,8,6,014221,古川 尚耶,栃 木,40,92,S2,S2,追,,98.65,2.0,22.0,25.0,0,0,3,5,0,0,1,,
20260715_佐世保_8R,20260715,佐世保,8,7,014262,稲吉 悠大,福 岡,39,92,S2,S2,追,,99.18,6.0,28.0,50.0,0,0,4,5,0,0,3,,
20260715_佐世保_9R,20260715,佐世保,9,1,014327,北村 信明,徳 島,40,93,S2,S2,追,,99.0,3.0,18.0,40.0,0,0,2,3,0,0,2,,
20260715_佐世保_9R,20260715,佐世保,9,2,013862,鈴木 伸之,愛 知,45,87,S2,S2,追,,100.92,10.0,17.0,32.0,0,0,5,0,0,0,1,,
20260715_佐世保_9R,20260715,佐世保,9,3,014752,竹内 雄作,岐 阜,38,99,S2,S2,逃,,97.68,6.0,13.0,30.0,1,3,0,0,12,16,4,,
20260715_佐世保_9R,20260715,佐世保,9,4,015473,青柳 靖起,佐 賀,26,117,S1,S2,逃,,105.72,33.0,52.0,55.0,9,4,2,4,13,15,0,,
20260715_佐世保_9R,20260715,佐世保,9,5,014554,山形 一気,徳 島,37,96,S1,S1,追,,106.95,3.0,7.0,34.0,0,0,2,0,0,0,2,,
20260715_佐世保_9R,20260715,佐世保,9,6,014512,長井 妙樹,東 京,37,96,S2,A1,追,,91.12,12.0,20.0,37.0,0,0,4,1,0,0,0,,
20260715_佐世保_9R,20260715,佐世保,9,7,014754,横関 裕樹,岐 阜,38,99,S2,S2,両,,102.51,17.0,34.0,55.0,0,0,9,1,0,0,14,,
20260715_佐世保_10R,20260715,佐世保,10,1,015320,那須 萌美,宮 崎,35,114,L1,L1,両,,55.88,44.0,72.0,80.0,0,3,11,4,0,0,4,,
20260715_佐世保_10R,20260715,佐世保,10,2,015069,細田 愛未,埼 玉,31,108,L1,L1,両,,52.76,4.0,52.0,66.0,1,1,0,9,4,2,0,,
20260715_佐世保_10R,20260715,佐世保,10,3,015220,鈴木 美教,静 岡,31,112,L1,L1,両,,52.2,20.0,44.0,60.0,5,1,2,3,6,5,2,,
20260715_佐世保_10R,20260715,佐世保,10,4,015224,太田 美穂,三 重,29,112,L1,L1,両,,52.96,11.0,51.0,59.0,7,5,0,2,11,7,2,,
20260715_佐世保_10R,20260715,佐世保,10,5,015863,磯村 光舞,山 口,21,126,L1,L1,両,,52.57,9.0,47.0,57.0,1,2,3,4,8,6,7,,
20260715_佐世保_10R,20260715,佐世保,10,6,015074,島田 優里,長 崎,31,108,L1,L1,追,,49.16,5.0,22.0,33.0,0,1,0,3,0,0,0,,
20260715_佐世保_10R,20260715,佐世保,10,7,014900,小林 莉子,東 京,33,102,L1,L1,両,,56.62,51.0,70.0,88.0,0,4,11,4,2,0,2,,
20260715_佐世保_11R,20260715,佐世保,11,1,015842,松本 定,福 岡,30,125,A1,A2,逃,,94.2,62.0,83.0,87.0,13,7,0,0,20,14,3,,
20260715_佐世保_11R,20260715,佐世保,11,2,015433,山本 勝利,東 京,28,117,A1,S2,逃,,99.57,11.0,19.0,38.0,2,2,1,0,9,9,6,,
20260715_佐世保_11R,20260715,佐世保,11,3,015817,梅澤 忠秀,三 重,25,125,A1,A2,逃,,91.11,27.0,61.0,72.0,9,2,0,0,13,12,12,,
20260715_佐世保_11R,20260715,佐世保,11,4,015835,藤井 優希,山 口,27,125,A1,A2,逃,,90.23,42.0,57.0,71.0,9,3,0,0,14,16,2,,
20260715_佐世保_11R,20260715,佐世保,11,5,015060,滝本 泰行,岡 山,30,107,A1,A1,両,,90.74,14.0,48.0,70.0,0,0,7,6,0,0,13,,
20260715_佐世保_11R,20260715,佐世保,11,6,015294,小原 亮哉,大 分,36,113,A1,A1,追,,86.66,20.0,36.0,50.0,0,1,8,2,0,0,13,,
20260715_佐世保_11R,20260715,佐世保,11,7,014455,小野 裕次,千 葉,38,95,A1,A1,追,,90.29,25.0,41.0,66.0,0,0,7,3,0,0,11,,
20260715_佐世保_12R,20260715,佐世保,12,1,014956,小川 賢人,福 岡,41,103,S1,A1,両,,94.08,16.0,41.0,62.0,1,4,3,2,1,1,3,,
20260715_佐世保_12R,20260715,佐世保,12,2,015169,野口 裕史,千 葉,43,111,S2,S1,逃,,100.2,20.0,31.0,40.0,9,2,0,0,19,21,0,,
20260715_佐世保_12R,20260715,佐世保,12,3,014940,谷口 遼平,三 重,32,103,S1,S1,逃,,108.3,30.0,38.0,46.0,5,0,4,1,7,6,8,,
20260715_佐世保_12R,20260715,佐世保,12,4,014358,須永 優太,福 島,38,94,S1,S1,追,,104.82,16.0,29.0,37.0,0,0,5,2,0,0,0,,
20260715_佐世保_12R,20260715,佐世保,12,5,015252,河合 佑弥,東 京,31,113,S2,S2,逃,,100.66,6.0,31.0,43.0,2,3,0,0,4,2,1,,
20260715_佐世保_12R,20260715,佐世保,12,6,015113,酒井 拳蔵,大 阪,30,109,S2,A1,両,,89.75,33.0,41.0,41.0,1,4,5,0,3,3,9,,
20260715_佐世保_12R,20260715,佐世保,12,7,014020,松坂 洋平,神奈川,43,89,S1,S1,両,,105.69,3.0,37.0,55.0,0,0,5,5,0,0,3,,
20260715_取手_1R,20260715,取手,1,1,014218,邊見 斎,福 島,41,92,A3,A3,追,,72.18,3.0,18.0,51.0,0,0,2,3,0,0,16,,
20260715_取手_1R,20260715,取手,1,2,014948,斎藤 敦,大 阪,39,103,A3,A3,逃,,71.27,5.0,16.0,33.0,1,0,1,1,5,5,1,,
20260715_取手_1R,20260715,取手,1,3,012986,近藤 直幹,徳 島,52,75,A3,A3,追,,70.13,2.0,24.0,48.0,0,0,4,5,0,0,17,,
20260715_取手_1R,20260715,取手,1,4,015549,阿部 龍也,山 口,33,119,A3,A3,逃,,67.75,16.0,29.0,41.0,5,0,1,1,10,11,6,,
20260715_取手_1R,20260715,取手,1,5,014027,臼井 昌巨,愛 知,42,89,A3,A2,両,,79.27,5.0,11.0,22.0,0,0,1,1,0,2,3,,
20260715_取手_1R,20260715,取手,1,6,013526,三澤 勝成,宮 城,49,83,A3,A3,追,,67.61,0.0,5.0,27.0,0,0,0,1,0,0,1,,
20260715_取手_1R,20260715,取手,1,7,015960,阿部 蒼大,秋 田,20,129,A3,A3,逃,,73.88,0.0,44.0,55.0,0,1,3,0,1,0,0,,
20260715_取手_2R,20260715,取手,2,1,015732,宮道 良輔,徳 島,23,123,A3,A2,逃,,80.4,18.0,33.0,33.0,7,0,2,0,7,10,0,,
20260715_取手_2R,20260715,取手,2,2,012827,光岡 義洋,愛 知,52,73,A3,A3,追,,69.9,4.0,17.0,39.0,0,0,3,1,0,0,3,,
20260715_取手_2R,20260715,取手,2,3,011142,小林 宏年,静 岡,60,55,A3,A3,追,,67.44,0.0,10.0,31.0,0,0,0,2,0,0,1,,
20260715_取手_2R,20260715,取手,2,4,013359,吉田 彰久,香 川,52,80,A3,A2,追,,80.86,3.0,13.0,33.0,0,0,2,2,0,0,6,,
20260715_取手_2R,20260715,取手,2,5,015994,林 欣司,岐 阜,28,129,A3,A3,逃,,69.44,11.0,11.0,11.0,1,0,0,0,1,1,0,,
20260715_取手_2R,20260715,取手,2,6,012537,取鳥 敬一,岡 山,54,69,A3,A3,追,,66.18,3.0,14.0,22.0,0,1,1,2,0,0,0,,
20260715_取手_2R,20260715,取手,2,7,013261,柴田 昌樹,愛 知,50,79,A3,A3,追,,68.1,3.0,16.0,30.0,0,0,2,3,1,1,3,,
20260715_取手_3R,20260715,取手,3,1,013210,川本 恵二,兵 庫,51,78,A3,A3,追,,70.48,14.0,25.0,37.0,0,0,4,3,0,0,1,,
20260715_取手_3R,20260715,取手,3,2,014046,秋山 貴宏,佐 賀,44,89,A3,A2,両,,79.94,5.0,22.0,33.0,0,1,2,1,0,0,0,,
20260715_取手_3R,20260715,取手,3,3,013080,阿部 利光,宮 城,51,77,A3,A3,追,,68.15,3.0,7.0,38.0,0,0,2,0,1,0,2,,
20260715_取手_3R,20260715,取手,3,4,013366,加藤 昌平,福 岡,50,80,A3,A3,追,,75.55,18.0,59.0,74.0,0,0,10,6,0,0,5,,
20260715_取手_3R,20260715,取手,3,5,015996,白井 輝,石 川,24,129,A3,A3,逃,,72.0,0.0,22.0,22.0,2,0,0,0,3,2,1,,
20260715_取手_3R,20260715,取手,3,6,013402,沼川 夢久,群 馬,51,81,A3,A3,追,,67.44,3.0,11.0,25.0,0,0,2,1,0,0,0,,
20260715_取手_3R,20260715,取手,3,7,014986,三浦 綾,宮 城,34,105,A3,A3,逃,,68.09,4.0,4.0,14.0,0,1,0,0,5,6,0,,
20260715_取手_4R,20260715,取手,4,1,015290,真崎 章徳,佐 賀,30,113,A3,A3,逃,,70.25,14.0,29.0,40.0,1,4,2,1,5,3,1,,
20260715_取手_4R,20260715,取手,4,2,012795,黒田 充,栃 木,52,73,A3,A3,追,,69.35,5.0,23.0,35.0,0,0,1,3,0,0,1,,
20260715_取手_4R,20260715,取手,4,3,013847,小林 大能,千 葉,46,87,A3,A3,追,,68.0,6.0,27.0,42.0,1,0,2,6,1,0,6,,
20260715_取手_4R,20260715,取手,4,4,015978,中西 将太郎,東 京,28,129,A3,A3,逃,,74.75,16.0,33.0,50.0,3,0,1,0,3,5,1,,
20260715_取手_4R,20260715,取手,4,5,014120,永田 修一,熊 本,45,90,A3,A2,追,,78.85,4.0,19.0,23.0,0,0,2,2,0,0,0,,
20260715_取手_4R,20260715,取手,4,6,014382,伊藤 翼,神奈川,40,94,A3,A3,両,,67.5,21.0,25.0,25.0,5,2,1,0,6,5,1,,
20260715_取手_4R,20260715,取手,4,7,013408,川村 昭弘,新 潟,51,81,A3,A2,追,,80.5,0.0,20.0,37.0,0,0,1,4,1,0,0,,
20260715_取手_5R,20260715,取手,5,1,013184,相樂 修,千 葉,53,78,A3,A2,両,,81.5,7.0,21.0,35.0,0,0,2,1,0,0,1,,
20260715_取手_5R,20260715,取手,5,2,014802,渡邉 正人,福 島,35,100,A3,A3,逃,,69.13,17.0,21.0,30.0,0,3,1,1,5,4,3,,
20260715_取手_5R,20260715,取手,5,3,012550,荒木 真慈,熊 本,54,69,A3,A2,追,,79.95,4.0,20.0,33.0,0,0,2,3,0,0,2,,
20260715_取手_5R,20260715,取手,5,4,013030,梶山 大輔,神奈川,51,76,A3,A3,追,,68.05,0.0,5.0,21.0,0,0,1,0,0,0,0,,
20260715_取手_5R,20260715,取手,5,5,014349,佐藤 純嘉,青 森,43,94,A3,A3,追,,70.95,0.0,23.0,38.0,0,0,0,5,0,0,6,,
20260715_取手_5R,20260715,取手,5,6,011367,石川 一浩,静 岡,59,57,A3,A3,追,,67.5,3.0,10.0,36.0,0,0,2,1,0,0,1,,
20260715_取手_5R,20260715,取手,5,7,015936,下山 聖斗,鹿児島,25,127,A3,A3,逃,,78.29,55.0,77.0,81.0,9,12,0,0,14,11,11,,
20260715_取手_6R,20260715,取手,6,1,014287,齋藤 昌太,栃 木,39,93,A3,A3,追,,70.62,8.0,25.0,33.0,0,0,4,2,0,0,3,,
20260715_取手_6R,20260715,取手,6,2,013767,松丸 裕紀,福 岡,45,86,A3,A3,追,,69.11,0.0,14.0,32.0,0,0,1,3,1,1,3,,
20260715_取手_6R,20260715,取手,6,3,015991,坂井 央雅,岐 阜,19,129,A3,A3,逃,,76.75,33.0,58.0,66.0,1,2,2,2,1,2,0,,
20260715_取手_6R,20260715,取手,6,4,012725,浦山 一栄,東 京,54,72,A3,A3,両,,69.93,9.0,25.0,38.0,2,1,4,1,8,10,3,,
20260715_取手_6R,20260715,取手,6,5,014154,長岡 豪,群 馬,43,91,A3,A3,追,,68.38,0.0,3.0,26.0,0,0,0,1,1,0,2,,
20260715_取手_6R,20260715,取手,6,6,014416,矢田 晋,福 岡,48,94,A3,A3,両,,66.87,0.0,16.0,20.0,1,2,0,1,3,3,6,,
20260715_取手_6R,20260715,取手,6,7,014699,小川 大地,愛 知,35,98,A3,A2,追,,81.14,14.0,33.0,37.0,0,0,5,4,0,0,9,,
20260715_取手_7R,20260715,取手,7,1,014443,堀内 昇,茨 城,38,95,A3,A3,両,,70.22,7.0,29.0,40.0,3,0,3,2,5,5,6,,
20260715_取手_7R,20260715,取手,7,2,013651,井山 和裕,山 口,47,84,A3,A3,追,,72.55,10.0,20.0,60.0,0,0,1,1,0,0,0,,
20260715_取手_7R,20260715,取手,7,3,015968,渡邉 拓,栃 木,27,129,A3,A3,逃,,77.41,50.0,58.0,66.0,3,3,0,1,5,2,0,,
20260715_取手_7R,20260715,取手,7,4,015367,南 蓮,和歌山,27,115,A3,A3,追,,67.19,0.0,0.0,19.0,0,0,0,0,1,2,0,,
20260715_取手_7R,20260715,取手,7,5,011993,深井 高志,東 京,57,63,A3,A3,追,,69.44,22.0,33.0,44.0,0,0,6,0,0,0,0,,
20260715_取手_7R,20260715,取手,7,6,014855,東 隆之,宮 崎,39,100,A3,A3,追,,65.93,0.0,0.0,0.0,0,0,0,0,0,0,0,,
20260715_取手_7R,20260715,取手,7,7,015062,大室 翔,岡 山,34,107,A3,A3,逃,,71.45,13.0,26.0,52.0,2,3,0,1,2,3,1,,
20260715_京王閣_1R,20260715,京王閣,1,1,014093,窪田 陽介,滋 賀,41,90,A3,A2,追,,79.1,0.0,4.0,19.0,0,0,1,0,0,0,7,,
20260715_京王閣_1R,20260715,京王閣,1,2,012287,西川 弘資,三 重,57,66,A3,A3,追,,72.66,0.0,33.0,50.0,0,0,0,2,0,0,2,,
20260715_京王閣_1R,20260715,京王閣,1,3,015708,山口 直樹,神奈川,30,123,A3,A3,逃,,72.0,20.0,46.0,53.0,4,3,0,0,6,5,1,,
20260715_京王閣_1R,20260715,京王閣,1,4,014516,村松 俊弥,山 梨,39,96,A3,A3,追,,70.71,9.0,28.0,52.0,0,0,3,3,0,1,11,,
20260715_京王閣_1R,20260715,京王閣,1,5,013324,市川 博章,静 岡,49,80,A3,A3,追,,69.37,0.0,16.0,37.0,0,0,2,2,0,0,5,,
20260715_京王閣_1R,20260715,京王閣,1,6,015425,藤野 竜也,栃 木,26,117,A3,A3,追,,67.78,14.0,14.0,28.0,0,0,2,0,1,0,1,,
20260715_京王閣_1R,20260715,京王閣,1,7,014429,千澤 大輔,青 森,38,95,A3,A3,追,,66.77,11.0,14.0,22.0,0,0,3,1,0,0,2,,
20260715_京王閣_2R,20260715,京王閣,2,1,014496,天沼 雅貴,埼 玉,42,96,A3,A2,追,,78.15,0.0,0.0,7.0,0,0,0,0,1,0,0,,
20260715_京王閣_2R,20260715,京王閣,2,2,011712,金田 健一郎,大 阪,59,60,A3,A2,追,,77.62,0.0,7.0,22.0,0,0,0,2,0,0,1,,
20260715_京王閣_2R,20260715,京王閣,2,3,015998,木曽田 晃大,京 都,25,129,A3,A3,逃,,71.66,0.0,0.0,16.0,0,0,0,0,0,1,0,,
20260715_京王閣_2R,20260715,京王閣,2,4,012883,大沼 孝行,静 岡,51,74,A3,A3,逃,,69.29,4.0,20.0,28.0,4,0,0,1,4,5,3,,
20260715_京王閣_2R,20260715,京王閣,2,5,013244,小林 高志,東 京,53,79,A3,A3,追,,68.04,0.0,12.0,24.0,0,0,1,2,0,0,1,,
20260715_京王閣_2R,20260715,京王閣,2,6,013454,関戸 努,宮 城,51,82,A3,A3,追,,67.45,0.0,16.0,37.0,0,0,2,2,0,0,7,,
20260715_京王閣_2R,20260715,京王閣,2,7,013678,菊池 崇訓,栃 木,49,85,A3,A3,追,,66.26,0.0,4.0,17.0,0,0,0,1,0,0,9,,
20260715_京王閣_3R,20260715,京王閣,3,1,014158,本間 慎吾,新 潟,39,91,A3,A2,追,,83.09,0.0,4.0,38.0,0,0,1,0,0,0,0,,
20260715_京王閣_3R,20260715,京王閣,3,2,015177,森川 康輔,岐 阜,29,111,A3,A1,両,,79.66,8.0,8.0,25.0,0,0,1,0,1,0,2,,
20260715_京王閣_3R,20260715,京王閣,3,3,014810,小川 辰徳,埼 玉,38,100,A3,A2,両,,75.43,0.0,8.0,13.0,1,0,0,1,6,7,3,,
20260715_京王閣_3R,20260715,京王閣,3,4,013255,安坂 洋一,神奈川,50,79,A3,A3,追,,69.16,0.0,3.0,25.0,0,0,0,1,0,0,0,,
20260715_京王閣_3R,20260715,京王閣,3,5,012005,藤田 和彦,神奈川,56,63,A3,A3,追,,69.09,6.0,12.0,38.0,0,0,3,1,0,0,0,,
20260715_京王閣_3R,20260715,京王閣,3,6,013470,畠山 裕行,神奈川,48,82,A3,A3,追,,68.6,0.0,8.0,20.0,0,0,0,2,0,0,0,,
20260715_京王閣_3R,20260715,京王閣,3,7,013781,服部 正継,岐 阜,47,86,A3,A3,追,,66.17,0.0,5.0,23.0,0,0,0,1,0,0,3,,
20260715_京王閣_4R,20260715,京王閣,4,1,013555,台 和紀,埼 玉,49,83,A1,A2,追,,87.4,22.0,33.0,48.0,0,0,8,1,0,0,1,,
20260715_京王閣_4R,20260715,京王閣,4,2,012336,高谷 雅彦,青 森,54,67,A2,A1,両,,85.87,12.0,29.0,45.0,0,2,4,1,1,1,4,,
20260715_京王閣_4R,20260715,京王閣,4,3,014087,高橋 隆太,静 岡,43,90,A2,A2,追,,85.0,0.0,0.0,25.0,0,0,0,0,0,0,0,,
20260715_京王閣_4R,20260715,京王閣,4,4,014220,山崎 悟,茨 城,41,92,A2,A2,追,,83.03,0.0,17.0,28.0,0,0,1,4,0,0,7,,
20260715_京王閣_4R,20260715,京王閣,4,5,014366,阿久津 浩之,東 京,42,94,A2,A1,逃,,80.56,6.0,13.0,26.0,3,0,1,0,8,10,2,,
20260715_京王閣_4R,20260715,京王閣,4,6,014753,山田 純也,岐 阜,37,99,A2,A2,両,,77.37,0.0,0.0,4.0,0,0,0,0,4,3,1,,
20260715_京王閣_4R,20260715,京王閣,4,7,015112,日浦 崇道,和歌山,35,109,A2,A3,逃,,68.47,9.0,33.0,47.0,7,0,0,0,10,11,0,,
20260715_京王閣_5R,20260715,京王閣,5,1,014527,飯田 憲司,静 岡,43,96,A1,S2,両,,93.4,4.0,8.0,12.0,0,0,2,0,0,0,0,,
20260715_京王閣_5R,20260715,京王閣,5,2,014347,外崎 一成,北海道,39,94,A2,A2,追,,83.56,12.0,20.0,48.0,0,1,4,0,0,0,4,,
20260715_京王閣_5R,20260715,京王閣,5,3,015456,安藤 直希,京 都,28,117,A2,A1,逃,,82.6,14.0,28.0,47.0,4,1,1,0,11,12,0,,
20260715_京王閣_5R,20260715,京王閣,5,4,013580,河村 章憲,京 都,49,83,A2,A2,追,,81.68,0.0,13.0,31.0,0,0,1,3,0,0,3,,
20260715_京王閣_5R,20260715,京王閣,5,5,014520,伊藤 彰規,神奈川,36,96,A2,A2,両,,80.37,4.0,8.0,28.0,1,0,1,0,2,2,0,,
20260715_京王閣_5R,20260715,京王閣,5,6,013925,黒田 篤,栃 木,46,88,A2,A2,追,,79.2,0.0,0.0,16.0,0,0,0,0,0,0,1,,
20260715_京王閣_5R,20260715,京王閣,5,7,013629,福森 慎太郎,千 葉,49,84,A2,A3,逃,,71.75,31.0,43.0,62.0,5,2,0,0,8,7,1,,
20260715_京王閣_6R,20260715,京王閣,6,1,015350,山本 修平,東 京,30,115,A2,A1,逃,,88.58,16.0,41.0,58.0,3,2,5,0,7,9,1,,
20260715_京王閣_6R,20260715,京王閣,6,2,015811,水谷 亮太,愛 知,29,125,A2,A2,逃,,88.55,11.0,40.0,62.0,6,4,0,1,14,12,12,,
20260715_京王閣_6R,20260715,京王閣,6,3,015189,山本 隼人,大 阪,28,111,A2,A1,追,,87.44,5.0,36.0,47.0,0,0,2,5,0,0,10,,
20260715_京王閣_6R,20260715,京王閣,6,4,012679,坂上 忠克,石 川,52,71,A1,A1,追,,86.46,7.0,33.0,51.0,0,0,3,6,0,0,4,,
20260715_京王閣_6R,20260715,京王閣,6,5,013482,松崎 貴久,富 山,52,82,A2,A1,追,,85.3,16.0,33.0,60.0,0,0,9,1,1,1,4,,
20260715_京王閣_6R,20260715,京王閣,6,6,014674,丹波 孝佑,大 阪,38,98,A1,A1,逃,,83.8,12.0,37.0,37.0,6,0,0,0,6,8,1,,
20260715_京王閣_6R,20260715,京王閣,6,7,015880,吉岡 優太,茨 城,24,127,A2,A2,逃,,81.5,72.0,83.0,94.0,7,8,0,0,11,7,5,,
20260715_京王閣_7R,20260715,京王閣,7,1,015809,高野 信元,愛 知,27,125,A1,A2,逃,,91.41,45.0,75.0,79.0,11,6,1,0,17,14,3,,
20260715_京王閣_7R,20260715,京王閣,7,2,013311,根本 雄紀,茨 城,49,80,A1,A1,追,,87.92,14.0,22.0,51.0,0,0,5,1,0,0,0,,
20260715_京王閣_7R,20260715,京王閣,7,3,015526,梅田 加津也,神奈川,32,119,A1,A1,逃,,86.33,22.0,29.0,48.0,3,3,2,0,13,15,11,,
20260715_京王閣_7R,20260715,京王閣,7,4,014302,武田 憲祐,神奈川,43,93,A1,A1,追,,85.13,3.0,24.0,55.0,0,0,1,6,0,0,8,,
20260715_京王閣_7R,20260715,京王閣,7,5,014354,大島 将人,福 島,37,94,A1,A1,追,,84.4,8.0,21.0,34.0,0,0,4,1,0,0,9,,
20260715_京王閣_7R,20260715,京王閣,7,6,013041,三浦 稔希,愛 知,50,76,A1,A1,追,,84.34,0.0,25.0,33.0,0,0,2,4,0,0,7,,
20260715_京王閣_7R,20260715,京王閣,7,7,013333,小西 誠也,三 重,50,80,A2,A2,追,,82.33,4.0,9.0,38.0,0,0,1,1,0,0,0,,
20260715_京王閣_8R,20260715,京王閣,8,1,014829,桜井 雄太,愛 知,34,100,A3,A2,逃,,81.53,25.0,35.0,50.0,7,1,2,0,8,8,0,,
20260715_京王閣_8R,20260715,京王閣,8,2,015874,角田 吏,福 島,23,127,A3,A3,逃,,77.48,51.0,70.0,81.0,8,10,0,1,12,9,7,,
20260715_京王閣_8R,20260715,京王閣,8,3,015975,小笠原 匠海,東 京,26,129,A3,A3,逃,,77.44,33.0,55.0,77.0,2,2,1,0,4,5,5,,
20260715_京王閣_8R,20260715,京王閣,8,4,014434,山崎 功也,宮 城,37,95,A3,A3,追,,73.83,0.0,50.0,61.0,0,0,2,7,0,0,4,,
20260715_京王閣_8R,20260715,京王閣,8,5,015997,片岡 遼真,福 井,23,129,A3,A3,逃,,70.33,0.0,11.0,22.0,0,1,0,0,2,0,0,,
20260715_京王閣_8R,20260715,京王閣,8,6,013998,桂馬 将人,福 島,44,89,A3,A3,両,,68.7,8.0,25.0,37.0,0,3,1,2,1,0,0,,
20260715_京王閣_8R,20260715,京王閣,8,7,015965,篠原 輝利,茨 城,23,129,A3,A3,逃,,0.0,0.0,0.0,0.0,0,0,0,0,0,0,0,,
20260715_京王閣_9R,20260715,京王閣,9,1,015365,古賀 勝大,和歌山,35,115,A1,S2,両,,98.48,22.0,37.0,44.0,0,5,4,1,1,1,8,,
20260715_京王閣_9R,20260715,京王閣,9,2,012785,小橋 明紀,青 森,53,73,A1,S2,追,,93.27,0.0,0.0,13.0,0,0,0,0,0,0,1,,
20260715_京王閣_9R,20260715,京王閣,9,3,015689,菊地 圭,宮 城,25,123,A1,A1,逃,,92.95,20.0,41.0,62.0,6,4,0,0,18,14,10,,
20260715_京王閣_9R,20260715,京王閣,9,4,014510,菅谷 隆司,東 京,41,96,A1,A1,両,,91.81,17.0,35.0,52.0,0,1,4,1,0,0,6,,
20260715_京王閣_9R,20260715,京王閣,9,5,015796,川田 真也,埼 玉,25,125,A1,A2,逃,,90.0,29.0,55.0,59.0,11,4,0,0,17,18,10,,
20260715_京王閣_9R,20260715,京王閣,9,6,013308,木村 貴宏,茨 城,49,80,A1,A2,追,,86.95,4.0,14.0,42.0,0,0,2,1,0,0,11,,
20260715_京王閣_9R,20260715,京王閣,9,7,015159,坂本 拓也,福 島,40,111,A1,A1,両,,86.44,28.0,28.0,60.0,0,2,5,0,5,5,7,,
20260715_岸和田_1R,20260715,岸和田,1,1,014289,羽石 国臣,栃 木,51,93,A3,A3,追,,68.9,9.0,14.0,28.0,0,0,2,1,0,0,1,,
20260715_岸和田_1R,20260715,岸和田,1,2,013861,岡田 大門,愛 知,45,87,A3,A3,両,,68.12,12.0,16.0,24.0,1,1,1,1,4,3,6,,
20260715_岸和田_1R,20260715,岸和田,1,3,014202,島田 茂希,北海道,40,92,A3,A3,逃,,72.0,16.0,50.0,66.0,2,1,0,0,5,4,1,,
20260715_岸和田_1R,20260715,岸和田,1,4,012530,池上 孝之,兵 庫,54,69,A3,A3,追,,67.86,0.0,4.0,36.0,0,0,1,0,0,0,0,,
20260715_岸和田_1R,20260715,岸和田,1,5,014064,吉松 賢二,群 馬,40,90,A3,A3,両,,71.87,21.0,42.0,57.0,9,1,1,3,17,16,4,,
20260715_岸和田_1R,20260715,岸和田,1,6,011792,木下 章,長 野,58,61,A3,A3,両,,67.31,0.0,5.0,15.0,0,0,0,1,0,1,1,,
20260715_岸和田_1R,20260715,岸和田,1,7,012671,滝川 秀嗣,愛 知,53,71,A3,A3,追,,68.4,0.0,0.0,30.0,0,0,0,0,0,0,0,,
20260715_岸和田_2R,20260715,岸和田,2,1,012893,吉野 猛,愛 知,53,74,A3,A3,追,,69.5,0.0,16.0,41.0,0,0,2,0,0,0,0,,
20260715_岸和田_2R,20260715,岸和田,2,2,014254,武田 和也,奈 良,38,92,A3,A3,両,,72.44,7.0,44.0,59.0,4,1,2,5,6,7,17,,
20260715_岸和田_2R,20260715,岸和田,2,3,013320,村上 順規,新 潟,49,80,A3,A3,追,,67.59,7.0,22.0,29.0,0,2,3,1,0,0,0,,
20260715_岸和田_2R,20260715,岸和田,2,4,015355,磯村 蓮太,愛 知,29,115,A3,A3,逃,,69.46,6.0,31.0,37.0,1,1,2,1,4,6,6,,
20260715_岸和田_2R,20260715,岸和田,2,5,013788,白崎 芳典,福 井,49,86,A3,A3,追,,69.35,3.0,14.0,32.0,0,0,1,3,0,1,3,,
20260715_岸和田_2R,20260715,岸和田,2,6,014667,藤本 龍也,長 野,42,98,A3,A3,両,,67.27,0.0,9.0,18.0,1,0,0,0,3,3,0,,
20260715_岸和田_2R,20260715,岸和田,2,7,015188,浜田 翔平,大 阪,37,111,A3,A3,逃,,67.86,18.0,25.0,25.0,0,1,2,1,2,2,0,,
20260715_岸和田_3R,20260715,岸和田,3,1,012656,柴田 健,神奈川,55,71,A3,A3,追,,71.93,6.0,31.0,50.0,0,0,2,3,0,0,1,,
20260715_岸和田_3R,20260715,岸和田,3,2,015542,中嶋 樹,大 阪,24,119,A3,A3,逃,,69.7,26.0,40.0,43.0,7,4,1,0,8,11,0,,
20260715_岸和田_3R,20260715,岸和田,3,3,011622,杉山 正和,三 重,59,59,A3,A3,追,,71.41,16.0,33.0,58.0,0,0,2,2,0,0,4,,
20260715_岸和田_3R,20260715,岸和田,3,4,013206,岡崎 和久,奈 良,50,78,A3,A2,追,,80.53,0.0,13.0,20.0,0,0,0,2,0,0,0,,
20260715_岸和田_3R,20260715,岸和田,3,5,013796,陶器 一馬,大 阪,47,86,A3,A3,追,,69.78,4.0,21.0,39.0,0,0,2,3,0,0,2,,
20260715_岸和田_3R,20260715,岸和田,3,6,011346,野崎 修一,栃 木,63,57,A3,A3,追,,67.87,11.0,11.0,29.0,0,0,2,0,0,0,0,,
20260715_岸和田_3R,20260715,岸和田,3,7,015105,大崎 龍一郎,奈 良,33,109,A3,A3,両,,68.64,13.0,20.0,26.0,0,1,2,0,0,0,0,,
20260715_岸和田_4R,20260715,岸和田,4,1,015190,大中 拓磨,兵 庫,37,111,A3,A3,逃,,73.18,15.0,42.0,69.0,5,3,2,4,12,15,14,,
20260715_岸和田_4R,20260715,岸和田,4,2,015983,大村 涼兼,神奈川,30,129,A3,A3,逃,,69.66,0.0,0.0,0.0,0,0,0,0,3,2,0,,
20260715_岸和田_4R,20260715,岸和田,4,3,015964,柳沼 鼓太朗,福 島,23,129,A3,A3,逃,,76.11,22.0,33.0,55.0,0,1,1,1,0,1,1,,
20260715_岸和田_4R,20260715,岸和田,4,4,015720,山元 大夢,石 川,26,123,A3,A2,両,,83.2,12.0,24.0,44.0,4,1,1,0,7,7,2,,
20260715_岸和田_4R,20260715,岸和田,4,5,012439,河合 康晴,静 岡,56,68,A3,A2,追,,77.8,0.0,4.0,22.0,0,0,0,1,0,0,1,,
20260715_岸和田_4R,20260715,岸和田,4,6,014430,橋本 祐司,青 森,41,95,A3,A3,追,,66.87,12.0,25.0,35.0,0,0,6,2,1,2,0,,
20260715_岸和田_4R,20260715,岸和田,4,7,016001,高橋 奏多,大 阪,19,129,A3,A3,逃,,78.0,33.0,33.0,66.0,1,1,0,0,2,1,2,,
20260715_岸和田_5R,20260715,岸和田,5,1,016038,仲井 リコ,岐 阜,20,130,L1,L1,両,,44.08,0.0,8.0,8.0,0,0,0,1,0,0,0,,
20260715_岸和田_5R,20260715,岸和田,5,2,015940,千葉 捺美,群 馬,31,128,L1,L1,両,,50.88,0.0,11.0,55.0,0,0,0,1,0,0,3,,
20260715_岸和田_5R,20260715,岸和田,5,3,015585,山本 さくら,愛 知,25,120,L1,L1,両,,48.6,10.0,20.0,33.0,2,3,0,1,9,14,12,,
20260715_岸和田_5R,20260715,岸和田,5,4,015316,川田 ひな,香 川,27,114,L1,L1,追,,46.22,0.0,0.0,11.0,0,0,0,0,0,0,0,,
20260715_岸和田_5R,20260715,岸和田,5,5,015399,高木 佑真,神奈川,27,116,L1,L1,両,,50.63,4.0,21.0,47.0,0,2,1,2,1,2,2,,
20260715_岸和田_5R,20260715,岸和田,5,6,014925,大和 久保美,青 森,34,102,L1,L1,追,,46.16,0.0,4.0,4.0,0,0,0,1,0,0,1,,
20260715_岸和田_5R,20260715,岸和田,5,7,015145,大谷 杏奈,大 阪,29,110,L1,L1,両,,0.0,0.0,0.0,0.0,0,0,0,0,0,0,0,,
20260715_岸和田_6R,20260715,岸和田,6,1,015769,松井 優佳,大 阪,27,124,L1,L1,両,,55.33,37.0,66.0,79.0,4,8,4,0,6,7,3,,
20260715_岸和田_6R,20260715,岸和田,6,2,015485,青木 美保,埼 玉,28,118,L1,L1,両,,54.25,12.0,45.0,70.0,2,4,4,1,7,6,0,,
20260715_岸和田_6R,20260715,岸和田,6,3,015957,成海 綾香,沖 縄,25,128,L1,L1,両,,47.37,0.0,0.0,6.0,0,0,0,0,0,3,2,,
20260715_岸和田_6R,20260715,岸和田,6,4,015765,竹野 百香,三 重,23,124,L1,L1,両,,55.86,43.0,56.0,68.0,5,1,2,1,9,8,0,,
20260715_岸和田_6R,20260715,岸和田,6,5,015027,長澤 彩,福 岡,38,106,L1,L1,両,,50.14,4.0,14.0,33.0,0,0,1,2,1,3,3,,
20260715_岸和田_6R,20260715,岸和田,6,6,015408,高尾 貴美歌,長 崎,26,116,L1,L1,両,,54.08,29.0,62.0,83.0,0,3,8,4,1,1,0,,
20260715_岸和田_6R,20260715,岸和田,6,7,015666,畠山 ひすい,神奈川,24,122,L1,L1,逃,,54.64,48.0,60.0,80.0,7,6,2,0,16,11,5,,
20260715_岸和田_7R,20260715,岸和田,7,1,013575,渡会 啓介,愛 知,49,83,A2,A2,追,,83.51,3.0,14.0,40.0,0,0,2,2,0,0,2,,
20260715_岸和田_7R,20260715,岸和田,7,2,014223,瀧野 勝太,群 馬,39,92,A2,A2,追,,83.48,14.0,25.0,37.0,0,1,3,3,1,0,3,,
20260715_岸和田_7R,20260715,岸和田,7,3,014438,緑川 修平,福 島,42,95,A2,A2,逃,,83.0,19.0,29.0,38.0,1,7,0,1,1,1,0,,
20260715_岸和田_7R,20260715,岸和田,7,4,012960,水書 義弘,千 葉,52,75,A2,A1,追,,82.52,8.0,8.0,34.0,0,0,2,0,0,0,0,,
20260715_岸和田_7R,20260715,岸和田,7,5,013761,新井 剛央,埼 玉,48,86,A2,A2,追,,80.47,0.0,4.0,14.0,0,0,1,0,0,0,2,,
20260715_岸和田_7R,20260715,岸和田,7,6,015910,土生 智徳,大 阪,29,127,A2,A3,逃,,77.75,48.0,66.0,72.0,16,6,0,0,18,17,2,,
20260715_岸和田_7R,20260715,岸和田,7,7,014734,長沼 謙太,東 京,37,99,A1,A1,追,,83.09,23.0,38.0,47.0,1,0,5,2,1,1,2,,
20260715_岸和田_8R,20260715,岸和田,8,1,015455,枠元 一葵,福 井,26,117,A2,A2,逃,,82.83,16.0,25.0,41.0,4,2,0,0,12,18,1,,
20260715_岸和田_8R,20260715,岸和田,8,2,014528,落合 達彦,静 岡,39,96,A1,A1,追,,90.75,16.0,33.0,33.0,0,0,1,1,0,0,0,,
20260715_岸和田_8R,20260715,岸和田,8,3,014598,岡崎 祥伍,岐 阜,37,97,A2,A2,追,,81.77,11.0,11.0,22.0,0,0,1,0,0,0,0,,
20260715_岸和田_8R,20260715,岸和田,8,4,012823,遠藤 勝行,静 岡,51,73,A2,A2,追,,83.45,8.0,20.0,29.0,0,0,2,3,0,0,2,,
20260715_岸和田_8R,20260715,岸和田,8,5,015623,野崎 翼,岐 阜,28,121,A2,A1,両,,82.8,12.0,24.0,28.0,3,2,1,0,7,10,9,,
20260715_岸和田_8R,20260715,岸和田,8,6,014713,鈴木 裕斗,宮 城,35,99,A2,A3,両,,67.53,6.0,6.0,20.0,1,0,0,0,3,5,6,,
20260715_岸和田_8R,20260715,岸和田,8,7,015594,金田 涼馬,神奈川,28,119,A2,A1,逃,,89.73,26.0,53.0,56.0,10,4,2,0,17,17,17,,
20260715_岸和田_9R,20260715,岸和田,9,1,014161,藤田 大輔,千 葉,41,91,A1,A1,追,,88.55,18.0,37.0,55.0,0,1,6,3,0,0,3,,
20260715_岸和田_9R,20260715,岸和田,9,2,013483,宮越 孝治,富 山,47,82,A1,S2,追,,94.86,3.0,6.0,16.0,0,0,2,0,0,1,6,,
20260715_岸和田_9R,20260715,岸和田,9,3,014003,須賀 和彦,茨 城,41,89,A2,A2,追,,85.75,8.0,29.0,37.0,0,0,4,3,2,1,2,,
20260715_岸和田_9R,20260715,岸和田,9,4,015635,藤岡 徹也,兵 庫,38,121,A1,A1,両,,85.23,14.0,33.0,52.0,0,2,3,2,1,1,1,,
20260715_岸和田_9R,20260715,岸和田,9,5,013042,渡邊 健,愛 知,53,76,A1,A1,追,,88.64,11.0,34.0,50.0,0,0,5,4,0,0,5,,
20260715_岸和田_9R,20260715,岸和田,9,6,014012,関 智晴,新 潟,42,89,A2,A2,追,,79.9,0.0,9.0,19.0,0,0,1,1,0,0,4,,
20260715_岸和田_9R,20260715,岸和田,9,7,015234,八嶋 稔真,神奈川,30,113,A1,A2,逃,,84.76,26.0,34.0,46.0,4,3,0,2,8,12,1,,
20260715_岸和田_10R,20260715,岸和田,10,1,014230,山田 義彦,埼 玉,40,92,A1,A1,両,,86.62,5.0,27.0,38.0,0,2,2,1,1,0,0,,
20260715_岸和田_10R,20260715,岸和田,10,2,015783,吉田 優斗,岩 手,26,125,A1,A2,逃,,89.0,28.0,57.0,76.0,9,3,0,0,11,13,1,,
20260715_岸和田_10R,20260715,岸和田,10,3,014402,泉谷 直哉,兵 庫,43,94,A2,A1,追,,85.21,14.0,28.0,35.0,0,0,6,2,0,0,2,,
20260715_岸和田_10R,20260715,岸和田,10,4,015705,鳥海 創,千 葉,24,123,A2,A2,逃,,82.77,22.0,27.0,44.0,5,0,0,0,7,8,1,,
20260715_岸和田_10R,20260715,岸和田,10,5,011907,島野 浩司,愛 知,57,62,A1,A1,追,,87.88,16.0,44.0,55.0,0,0,4,4,0,0,2,,
20260715_岸和田_10R,20260715,岸和田,10,6,013857,浅沼 聖士,静 岡,44,87,A2,A2,追,,81.2,0.0,4.0,25.0,0,0,1,0,0,1,3,,
20260715_岸和田_10R,20260715,岸和田,10,7,014570,松澤 敬輔,北海道,38,97,A1,A2,両,,91.11,14.0,66.0,74.0,0,3,5,10,1,0,5,,
20260715_岸和田_11R,20260715,岸和田,11,1,015460,仲野 結音,大 阪,26,117,A1,A1,逃,,96.09,63.0,72.0,86.0,0,14,2,0,5,1,3,,
20260715_岸和田_11R,20260715,岸和田,11,2,014460,矢口 大樹,千 葉,37,95,A1,A1,両,,91.33,23.0,52.0,57.0,5,5,0,1,11,10,2,,
20260715_岸和田_11R,20260715,岸和田,11,3,014807,福田 拓也,栃 木,34,100,A1,A1,追,,91.66,33.0,52.0,61.0,0,4,4,3,2,2,1,,
20260715_岸和田_11R,20260715,岸和田,11,4,015338,土田 栄二,茨 城,30,115,A1,A1,逃,,89.08,25.0,62.0,75.0,13,0,2,0,16,18,10,,
20260715_岸和田_11R,20260715,岸和田,11,5,015508,菅野 航基,宮 城,25,119,A1,S2,逃,,96.85,10.0,21.0,25.0,2,0,2,2,7,13,3,,
20260715_岸和田_11R,20260715,岸和田,11,6,014859,小林 申太,茨 城,43,101,A2,A1,両,,85.91,29.0,37.0,50.0,4,2,3,0,9,9,2,,
20260715_岸和田_11R,20260715,岸和田,11,7,015254,鈴木 輝大,東 京,31,113,A1,S2,追,,99.8,24.0,28.0,36.0,0,1,6,0,0,0,2,,
20260715_広島_1R,20260715,広島,1,1,015669,河内 桜雪,群 馬,23,122,L1,L1,追,,53.08,4.0,40.0,76.0,0,0,4,6,0,0,2,,
20260715_広島_1R,20260715,広島,1,2,015394,三森 彩桜,福 島,26,116,L1,L1,追,,51.95,0.0,28.0,66.0,0,0,0,6,0,0,0,,
20260715_広島_1R,20260715,広島,1,3,014910,篠崎 新純,千 葉,41,102,L1,L1,両,,49.19,0.0,19.0,38.0,0,1,0,3,3,3,9,,
20260715_広島_1R,20260715,広島,1,4,015776,高本 美穂,熊 本,23,124,L1,L1,追,,48.29,2.0,5.0,17.0,1,0,1,0,6,6,6,,
20260715_広島_1R,20260715,広島,1,5,015496,布居 光,和歌山,26,118,L1,L1,両,,47.33,0.0,8.0,20.0,0,0,1,1,2,1,4,,
20260715_広島_1R,20260715,広島,1,6,015757,戸邉 香奈実,茨 城,32,124,L1,L1,両,,47.0,0.0,0.0,13.0,0,0,0,0,0,0,2,,
20260715_広島_1R,20260715,広島,1,7,015489,保立 沙織,神奈川,42,118,L1,L1,両,,45.11,0.0,0.0,0.0,0,0,0,0,0,1,0,,
20260715_広島_2R,20260715,広島,2,1,013654,滝山 実,徳 島,49,84,A2,A1,追,,83.66,0.0,20.0,25.0,0,0,3,2,0,0,1,,
20260715_広島_2R,20260715,広島,2,2,014707,飯塚 直人,佐 賀,35,98,A2,A2,両,,83.45,9.0,18.0,31.0,0,0,3,1,0,0,2,,
20260715_広島_2R,20260715,広島,2,3,013736,榊原 洋,岡 山,48,85,A2,A2,追,,82.55,3.0,11.0,22.0,0,0,2,1,0,0,12,,
20260715_広島_2R,20260715,広島,2,4,014845,表原 周,徳 島,35,100,A1,A1,追,,81.28,0.0,14.0,28.0,1,0,0,0,1,0,0,,
20260715_広島_2R,20260715,広島,2,5,014133,高橋 紀史,佐 賀,39,91,A2,A2,追,,80.0,3.0,7.0,11.0,0,0,2,0,0,0,1,,
20260715_広島_2R,20260715,広島,2,6,013893,片山 直人,福 岡,44,87,A2,A2,両,,76.92,0.0,0.0,3.0,0,0,0,0,6,7,0,,
20260715_広島_2R,20260715,広島,2,7,012850,渡邉 満,福 岡,53,73,A2,A3,追,,74.61,16.0,33.0,44.0,0,0,4,2,0,0,2,,
20260715_広島_3R,20260715,広島,3,1,014321,石坂 永伍,岡 山,39,93,A1,A1,両,,85.43,16.0,30.0,33.0,0,1,6,2,2,0,0,,
20260715_広島_3R,20260715,広島,3,2,013056,山本 貴章,岡 山,51,76,A2,A2,追,,82.0,4.0,17.0,26.0,0,0,2,2,0,0,0,,
20260715_広島_3R,20260715,広島,3,3,012379,小林 健,岡 山,55,67,A2,A2,追,,81.86,3.0,17.0,31.0,0,0,3,2,0,0,1,,
20260715_広島_3R,20260715,広島,3,4,014891,小岩 哲也,大 分,40,101,A2,A2,両,,80.31,0.0,8.0,26.0,0,0,2,0,0,0,0,,
20260715_広島_3R,20260715,広島,3,5,014171,深見 仁哉,愛 知,43,91,A2,A2,追,,79.85,0.0,14.0,18.0,0,0,2,2,1,1,1,,
20260715_広島_3R,20260715,広島,3,6,014755,奥出 健士郎,福 井,37,99,A2,A2,追,,79.66,7.0,7.0,14.0,0,1,1,0,1,1,0,,
20260715_広島_3R,20260715,広島,3,7,014533,加藤 正法,愛 知,37,96,A2,A3,追,,68.12,4.0,20.0,37.0,0,1,2,2,0,0,1,,
20260715_広島_4R,20260715,広島,4,1,015382,竹元 健竜,福 岡,28,115,A2,S2,両,,90.5,0.0,0.0,0.0,0,0,0,0,0,1,0,,
20260715_広島_4R,20260715,広島,4,2,012466,郡 英治,広 島,56,68,A2,A2,追,,81.61,0.0,23.0,46.0,0,0,0,3,0,0,1,,
20260715_広島_4R,20260715,広島,4,3,012992,吉良 勝信,福 岡,52,75,A2,A2,追,,81.26,4.0,13.0,26.0,0,0,3,0,0,0,4,,
20260715_広島_4R,20260715,広島,4,4,014789,茅野 寛史,鹿児島,47,99,A1,A1,追,,81.0,9.0,9.0,18.0,0,0,1,0,0,0,3,,
20260715_広島_4R,20260715,広島,4,5,013142,黒田 大介,愛 媛,52,77,A2,A2,追,,79.18,0.0,0.0,13.0,0,0,0,0,0,0,0,,
20260715_広島_4R,20260715,広島,4,6,015915,柏野 健吾,岡 山,23,127,A2,A3,逃,,69.89,13.0,36.0,36.0,11,3,0,0,22,24,1,,
20260715_広島_4R,20260715,広島,4,7,014331,栗田 貴徳,愛 媛,43,93,A1,S2,追,,0.0,0.0,0.0,0.0,0,0,0,0,0,0,0,,
20260715_広島_5R,20260715,広島,5,1,013447,坂本 晃輝,佐 賀,47,81,A1,A1,追,,89.75,20.0,45.0,62.0,0,0,9,2,0,0,4,,
20260715_広島_5R,20260715,広島,5,2,014952,多田 晃紀,岡 山,33,103,A1,A1,逃,,88.5,33.0,41.0,58.0,3,5,2,0,9,12,0,,
20260715_広島_5R,20260715,広島,5,3,014422,前田 義和,鹿児島,42,94,A1,A1,逃,,87.31,23.0,28.0,33.0,3,3,0,0,8,8,0,,
20260715_広島_5R,20260715,広島,5,4,013594,高田 真幸,福 岡,48,83,A1,A2,両,,82.2,13.0,13.0,24.0,0,3,1,0,0,1,0,,
20260715_広島_5R,20260715,広島,5,5,014474,山崎 晃,石 川,40,95,A2,A2,両,,82.04,17.0,21.0,43.0,4,0,1,0,9,10,0,,
20260715_広島_5R,20260715,広島,5,6,014494,山崎 翼,大 分,37,95,A1,A2,逃,,78.66,14.0,14.0,14.0,0,3,0,0,3,0,0,,
20260715_広島_5R,20260715,広島,5,7,012532,西郷 剛,兵 庫,57,69,A2,A3,追,,73.77,7.0,33.0,51.0,0,0,3,6,0,0,1,,
20260715_広島_6R,20260715,広島,6,1,015565,入江 航太,熊 本,24,119,A2,A2,逃,,88.42,19.0,42.0,61.0,2,2,2,3,3,0,10,,
20260715_広島_6R,20260715,広島,6,2,014333,阿部 兼士,福 岡,42,93,A1,A2,追,,87.76,20.0,52.0,64.0,0,0,7,6,0,0,13,,
20260715_広島_6R,20260715,広島,6,3,014185,隅 貴史,山 口,45,91,A1,A2,追,,86.66,19.0,38.0,57.0,0,0,5,3,0,0,9,,
20260715_広島_6R,20260715,広島,6,4,014305,大谷 靖茂,愛 知,44,93,A1,A2,逃,,85.92,14.0,29.0,40.0,3,2,2,1,6,4,0,,
20260715_広島_6R,20260715,広島,6,5,015920,吉野 太晟,岡 山,24,127,A2,A2,逃,,82.92,55.0,66.0,77.0,15,3,0,0,20,16,13,,
20260715_広島_6R,20260715,広島,6,6,013047,田中 俊充,福 井,50,76,A1,A1,追,,82.64,0.0,11.0,38.0,0,0,0,2,0,0,0,,
20260715_広島_6R,20260715,広島,6,7,013155,四元 慎也,宮 崎,50,77,A2,A2,追,,80.75,0.0,4.0,29.0,0,0,0,1,0,0,0,,
20260715_広島_7R,20260715,広島,7,1,015741,堀川 敬太郎,福 岡,24,123,A1,S2,逃,,94.62,3.0,10.0,20.0,0,1,1,1,6,7,8,,
20260715_広島_7R,20260715,広島,7,2,012598,大庭 正紀,富 山,56,70,A1,A1,追,,86.41,12.0,25.0,45.0,0,0,4,2,0,0,1,,
20260715_広島_7R,20260715,広島,7,3,014556,小川 祐司,愛 媛,44,96,A2,A2,両,,86.29,18.0,37.0,40.0,5,4,1,0,11,9,2,,
20260715_広島_7R,20260715,広島,7,4,012326,國武 耕二,佐 賀,56,66,A2,A2,追,,86.04,4.0,16.0,45.0,0,0,1,3,0,0,1,,
20260715_広島_7R,20260715,広島,7,5,014359,関根 彰人,沖 縄,38,94,A2,A2,追,,82.29,4.0,12.0,29.0,0,0,2,1,0,0,2,,
20260715_広島_7R,20260715,広島,7,6,012474,小川 圭二,徳 島,55,68,A1,A1,追,,82.09,9.0,14.0,28.0,0,0,2,1,0,0,0,,
20260715_広島_7R,20260715,広島,7,7,015828,秋末 蓮,兵 庫,25,125,A2,A3,逃,,79.07,59.0,81.0,88.0,14,8,0,0,19,17,15,,
20260715_広島_8R,20260715,広島,8,1,015080,児玉 碧衣,福 岡,31,108,L1,L1,逃,,58.05,77.0,83.0,94.0,7,8,0,0,15,5,0,,
20260715_広島_8R,20260715,広島,8,2,015308,當銘 直美,愛 知,30,114,L1,L1,両,,53.96,18.0,48.0,62.0,1,3,5,4,3,0,4,,
20260715_広島_8R,20260715,広島,8,3,015406,吉岡 詩織,広 島,31,116,L1,L1,両,,53.8,28.0,64.0,72.0,8,6,1,1,11,8,0,,
20260715_広島_8R,20260715,広島,8,4,015020,奥井 迪,東 京,44,106,L1,L1,逃,,53.2,12.0,44.0,64.0,3,4,0,4,12,12,5,,
20260715_広島_8R,20260715,広島,8,5,015762,高橋 美沙紀,愛 知,35,124,L1,L1,両,,51.12,12.0,33.0,50.0,1,4,2,1,9,7,4,,
20260715_広島_8R,20260715,広島,8,6,015321,比嘉 真梨代,沖 縄,37,114,L1,L1,追,,50.37,11.0,14.0,37.0,0,1,2,1,1,1,17,,
20260715_広島_8R,20260715,広島,8,7,015490,杉浦 菜留,愛 知,25,118,L1,L1,両,,50.22,7.0,22.0,25.0,0,2,1,3,1,1,1,,
20260715_広島_9R,20260715,広島,9,1,015446,林 敬宏,愛 知,34,117,A1,S2,逃,,97.38,6.0,16.0,29.0,1,3,0,1,7,10,1,,
20260715_広島_9R,20260715,広島,9,2,015830,細中 翔太,岡 山,27,125,A1,A2,逃,,92.0,40.0,60.0,80.0,9,2,1,0,12,10,5,,
20260715_広島_9R,20260715,広島,9,3,013650,吉本 哲郎,広 島,46,84,A1,A1,両,,90.71,14.0,38.0,57.0,0,0,4,4,1,2,3,,
20260715_広島_9R,20260715,広島,9,4,015377,蒋野 翔太,徳 島,31,115,A1,A1,逃,,90.52,19.0,33.0,42.0,1,1,3,2,2,2,2,,
20260715_広島_9R,20260715,広島,9,5,013058,富 弥昭,山 口,54,76,A1,A1,追,,89.94,27.0,44.0,66.0,0,1,5,2,0,0,1,,
20260715_広島_9R,20260715,広島,9,6,012757,市本 隆司,広 島,54,72,A2,A2,両,,87.75,20.0,29.0,50.0,0,1,5,1,0,0,3,,
20260715_広島_9R,20260715,広島,9,7,012924,太田黒 大心,熊 本,51,74,A2,A1,追,,83.5,0.0,9.0,38.0,0,0,1,1,0,0,4,,
20260715_熊本_1R,20260715,熊本,1,1,014006,青木 亮太,群 馬,43,89,A3,A3,追,,70.8,0.0,10.0,35.0,0,0,1,1,0,0,0,,
20260715_熊本_1R,20260715,熊本,1,2,013331,橋本 大祐,岐 阜,49,80,A3,A3,追,,70.77,0.0,27.0,50.0,0,0,1,5,0,1,1,,
20260715_熊本_1R,20260715,熊本,1,3,012299,増成 富夫,岡 山,55,66,A3,A3,逃,,70.18,22.0,40.0,48.0,4,3,3,1,5,8,0,,
20260715_熊本_1R,20260715,熊本,1,4,014015,米倉 剛志,千 葉,43,89,A3,A3,逃,,71.35,17.0,35.0,58.0,4,1,0,1,7,5,4,,
20260715_熊本_1R,20260715,熊本,1,5,014705,沢田 勇治,山 口,37,98,A3,A2,両,,77.5,0.0,6.0,13.0,0,0,0,2,0,1,3,,
20260715_熊本_1R,20260715,熊本,1,6,014213,岡田 哲夫,福 島,43,92,A3,A3,追,,67.18,0.0,17.0,23.0,0,0,1,2,0,0,3,,
20260715_熊本_1R,20260715,熊本,1,7,014840,石貞 有基,兵 庫,40,100,A3,A2,両,,79.77,7.0,14.0,25.0,0,0,2,2,0,0,7,,
20260715_熊本_2R,20260715,熊本,2,1,014257,岡崎 克政,岡 山,41,92,A3,A3,逃,,71.62,27.0,35.0,48.0,11,2,0,0,24,26,1,,
20260715_熊本_2R,20260715,熊本,2,2,015295,篠田 樹,大 分,29,113,A3,A3,逃,,68.9,13.0,36.0,53.0,8,1,1,1,12,13,7,,
20260715_熊本_2R,20260715,熊本,2,3,012966,石川 英昭,静 岡,55,75,A3,A3,追,,68.85,7.0,25.0,44.0,0,0,5,2,1,0,2,,
20260715_熊本_2R,20260715,熊本,2,4,014652,原 清孝,沖 縄,49,98,A3,A2,両,,76.45,8.0,12.0,12.0,1,1,1,0,1,1,0,,
20260715_熊本_2R,20260715,熊本,2,5,012876,湯浅 弘光,千 葉,53,74,A3,A3,追,,73.7,20.0,37.0,58.0,0,0,7,2,0,0,1,,
20260715_熊本_2R,20260715,熊本,2,6,013105,松本 一成,新 潟,51,77,A3,A3,逃,,67.4,9.0,21.0,40.0,4,3,0,0,6,7,5,,
20260715_熊本_2R,20260715,熊本,2,7,013061,小磯 知也,徳 島,52,76,A3,A2,追,,78.16,8.0,12.0,12.0,0,0,3,0,0,0,2,,
20260715_熊本_3R,20260715,熊本,3,1,015368,井坂 泰誓,大 阪,32,115,A3,A3,両,,72.66,26.0,43.0,56.0,3,8,1,1,3,5,7,,
20260715_熊本_3R,20260715,熊本,3,2,014072,伊藤 之人,東 京,43,90,A3,A3,両,,72.35,18.0,40.0,53.0,0,0,9,4,1,4,9,,
20260715_熊本_3R,20260715,熊本,3,3,014880,野見 泰要,岡 山,44,101,A3,A3,逃,,71.28,26.0,42.0,60.0,15,3,1,0,25,23,5,,
20260715_熊本_3R,20260715,熊本,3,4,013776,小塚 潤,愛 知,47,86,A3,A3,追,,71.45,12.0,25.0,45.0,0,1,3,2,0,0,0,,
20260715_熊本_3R,20260715,熊本,3,5,011790,廣川 貞治,東 京,58,61,A3,A3,追,,68.19,3.0,9.0,29.0,0,0,2,1,0,0,0,,
20260715_熊本_3R,20260715,熊本,3,6,013531,伊藤 司,福 島,48,83,A3,A3,逃,,66.93,9.0,22.0,29.0,4,0,2,1,4,7,0,,
20260715_熊本_3R,20260715,熊本,3,7,011427,川口 秀人,徳 島,60,57,A3,A2,追,,72.2,0.0,0.0,0.0,0,0,0,0,0,0,0,,
20260715_熊本_4R,20260715,熊本,4,1,012910,塩川 真一郎,広 島,51,74,A3,A2,追,,82.6,0.0,6.0,26.0,0,0,0,1,0,0,0,,
20260715_熊本_4R,20260715,熊本,4,2,014069,渡邊 政幸,埼 玉,43,90,A3,A2,追,,78.55,0.0,3.0,18.0,0,0,0,1,0,0,4,,
20260715_熊本_4R,20260715,熊本,4,3,013728,伊狩 知人,奈 良,48,85,A3,A3,追,,70.41,0.0,20.0,45.0,0,0,2,3,0,0,9,,
20260715_熊本_4R,20260715,熊本,4,4,015739,楠本 政明,福 岡,30,123,A3,A3,逃,,71.11,16.0,22.0,38.0,2,2,0,0,9,8,2,,
20260715_熊本_4R,20260715,熊本,4,5,015990,児玉 東次郎,岐 阜,19,129,A3,A3,逃,,72.22,11.0,22.0,33.0,1,1,0,0,3,4,7,,
20260715_熊本_4R,20260715,熊本,4,6,014388,水野 悟志,静 岡,42,94,A3,A3,追,,68.62,0.0,12.0,29.0,0,0,2,1,0,0,0,,
20260715_熊本_4R,20260715,熊本,4,7,014780,古川 大輔,広 島,42,99,A3,A3,両,,73.61,19.0,47.0,66.0,4,3,2,1,6,4,3,,
20260715_熊本_5R,20260715,熊本,5,1,015935,佐藤 魁皇,熊 本,23,127,A3,A3,逃,,77.61,47.0,71.0,85.0,10,2,2,1,13,11,11,,
20260715_熊本_5R,20260715,熊本,5,2,013421,富澤 洋祐,静 岡,50,81,A3,A3,追,,70.03,7.0,19.0,42.0,0,0,4,1,0,0,0,,
20260715_熊本_5R,20260715,熊本,5,3,014610,山村 慮太,大 阪,39,97,A3,A3,両,,73.4,26.0,40.0,66.0,0,1,9,2,0,1,3,,
20260715_熊本_5R,20260715,熊本,5,4,015989,松木 一将,愛 知,33,129,A3,A3,逃,,70.44,0.0,11.0,44.0,1,0,0,0,2,2,2,,
20260715_熊本_5R,20260715,熊本,5,5,014578,大越 啓介,栃 木,37,97,A3,A2,追,,80.06,12.0,25.0,41.0,0,0,4,4,0,0,0,,
20260715_熊本_5R,20260715,熊本,5,6,015160,牧田 賢也,福 島,29,111,A3,A3,逃,,65.7,5.0,5.0,11.0,0,1,0,0,1,1,3,,
20260715_熊本_5R,20260715,熊本,5,7,014274,吉成 晃一,熊 本,40,92,A3,A3,両,,68.74,9.0,12.0,38.0,1,1,1,1,3,0,1,,
20260715_熊本_6R,20260715,熊本,6,1,014425,前川 裕希,北海道,49,95,A3,A3,追,,69.28,0.0,13.0,36.0,0,0,2,1,0,0,5,,
20260715_熊本_6R,20260715,熊本,6,2,015482,松本 一志,宮 崎,30,117,A3,A2,逃,,79.43,13.0,23.0,33.0,5,2,0,0,13,10,3,,
20260715_熊本_6R,20260715,熊本,6,3,015164,菱沼 元樹,埼 玉,31,111,A3,A3,逃,,73.79,17.0,41.0,55.0,7,4,0,1,17,15,1,,
20260715_熊本_6R,20260715,熊本,6,4,014360,関根 崇人,福 島,39,94,A3,A3,両,,72.22,4.0,27.0,54.0,0,0,3,3,0,1,3,,
20260715_熊本_6R,20260715,熊本,6,5,012248,中井 大介,福 岡,56,65,A3,A2,追,,80.69,15.0,15.0,30.0,0,0,2,0,0,0,0,,
20260715_熊本_6R,20260715,熊本,6,6,013212,岡田 浩太,岡 山,50,78,A3,A3,追,,65.9,0.0,9.0,14.0,0,0,1,1,0,0,1,,
20260715_熊本_6R,20260715,熊本,6,7,012586,佐藤 和典,神奈川,55,70,A3,A2,追,,82.58,12.0,12.0,33.0,0,0,3,0,0,0,3,,
20260715_熊本_7R,20260715,熊本,7,1,016020,飯田 怜治,熊 本,26,129,A3,A3,逃,,73.91,16.0,25.0,50.0,0,2,1,0,0,0,2,,
20260715_熊本_7R,20260715,熊本,7,2,015523,邊見 祐太,新 潟,30,119,A3,A3,逃,,77.33,48.0,70.0,81.0,11,4,3,1,18,14,5,,
20260715_熊本_7R,20260715,熊本,7,3,016018,田中 衛太,長 崎,20,129,A3,A3,逃,,76.58,41.0,58.0,66.0,1,4,0,2,3,1,1,,
20260715_熊本_7R,20260715,熊本,7,4,016019,沢田 桂太郎,大 分,28,129,A3,A3,逃,,78.41,25.0,66.0,83.0,1,4,3,0,1,2,6,,
20260715_熊本_7R,20260715,熊本,7,5,015890,中 秀平,神奈川,27,127,A3,A3,逃,,74.0,23.0,46.0,66.0,11,2,1,0,15,18,19,,
20260715_熊本_7R,20260715,熊本,7,6,016004,松本 悠平,高 知,23,129,A3,A3,逃,,72.33,0.0,14.0,42.0,0,0,1,0,1,0,1,,
20260715_熊本_7R,20260715,熊本,7,7,014342,南部 亮太,長 崎,41,93,A3,A2,追,,83.38,11.0,22.0,38.0,0,0,2,2,0,0,4,,
